{"type":"FeatureCollection","features":[{"type":"Feature","properties":{"iso":"AD","name":"Andorra"},"geometry":{"type":"Polygon","coordinates":[[[1.539,42.437],[1.464,42.44],[1.447,42.461],[1.443,42.604],[1.535,42.653],[1.786,42.574],[1.726,42.504],[1.539,42.437]]]}},{"type":"Feature","properties":{"iso":"AE","name":"United Arab Emirates"},"geometry":{"type":"Polygon","coordinates":[[[56.112,24.744],[55.993,24.871],[56.052,24.932],[56.007,24.989],[55.824,24.921],[55.769,24.546],[55.833,24.348],[55.77,24.251],[55.948,24.214],[56.01,24.079],[55.498,23.948],[55.569,23.635],[55.238,23.114],[55.208,22.708],[55.131,22.629],[52.59,22.938],[51.591,24.123],[51.62,24.267],[51.743,24.237],[51.835,24.017],[52.033,23.965],[52.316,24.01],[52.608,24.169],[53.633,24.058],[53.982,24.106],[54.183,24.316],[54.415,24.301],[54.376,24.493],[54.568,24.472],[54.712,24.783],[55.099,25.065],[55.519,25.516],[55.916,25.776],[56.086,26.051],[56.183,25.989],[56.146,25.818],[56.214,25.614],[56.369,25.529],[56.374,24.98],[56.112,24.744]],[[56.245,25.316],[56.251,25.238],[56.343,25.275],[56.349,25.304],[56.245,25.316]]]}},{"type":"Feature","properties":{"iso":"AF","name":"Afghanistan"},"geometry":{"type":"Polygon","coordinates":[[[71.674,36.684],[71.849,36.693],[72.3,36.965],[72.658,37.03],[72.815,37.22],[73.321,37.459],[73.746,37.435],[73.758,37.347],[73.657,37.274],[73.742,37.235],[74.356,37.415],[74.714,37.385],[74.89,37.234],[74.506,37.236],[74.526,36.972],[74.433,37.002],[74.119,36.846],[73.851,36.917],[72.641,36.844],[72.233,36.731],[71.825,36.496],[71.805,36.414],[71.654,36.468],[71.218,36.053],[71.532,35.734],[71.638,35.442],[71.563,35.301],[71.659,35.202],[71.03,34.546],[71.162,34.345],[71.071,34.076],[70.53,33.944],[69.916,34.027],[69.88,33.911],[69.988,33.754],[70.151,33.696],[70.305,33.353],[69.993,33.137],[69.52,33.035],[69.41,32.774],[69.432,32.644],[69.251,32.462],[69.304,31.93],[68.991,31.633],[68.825,31.616],[68.592,31.814],[68.403,31.756],[68.172,31.812],[67.99,31.655],[67.593,31.509],[67.622,31.426],[67.775,31.385],[67.749,31.327],[67.306,31.206],[66.96,31.302],[66.75,31.204],[66.606,31.006],[66.382,30.897],[66.253,30.078],[66.349,29.963],[66.228,29.848],[65.09,29.539],[64.519,29.572],[64.24,29.504],[64.105,29.388],[63.557,29.484],[62.465,29.395],[60.873,29.858],[61.793,30.829],[61.835,31.043],[61.698,31.374],[60.859,31.498],[60.817,31.85],[60.877,32.211],[60.591,33.121],[60.934,33.512],[60.644,33.56],[60.485,34.082],[60.683,34.298],[60.89,34.316],[60.753,34.519],[60.994,34.641],[61.135,35.089],[61.099,35.255],[61.181,35.299],[61.274,35.605],[61.602,35.436],[62.059,35.432],[62.269,35.285],[62.31,35.141],[62.482,35.273],[62.641,35.222],[63.098,35.43],[63.104,35.62],[63.239,35.69],[63.126,35.856],[64.06,36.008],[64.079,36.116],[64.574,36.35],[64.626,36.651],[64.791,36.92],[64.774,37.119],[65.108,37.241],[65.53,37.244],[65.711,37.532],[66.315,37.327],[66.956,37.392],[67.266,37.192],[67.508,37.275],[67.703,37.225],[68.03,36.94],[68.929,37.317],[69.303,37.116],[69.422,37.211],[69.385,37.408],[69.519,37.564],[69.901,37.608],[70.172,37.547],[70.293,37.713],[70.193,37.918],[70.493,38.13],[70.695,38.407],[70.983,38.473],[71.359,38.249],[71.282,37.927],[71.585,37.899],[71.441,37.069],[71.674,36.684]]]}},{"type":"Feature","properties":{"iso":"AL","name":"Albania"},"geometry":{"type":"Polygon","coordinates":[[[20.076,42.556],[20.19,42.47],[20.259,42.334],[20.366,42.307],[20.515,42.21],[20.608,41.959],[20.594,41.877],[20.563,41.846],[20.567,41.8],[20.52,41.721],[20.558,41.582],[20.466,41.546],[20.553,41.405],[20.502,41.317],[20.598,41.092],[20.672,41.074],[20.74,40.915],[20.794,40.903],[20.838,40.928],[20.954,40.913],[20.98,40.856],[20.971,40.765],[21.047,40.678],[21.056,40.617],[20.949,40.477],[20.855,40.475],[20.797,40.426],[20.779,40.349],[20.722,40.283],[20.677,40.108],[20.613,40.08],[20.443,40.067],[20.387,40.001],[20.324,39.985],[20.407,39.851],[20.391,39.788],[20.302,39.813],[20.297,39.765],[20.316,39.727],[20.277,39.704],[20.262,39.677],[20.229,39.679],[20.219,39.649],[20.127,39.658],[20.031,39.697],[20.009,39.691],[20.004,39.853],[19.862,40.026],[19.503,40.202],[19.377,40.311],[19.328,40.4],[19.369,40.402],[19.449,40.339],[19.482,40.43],[19.319,40.645],[19.367,40.734],[19.375,40.829],[19.465,40.963],[19.442,41.001],[19.447,41.142],[19.518,41.269],[19.43,41.331],[19.423,41.378],[19.504,41.489],[19.47,41.569],[19.557,41.578],[19.596,41.789],[19.52,41.84],[19.373,41.844],[19.357,41.944],[19.385,42.094],[19.305,42.193],[19.634,42.599],[19.74,42.646],[19.766,42.605],[19.763,42.518],[19.827,42.47],[20.076,42.556]]]}},{"type":"Feature","properties":{"iso":"AM","name":"Armenia"},"geometry":{"type":"MultiPolygon","coordinates":[[[[45.129,41.199],[45.182,41.153],[45.086,41.108],[45.091,41.071],[45.143,41.089],[45.214,41.035],[45.214,41.011],[45.181,40.994],[45.214,40.967],[45.247,40.982],[45.251,41.018],[45.396,41.02],[45.57,40.893],[45.559,40.826],[45.384,40.696],[45.379,40.634],[45.482,40.486],[45.652,40.374],[45.913,40.289],[45.957,40.229],[45.856,40.026],[45.808,40.012],[45.655,40.03],[45.637,39.998],[45.787,39.927],[45.843,39.838],[45.998,39.769],[46.183,39.61],[46.355,39.629],[46.547,39.56],[46.509,39.482],[46.404,39.414],[46.439,39.359],[46.516,39.321],[46.578,39.228],[46.551,39.188],[46.457,39.168],[46.537,39.046],[46.546,38.878],[46.349,38.91],[46.141,38.845],[46.099,39.019],[46.005,39.181],[46.0,39.276],[45.81,39.38],[45.831,39.481],[45.809,39.551],[45.76,39.591],[45.704,39.6],[45.471,39.508],[45.288,39.602],[45.214,39.599],[45.173,39.697],[45.092,39.771],[44.768,39.714],[44.601,39.829],[44.484,39.962],[44.319,40.033],[43.929,40.019],[43.675,40.101],[43.654,40.13],[43.706,40.175],[43.591,40.466],[43.731,40.652],[43.746,40.749],[43.671,40.917],[43.47,41.057],[43.455,41.095],[43.474,41.123],[43.675,41.134],[43.749,41.116],[43.862,41.163],[44.145,41.192],[44.198,41.242],[44.467,41.188],[44.58,41.198],[44.635,41.239],[44.805,41.218],[44.823,41.289],[44.941,41.26],[45.013,41.297],[45.026,41.213],[45.04,41.201],[45.129,41.199]],[[45.033,41.092],[44.971,41.074],[45.016,41.024],[45.063,41.038],[45.033,41.092]],[[44.961,39.823],[44.903,39.827],[44.927,39.768],[44.941,39.77],[44.961,39.823]]],[[[45.481,40.657],[45.512,40.674],[45.541,40.661],[45.544,40.626],[45.482,40.59],[45.47,40.596],[45.481,40.657]]]]}},{"type":"Feature","properties":{"iso":"AT","name":"Austria"},"geometry":{"type":"Polygon","coordinates":[[[15.542,48.908],[15.754,48.852],[15.848,48.861],[16.075,48.756],[16.307,48.734],[16.394,48.744],[16.475,48.801],[16.563,48.801],[16.708,48.734],[16.884,48.71],[16.94,48.617],[16.95,48.536],[16.851,48.439],[16.856,48.353],[16.946,48.261],[16.976,48.172],[17.067,48.119],[17.077,48.038],[17.161,48.007],[17.109,47.975],[17.095,47.903],[17.034,47.86],[17.063,47.811],[17.057,47.708],[16.906,47.689],[16.861,47.71],[16.77,47.683],[16.71,47.733],[16.605,47.756],[16.422,47.665],[16.655,47.611],[16.702,47.539],[16.646,47.447],[16.472,47.401],[16.434,47.353],[16.481,47.285],[16.436,47.194],[16.519,47.134],[16.474,47.093],[16.498,47.06],[16.472,47.002],[16.295,46.998],[16.114,46.869],[15.996,46.835],[16.008,46.681],[15.786,46.707],[15.65,46.706],[15.498,46.618],[15.402,46.654],[15.065,46.652],[14.875,46.602],[14.813,46.515],[14.725,46.497],[14.675,46.451],[14.597,46.428],[14.565,46.372],[14.526,46.415],[14.435,46.443],[14.168,46.44],[14.102,46.479],[13.915,46.516],[13.714,46.523],[13.504,46.566],[13.257,46.553],[13.14,46.593],[12.731,46.634],[12.691,46.657],[12.478,46.68],[12.293,46.789],[12.275,46.874],[12.156,46.916],[12.132,47.009],[12.241,47.069],[12.136,47.081],[11.751,46.976],[11.627,47.013],[11.546,46.989],[11.482,47.003],[11.411,46.971],[11.328,46.99],[11.164,46.966],[11.006,46.769],[10.812,46.782],[10.665,46.869],[10.47,46.855],[10.478,46.936],[10.376,46.995],[10.246,46.922],[10.219,46.868],[10.145,46.851],[10.088,46.849],[9.881,46.942],[9.871,47.014],[9.607,47.061],[9.621,47.152],[9.531,47.271],[9.609,47.355],[9.653,47.376],[9.651,47.429],[9.578,47.482],[9.559,47.542],[9.697,47.531],[9.794,47.583],[9.86,47.539],[9.968,47.546],[10.0,47.483],[10.084,47.448],[10.102,47.367],[10.198,47.384],[10.218,47.355],[10.178,47.27],[10.31,47.302],[10.383,47.355],[10.468,47.437],[10.44,47.508],[10.454,47.556],[10.553,47.537],[10.637,47.565],[10.787,47.52],[10.886,47.537],[10.884,47.484],[10.958,47.449],[10.991,47.396],[11.208,47.431],[11.265,47.404],[11.333,47.444],[11.421,47.445],[11.396,47.472],[11.41,47.495],[11.559,47.515],[11.633,47.592],[11.829,47.586],[12.061,47.619],[12.195,47.617],[12.172,47.695],[12.253,47.724],[12.264,47.685],[12.338,47.697],[12.429,47.689],[12.505,47.63],[12.575,47.632],[12.614,47.671],[12.696,47.682],[12.79,47.631],[12.804,47.559],[12.919,47.495],[13.008,47.472],[13.046,47.521],[13.084,47.669],[13.028,47.714],[12.918,47.722],[12.995,47.855],[12.939,47.936],[12.876,47.963],[12.86,47.997],[12.752,48.113],[12.876,48.197],[12.945,48.207],[13.037,48.261],[13.177,48.294],[13.277,48.302],[13.402,48.371],[13.45,48.505],[13.438,48.549],[13.513,48.591],[13.727,48.513],[13.819,48.613],[13.796,48.714],[13.84,48.772],[14.008,48.7],[14.042,48.66],[14.026,48.637],[14.092,48.594],[14.334,48.559],[14.472,48.636],[14.691,48.584],[14.733,48.687],[14.817,48.772],[14.966,48.773],[15.007,49.012],[15.124,48.996],[15.19,48.951],[15.361,48.979],[15.542,48.908]]]}},{"type":"Feature","properties":{"iso":"CG","name":"Congo"},"geometry":{"type":"Polygon","coordinates":[[[17.852,0.958],[17.947,0.414],[17.76,0.0],[13.939,0.0],[13.95,0.314],[14.121,0.532],[14.347,0.618],[14.469,0.819],[14.284,1.31],[13.847,1.419],[13.2,1.243],[13.242,1.375],[13.147,1.681],[13.299,2.171],[14.574,2.203],[14.927,2.004],[15.218,2.029],[15.348,1.921],[15.486,1.97],[15.739,1.915],[16.016,1.758],[16.054,1.66],[16.145,1.716],[16.059,1.984],[16.086,2.167],[16.192,2.221],[16.514,2.836],[16.512,3.165],[16.669,3.536],[17.035,3.525],[17.484,3.698],[18.198,3.491],[18.492,3.641],[18.625,3.472],[18.639,3.281],[18.101,2.228],[18.061,1.555],[17.852,0.958]]]}},{"type":"Feature","properties":{"iso":"CH","name":"Switzerland"},"geometry":{"type":"Polygon","coordinates":[[[8.814,47.72],[8.875,47.655],[9.036,47.684],[9.379,47.624],[9.496,47.551],[9.559,47.542],[9.578,47.482],[9.651,47.429],[9.653,47.376],[9.609,47.355],[9.531,47.271],[9.493,47.184],[9.511,47.105],[9.476,47.052],[9.607,47.061],[9.871,47.014],[9.881,46.942],[10.088,46.849],[10.145,46.851],[10.219,46.868],[10.246,46.922],[10.376,46.995],[10.478,46.936],[10.47,46.855],[10.39,46.679],[10.479,46.612],[10.453,46.531],[10.306,46.552],[10.232,46.628],[10.106,46.602],[10.056,46.529],[10.046,46.46],[10.156,46.409],[10.114,46.347],[10.167,46.267],[10.142,46.235],[10.055,46.236],[9.955,46.379],[9.617,46.292],[9.538,46.315],[9.468,46.38],[9.456,46.496],[9.412,46.476],[9.302,46.497],[9.259,46.446],[9.292,46.33],[9.249,46.234],[9.159,46.17],[9.017,46.037],[9.009,45.952],[9.075,45.896],[9.04,45.841],[8.912,45.83],[8.935,45.872],[8.887,45.954],[8.795,45.998],[8.839,46.072],[8.745,46.112],[8.714,46.097],[8.618,46.124],[8.465,46.243],[8.437,46.296],[8.462,46.435],[8.385,46.452],[8.307,46.416],[8.275,46.356],[8.098,46.27],[8.155,46.195],[8.147,46.148],[8.037,46.093],[7.996,46.006],[7.904,45.986],[7.877,45.927],[7.864,45.917],[7.562,45.978],[7.397,45.904],[7.295,45.915],[7.187,45.867],[7.111,45.87],[7.045,45.922],[6.95,46.047],[6.885,46.055],[6.889,46.119],[6.801,46.156],[6.854,46.274],[6.781,46.349],[6.821,46.427],[6.522,46.454],[6.318,46.394],[6.22,46.312],[6.291,46.251],[6.282,46.224],[6.144,46.147],[5.956,46.132],[5.982,46.207],[6.112,46.254],[6.126,46.317],[6.156,46.371],[6.064,46.416],[6.138,46.558],[6.139,46.594],[6.436,46.767],[6.46,46.852],[6.459,46.947],[6.637,47.007],[6.859,47.165],[7.016,47.334],[6.915,47.368],[6.939,47.434],[7.024,47.504],[7.13,47.503],[7.191,47.443],[7.337,47.441],[7.381,47.432],[7.421,47.446],[7.511,47.503],[7.555,47.565],[7.589,47.59],[7.634,47.561],[7.714,47.539],[7.894,47.586],[7.923,47.555],[8.039,47.553],[8.22,47.617],[8.426,47.568],[8.519,47.626],[8.563,47.599],[8.596,47.606],[8.606,47.669],[8.503,47.649],[8.425,47.677],[8.418,47.7],[8.51,47.776],[8.614,47.801],[8.705,47.737],[8.707,47.71],[8.663,47.686],[8.796,47.676],[8.782,47.713],[8.814,47.72]]]}},{"type":"Feature","properties":{"iso":"CI","name":"C\u00f4te D\u2019Ivoire"},"geometry":{"type":"Polygon","coordinates":[[[-4.817,9.85],[-4.699,9.693],[-4.525,9.735],[-4.385,9.605],[-4.26,9.751],[-3.898,9.894],[-3.643,9.948],[-3.289,9.86],[-3.206,9.913],[-2.805,9.429],[-2.687,9.491],[-2.668,9.248],[-2.77,9.061],[-2.624,8.915],[-2.499,8.22],[-2.778,7.931],[-2.918,7.61],[-2.966,7.227],[-3.218,6.836],[-3.243,6.636],[-3.017,5.735],[-2.795,5.605],[-2.757,5.121],[-3.106,5.091],[-3.986,5.252],[-5.811,5.042],[-6.905,4.662],[-7.523,4.362],[-7.583,4.885],[-7.465,5.251],[-7.375,5.318],[-7.433,5.84],[-7.757,5.955],[-7.901,6.269],[-8.39,6.356],[-8.407,6.454],[-8.576,6.502],[-8.347,6.76],[-8.281,7.013],[-8.284,7.176],[-8.472,7.555],[-8.194,7.568],[-8.058,7.987],[-7.965,8.032],[-8.016,8.184],[-8.231,8.245],[-8.217,8.467],[-7.956,8.491],[-7.657,8.404],[-7.759,8.73],[-7.95,8.822],[-7.904,9.003],[-7.778,9.088],[-7.912,9.205],[-7.866,9.417],[-8.047,9.411],[-8.137,9.531],[-8.14,9.98],[-7.651,10.473],[-7.481,10.473],[-7.366,10.278],[-7.024,10.169],[-6.951,10.359],[-6.664,10.382],[-6.646,10.658],[-6.462,10.571],[-6.406,10.699],[-6.256,10.731],[-6.176,10.477],[-6.227,10.281],[-6.143,10.215],[-6.006,10.214],[-5.792,10.431],[-5.663,10.459],[-5.519,10.433],[-5.394,10.295],[-5.123,10.292],[-4.956,9.892],[-4.817,9.85]]]}},{"type":"Feature","properties":{"iso":"BY","name":"Belarus"},"geometry":{"type":"Polygon","coordinates":[[[31.127,52.098],[30.95,52.079],[30.807,51.91],[30.739,51.892],[30.666,51.825],[30.628,51.728],[30.523,51.649],[30.533,51.572],[30.65,51.367],[30.602,51.284],[30.555,51.268],[30.372,51.33],[30.337,51.36],[30.335,51.427],[30.191,51.505],[30.026,51.499],[29.79,51.447],[29.744,51.465],[29.714,51.524],[29.539,51.47],[29.495,51.404],[29.332,51.386],[29.257,51.485],[29.251,51.553],[29.146,51.652],[29.002,51.583],[28.831,51.561],[28.776,51.502],[28.754,51.428],[28.682,51.456],[28.621,51.569],[28.476,51.589],[28.36,51.548],[28.251,51.673],[28.036,51.566],[27.954,51.566],[27.847,51.623],[27.836,51.546],[27.749,51.479],[27.675,51.516],[27.718,51.571],[27.705,51.604],[27.543,51.634],[27.498,51.597],[27.444,51.618],[27.255,51.607],[27.262,51.649],[27.214,51.673],[27.177,51.772],[26.926,51.74],[26.784,51.764],[26.693,51.82],[26.482,51.801],[26.384,51.866],[26.17,51.869],[26.006,51.927],[25.792,51.945],[25.721,51.918],[25.418,51.922],[25.21,51.968],[24.966,51.903],[24.379,51.877],[24.309,51.819],[24.293,51.733],[24.011,51.59],[23.899,51.596],[23.892,51.633],[23.769,51.661],[23.651,51.639],[23.626,51.612],[23.663,51.511],[23.617,51.51],[23.545,51.607],[23.541,51.736],[23.631,51.793],[23.621,51.931],[23.679,51.989],[23.649,52.069],[23.475,52.173],[23.221,52.226],[23.178,52.283],[23.467,52.548],[23.767,52.622],[23.919,52.704],[23.939,52.812],[23.916,52.905],[23.938,52.979],[23.881,53.083],[23.906,53.162],[23.802,53.275],[23.589,53.696],[23.515,53.957],[23.792,53.906],[23.821,53.944],[23.917,53.962],[24.007,53.928],[24.192,53.963],[24.34,53.903],[24.422,53.904],[24.621,54.005],[24.692,54.006],[24.711,53.965],[24.819,54.015],[24.793,54.109],[24.836,54.149],[24.953,54.166],[25.063,54.14],[25.231,54.25],[25.476,54.299],[25.557,54.251],[25.55,54.157],[25.645,54.135],[25.774,54.163],[25.724,54.281],[25.57,54.343],[25.65,54.492],[25.748,54.583],[25.744,54.783],[25.781,54.848],[25.883,54.927],[26.196,55.002],[26.273,55.117],[26.644,55.159],[26.79,55.298],[26.506,55.354],[26.54,55.408],[26.539,55.504],[26.621,55.583],[26.63,55.681],[26.673,55.705],[26.782,55.685],[26.867,55.718],[26.983,55.816],[27.127,55.846],[27.259,55.792],[27.603,55.79],[27.66,55.93],[27.801,55.99],[27.979,56.116],[28.155,56.17],[28.312,56.056],[28.421,56.094],[28.64,56.09],[28.759,55.957],[28.835,55.955],[29.06,56.031],[29.394,55.961],[29.444,55.92],[29.369,55.786],[29.494,55.695],[29.958,55.854],[30.239,55.854],[30.462,55.806],[30.751,55.603],[30.91,55.607],[30.939,55.505],[30.93,55.403],[30.826,55.3],[30.968,55.163],[31.018,55.048],[30.948,54.973],[30.847,54.929],[30.793,54.802],[31.096,54.647],[31.13,54.582],[31.096,54.501],[31.237,54.443],[31.341,54.24],[31.53,54.15],[31.84,54.059],[31.858,53.984],[31.779,53.805],[31.891,53.782],[32.126,53.816],[32.459,53.72],[32.493,53.686],[32.426,53.64],[32.45,53.576],[32.735,53.447],[32.706,53.354],[32.2,53.102],[31.915,53.101],[31.813,53.131],[31.761,53.193],[31.644,53.214],[31.42,53.2],[31.373,53.099],[31.28,53.015],[31.392,52.912],[31.574,52.812],[31.584,52.734],[31.517,52.681],[31.594,52.557],[31.625,52.387],[31.604,52.31],[31.773,52.165],[31.787,52.111],[31.419,52.14],[31.265,52.048],[31.127,52.098]]]}},{"type":"Feature","properties":{"iso":"BZ","name":"Belize"},"geometry":{"type":"Polygon","coordinates":[[[-88.289,17.644],[-88.198,17.502],[-88.3,17.151],[-88.225,16.965],[-88.316,16.66],[-88.56,16.274],[-88.743,16.216],[-88.913,15.9],[-89.219,15.914],[-89.143,17.93],[-89.028,17.995],[-88.852,17.894],[-88.502,18.469],[-88.317,18.489],[-88.386,18.363],[-88.109,18.359],[-88.103,18.124],[-88.289,17.644]]]}},{"type":"Feature","properties":{"iso":"BJ","name":"Benin"},"geometry":{"type":"Polygon","coordinates":[[[3.786,10.435],[3.666,10.43],[3.593,10.263],[3.672,10.15],[3.591,9.943],[3.344,9.81],[3.34,9.685],[3.139,9.454],[3.092,9.118],[2.79,9.058],[2.677,7.89],[2.795,7.448],[2.709,6.376],[1.629,6.235],[1.798,6.299],[1.586,6.678],[1.565,6.978],[1.639,7.013],[1.667,7.505],[1.626,9.013],[1.419,9.315],[1.346,10.0],[0.78,10.391],[0.802,10.701],[0.912,10.996],[0.986,11.082],[1.088,11.062],[1.144,11.255],[1.325,11.299],[1.423,11.461],[1.624,11.395],[2.019,11.433],[2.294,11.672],[2.457,11.99],[2.386,12.243],[2.834,12.402],[3.605,11.697],[3.488,11.44],[3.715,11.113],[3.845,10.614],[3.786,10.435]]]}},{"type":"Feature","properties":{"iso":"BN","name":"Brunei"},"geometry":{"type":"MultiPolygon","coordinates":[[[[114.252,4.501],[114.071,4.589],[114.44,4.664],[115.046,5.038],[114.972,4.821],[114.781,4.718],[114.878,4.404],[114.761,4.09],[114.642,4.011],[114.444,4.265],[114.326,4.272],[114.252,4.501]]],[[[115.155,4.913],[115.334,4.315],[115.103,4.385],[115.036,4.804],[115.155,4.913]]]]}},{"type":"Feature","properties":{"iso":"BT","name":"Bhutan"},"geometry":{"type":"Polygon","coordinates":[[[91.334,28.052],[91.455,28.006],[91.607,27.885],[91.595,27.537],[92.007,27.471],[92.067,27.387],[92.114,27.284],[92.03,27.1],[92.108,26.858],[91.699,26.801],[91.462,26.872],[91.338,26.784],[90.69,26.775],[90.388,26.901],[90.152,26.762],[89.811,26.713],[89.368,26.854],[89.139,26.817],[88.774,27.121],[88.923,27.273],[89.007,27.222],[89.151,27.331],[89.135,27.634],[89.596,28.154],[89.811,28.245],[90.043,28.148],[90.292,28.151],[90.392,28.068],[90.714,28.07],[91.058,27.857],[91.334,28.052]]]}},{"type":"Feature","properties":{"iso":"BR","name":"Brazil"},"geometry":{"type":"MultiPolygon","coordinates":[[[[-60.158,4.532],[-59.687,4.38],[-59.722,4.185],[-59.528,3.939],[-59.676,3.701],[-59.855,3.579],[-59.805,3.368],[-59.991,2.802],[-59.898,2.373],[-59.727,2.263],[-59.746,1.861],[-59.24,1.393],[-58.94,1.304],[-58.839,1.191],[-58.688,1.282],[-58.508,1.264],[-58.491,1.445],[-58.324,1.581],[-58.024,1.504],[-57.989,1.657],[-57.548,1.704],[-57.312,1.983],[-57.093,2.013],[-56.803,1.869],[-56.477,1.946],[-56.023,1.838],[-55.922,1.882],[-55.926,2.055],[-56.125,2.27],[-55.954,2.524],[-55.733,2.408],[-55.376,2.421],[-55.327,2.514],[-54.959,2.612],[-54.867,2.447],[-54.694,2.438],[-54.688,2.341],[-54.122,2.119],[-53.772,2.367],[-53.516,2.253],[-53.331,2.34],[-53.241,2.261],[-53.27,2.201],[-52.913,2.191],[-52.57,2.502],[-52.337,3.153],[-51.655,4.056],[-51.51,4.389],[-51.243,4.171],[-51.083,3.808],[-51.014,3.084],[-50.676,2.146],[-50.462,1.854],[-49.988,1.711],[-49.907,1.521],[-49.906,1.35],[-49.997,1.242],[-49.919,1.176],[-49.956,0.992],[-50.109,0.795],[-50.437,0.655],[-50.721,0.248],[-50.684,0.0],[-70.047,0.0],[-70.015,0.54],[-69.479,0.708],[-69.276,0.619],[-69.149,0.674],[-69.159,0.883],[-69.262,1.047],[-69.822,1.101],[-69.801,1.704],[-69.534,1.767],[-68.24,1.734],[-68.187,1.99],[-67.897,1.763],[-67.404,2.126],[-67.112,1.709],[-67.074,1.205],[-66.87,1.226],[-66.302,0.749],[-66.112,0.746],[-65.734,0.997],[-65.59,0.997],[-65.509,0.895],[-65.579,0.729],[-65.512,0.658],[-65.324,0.907],[-65.185,0.937],[-65.114,1.135],[-64.705,1.263],[-64.403,1.505],[-64.344,1.376],[-64.093,1.62],[-64.004,1.969],[-63.404,2.156],[-63.36,2.276],[-63.368,2.416],[-64.037,2.485],[-63.992,2.726],[-64.213,3.133],[-64.196,3.59],[-64.531,3.863],[-64.795,4.266],[-64.665,4.248],[-64.567,4.125],[-64.145,4.114],[-64.006,3.89],[-63.651,3.95],[-63.498,3.865],[-63.351,3.96],[-62.967,3.617],[-62.836,3.727],[-62.74,3.698],[-62.747,4.021],[-62.555,4.031],[-62.455,4.169],[-62.15,4.089],[-61.937,4.14],[-61.745,4.257],[-61.555,4.263],[-61.504,4.404],[-61.338,4.43],[-61.308,4.529],[-60.992,4.529],[-60.9,4.703],[-60.594,4.928],[-60.732,5.196],[-60.22,5.257],[-59.976,5.055],[-60.034,4.712],[-60.158,4.532]]],[[[-50.352,0.195],[-50.164,0.282],[-49.697,0.352],[-49.6,0.351],[-49.598,0.187],[-49.893,0.0],[-50.359,0.096],[-50.352,0.195]]],[[[-50.435,0.17],[-50.532,0.225],[-50.391,0.584],[-50.28,0.653],[-50.232,0.597],[-50.084,0.63],[-50.049,0.565],[-50.435,0.17]]],[[[-50.327,1.991],[-50.423,1.866],[-50.52,2.0],[-50.522,2.189],[-50.327,1.991]]]]}},{"type":"Feature","properties":{"iso":"BS","name":"Bahamas"},"geometry":{"type":"MultiPolygon","coordinates":[[[[-77.876,24.409],[-77.865,24.326],[-78.042,24.273],[-78.165,24.461],[-78.445,24.594],[-78.199,24.879],[-78.197,25.199],[-78.013,25.158],[-77.727,24.498],[-77.876,24.409]]],[[[-73.508,21.182],[-73.39,21.223],[-73.238,21.142],[-73.019,21.323],[-73.143,21.006],[-73.648,20.924],[-73.695,21.006],[-73.508,21.182]]],[[[-77.55,23.755],[-77.644,23.708],[-77.782,23.746],[-77.686,23.865],[-77.757,23.873],[-77.805,24.085],[-77.889,24.118],[-77.69,24.292],[-77.636,24.224],[-77.73,24.162],[-77.697,24.074],[-77.6,24.195],[-77.508,23.921],[-77.55,23.755]]],[[[-77.38,26.006],[-77.22,26.141],[-77.262,26.48],[-77.168,26.553],[-77.324,26.604],[-77.459,26.797],[-77.052,26.525],[-77.019,26.307],[-77.151,26.246],[-77.208,25.856],[-77.38,26.006]]],[[[-78.788,26.541],[-78.645,26.586],[-78.531,26.736],[-78.323,26.684],[-77.912,26.744],[-77.826,26.566],[-78.027,26.655],[-78.645,26.506],[-78.788,26.541]]]]}},{"type":"Feature","properties":{"iso":"CA","name":"Canada"},"geometry":{"type":"MultiPolygon","coordinates":[[[[-92.184,73.971],[-91.491,74.023],[-90.3,73.902],[-90.45,73.745],[-90.909,73.534],[-92.05,72.778],[-93.939,72.75],[-93.582,72.573],[-93.516,72.447],[-94.129,72.029],[-94.402,71.983],[-94.491,71.838],[-94.32,71.746],[-93.787,71.747],[-93.035,71.357],[-92.875,71.148],[-92.866,70.835],[-92.541,70.685],[-92.223,70.603],[-91.972,70.32],[-91.773,70.339],[-91.625,70.202],[-91.917,70.14],[-92.313,70.184],[-92.361,70.101],[-92.029,70.021],[-92.617,69.709],[-91.905,69.527],[-91.367,69.646],[-91.037,69.509],[-90.524,69.479],[-90.654,69.379],[-90.513,69.237],[-90.799,69.299],[-90.953,69.232],[-90.521,68.91],[-90.501,68.466],[-90.226,68.292],[-90.09,68.32],[-89.915,68.505],[-89.971,68.793],[-89.745,68.721],[-89.676,68.982],[-89.297,69.229],[-88.984,69.228],[-87.984,68.733],[-87.82,68.361],[-87.972,68.237],[-88.306,68.289],[-88.315,67.938],[-88.077,67.679],[-87.247,67.179],[-86.911,67.376],[-86.551,67.407],[-86.427,67.723],[-85.882,68.111],[-85.642,68.677],[-85.046,68.771],[-85.07,68.898],[-84.861,68.987],[-84.868,69.059],[-85.245,69.17],[-85.421,69.32],[-85.461,69.673],[-85.352,69.802],[-84.699,69.852],[-83.748,69.792],[-83.45,69.688],[-82.648,69.68],[-82.189,69.487],[-82.236,69.392],[-82.152,69.269],[-81.688,69.251],[-81.34,69.13],[-81.652,68.928],[-81.271,68.732],[-81.347,68.617],[-81.868,68.461],[-82.499,68.458],[-82.243,68.345],[-82.309,68.284],[-82.232,68.163],[-82.059,68.141],[-82.041,67.916],[-81.29,67.505],[-81.453,67.054],[-81.946,66.942],[-82.181,66.735],[-83.32,66.372],[-83.521,66.384],[-84.037,66.702],[-84.072,66.571],[-83.773,66.284],[-83.768,66.175],[-84.45,66.323],[-84.274,66.131],[-83.737,65.945],[-83.672,65.796],[-83.291,65.663],[-83.693,65.659],[-84.019,65.768],[-84.51,66.164],[-85.186,66.286],[-85.488,66.551],[-86.643,66.502],[-86.667,66.394],[-86.576,66.33],[-86.004,66.178],[-85.965,66.099],[-86.556,65.697],[-87.389,65.328],[-87.992,65.351],[-88.716,65.671],[-89.719,65.938],[-89.797,65.926],[-89.784,65.847],[-90.025,65.88],[-90.089,65.861],[-89.003,65.33],[-87.515,65.28],[-87.075,65.234],[-86.961,65.128],[-88.111,64.177],[-88.583,64.006],[-89.179,63.982],[-89.903,64.119],[-89.888,63.96],[-90.087,63.941],[-90.05,63.808],[-90.112,63.71],[-90.639,63.575],[-90.669,63.483],[-91.669,63.739],[-92.235,63.738],[-92.095,63.665],[-91.501,63.638],[-91.311,63.518],[-90.963,63.461],[-90.742,63.335],[-90.683,63.067],[-90.805,62.949],[-91.392,62.812],[-92.323,62.807],[-92.298,62.734],[-91.935,62.586],[-92.536,62.527],[-92.7,62.421],[-92.586,62.233],[-92.786,62.27],[-93.321,61.936],[-93.538,61.917],[-93.527,61.818],[-93.359,61.751],[-93.901,61.488],[-93.917,61.336],[-94.113,61.044],[-94.522,60.59],[-94.694,60.503],[-94.664,60.32],[-94.806,59.89],[-94.776,59.089],[-94.479,58.773],[-93.195,58.707],[-92.476,57.436],[-92.557,57.031],[-92.008,57.059],[-91.176,57.234],[-90.434,57.18],[-89.895,56.998],[-88.868,56.839],[-87.989,56.462],[-87.64,56.112],[-87.368,55.981],[-85.936,55.665],[-85.053,55.278],[-84.539,55.233],[-83.893,55.29],[-82.277,55.121],[-82.2,54.798],[-82.409,54.227],[-82.136,53.83],[-82.188,53.583],[-82.124,53.305],[-82.257,53.113],[-82.228,52.946],[-81.58,52.461],[-81.388,52.143],[-80.66,51.781],[-80.363,51.357],[-79.825,51.181],[-79.496,51.559],[-79.321,51.644],[-79.018,51.47],[-78.908,51.294],[-78.813,51.521],[-78.993,51.761],[-78.582,52.15],[-78.529,52.34],[-78.549,52.449],[-78.752,52.569],[-78.848,52.743],[-78.81,52.824],[-78.989,53.018],[-78.94,53.269],[-79.102,53.511],[-79.031,53.583],[-79.045,54.011],[-79.424,54.272],[-79.648,54.662],[-78.346,55.042],[-77.643,55.362],[-76.79,55.975],[-76.554,56.34],[-76.574,57.108],[-76.94,57.762],[-77.44,58.135],[-78.575,58.656],[-78.517,58.895],[-77.839,59.329],[-77.862,59.479],[-77.74,59.668],[-77.403,59.803],[-77.341,59.982],[-77.576,60.077],[-77.552,60.217],[-77.724,60.398],[-77.607,60.533],[-77.766,60.609],[-77.747,60.746],[-78.164,60.809],[-77.793,61.144],[-77.778,61.407],[-77.65,61.552],[-78.013,61.757],[-78.088,61.899],[-78.152,62.19],[-78.054,62.355],[-77.463,62.565],[-76.806,62.511],[-75.649,62.255],[-75.337,62.304],[-74.76,62.202],[-73.651,62.444],[-72.682,62.095],[-72.621,61.907],[-72.302,61.877],[-71.993,61.654],[-71.636,61.62],[-71.705,61.417],[-71.492,61.201],[-70.633,61.043],[-70.222,61.065],[-69.952,60.849],[-69.518,61.023],[-69.421,60.836],[-69.74,60.491],[-69.662,60.124],[-70.025,59.993],[-69.654,59.923],[-69.569,59.659],[-69.674,59.509],[-69.661,59.353],[-69.315,59.317],[-69.298,59.252],[-69.455,59.156],[-69.178,59.08],[-69.261,58.998],[-69.388,59.03],[-69.394,58.939],[-69.601,58.845],[-69.797,58.976],[-69.969,58.767],[-69.781,58.66],[-69.316,58.861],[-68.623,58.884],[-68.431,58.79],[-68.25,58.571],[-67.978,58.515],[-67.869,58.365],[-67.533,58.386],[-67.55,58.259],[-66.7,58.504],[-66.388,58.804],[-66.04,58.702],[-66.035,58.804],[-65.905,58.859],[-65.874,58.966],[-65.679,59.038],[-65.682,59.221],[-65.429,59.506],[-65.477,59.752],[-65.203,59.914],[-64.801,60.47],[-64.47,60.426],[-64.397,60.04],[-64.238,60.007],[-64.031,59.783],[-63.991,59.633],[-63.813,59.525],[-63.802,59.371],[-63.46,59.246],[-63.482,59.077],[-63.267,59.05],[-63.163,58.895],[-62.947,58.787],[-62.958,58.566],[-63.248,58.462],[-62.633,58.441],[-62.682,58.212],[-63.049,58.09],[-62.5,58.145],[-62.401,58.061],[-62.429,57.951],[-62.18,57.986],[-61.742,57.781],[-61.971,57.767],[-61.977,57.63],[-62.275,57.469],[-61.956,57.398],[-61.881,57.221],[-61.446,57.11],[-61.393,56.712],[-61.622,56.584],[-61.653,56.653],[-62.044,56.619],[-61.74,56.526],[-61.969,56.458],[-61.831,56.403],[-61.511,56.555],[-61.304,56.469],[-61.897,56.25],[-61.073,56.13],[-60.958,55.963],[-60.602,55.715],[-60.358,55.777],[-60.43,55.619],[-60.288,55.425],[-60.438,55.26],[-60.408,55.208],[-60.061,55.344],[-60.032,55.219],[-59.83,55.266],[-59.79,55.15],[-59.55,55.147],[-59.611,54.992],[-59.204,55.185],[-59.013,55.092],[-58.829,54.84],[-58.446,54.777],[-58.015,54.889],[-57.884,54.732],[-57.341,54.577],[-57.296,54.518],[-57.713,54.376],[-58.105,54.357],[-58.336,54.203],[-57.55,54.205],[-57.385,54.127],[-57.142,53.815],[-57.37,53.628],[-57.292,53.505],[-56.942,53.776],[-56.524,53.743],[-56.475,53.645],[-56.061,53.56],[-55.986,53.429],[-55.827,53.498],[-55.77,53.066],[-55.978,52.752],[-55.771,52.612],[-55.698,52.404],[-55.798,52.324],[-55.672,52.213],[-56.01,51.901],[-56.946,51.456],[-57.581,51.424],[-58.241,51.273],[-58.61,51.065],[-58.812,51.041],[-58.943,50.965],[-59.022,50.775],[-59.758,50.437],[-60.05,50.209],[-61.017,50.207],[-61.708,50.106],[-61.962,50.22],[-62.761,50.29],[-63.245,50.213],[-63.797,50.285],[-65.31,50.298],[-65.918,50.274],[-66.36,50.156],[-66.454,50.233],[-67.124,49.808],[-67.367,49.344],[-68.059,49.266],[-68.23,49.186],[-68.224,49.098],[-68.566,49.053],[-69.037,48.745],[-69.428,48.308],[-69.704,48.132],[-69.987,47.717],[-70.231,47.502],[-70.484,47.421],[-70.715,47.118],[-70.95,47.006],[-70.842,47.004],[-70.883,46.933],[-71.165,46.838],[-70.5,47.017],[-69.643,47.742],[-69.433,48.055],[-69.341,48.031],[-68.37,48.553],[-66.73,49.085],[-66.018,49.22],[-65.36,49.248],[-64.932,49.201],[-64.396,48.999],[-64.265,48.887],[-64.344,48.798],[-64.234,48.657],[-64.288,48.471],[-65.176,48.065],[-65.458,48.026],[-65.913,48.17],[-66.48,48.073],[-65.849,47.891],[-65.613,47.669],[-65.14,47.811],[-64.773,47.769],[-64.743,47.7],[-64.96,47.326],[-65.254,47.091],[-64.851,47.037],[-64.892,46.794],[-64.519,46.26],[-63.868,46.143],[-63.956,45.994],[-63.282,45.753],[-62.974,45.778],[-62.449,45.662],[-61.956,45.847],[-61.821,45.672],[-61.551,45.67],[-61.484,45.731],[-61.479,46.097],[-60.853,46.808],[-60.525,47.02],[-60.337,46.802],[-60.53,46.301],[-59.882,46.149],[-59.861,45.96],[-60.424,45.657],[-60.902,45.618],[-61.012,45.506],[-61.252,45.562],[-61.357,45.385],[-61.03,45.314],[-61.089,45.237],[-61.645,45.148],[-62.799,44.721],[-63.483,44.618],[-63.629,44.468],[-63.875,44.505],[-63.994,44.619],[-64.06,44.518],[-64.252,44.53],[-64.326,44.284],[-64.861,43.832],[-65.291,43.687],[-65.266,43.614],[-65.331,43.643],[-65.626,43.463],[-66.145,43.857],[-66.179,44.148],[-65.912,44.603],[-64.991,45.081],[-64.415,45.285],[-64.34,45.132],[-64.176,45.06],[-64.073,45.219],[-63.513,45.349],[-64.112,45.401],[-64.9,45.347],[-64.86,45.458],[-64.325,45.822],[-64.496,45.77],[-64.579,45.87],[-64.769,45.629],[-65.864,45.215],[-66.054,45.251],[-66.4,45.097],[-66.755,45.064],[-67.27,45.189],[-67.354,45.147],[-67.462,45.268],[-67.438,45.578],[-67.802,45.713],[-67.809,47.066],[-68.273,47.358],[-68.916,47.195],[-69.038,47.263],[-69.064,47.418],[-69.211,47.449],[-69.975,46.704],[-70.062,46.439],[-70.282,46.214],[-70.262,45.92],[-70.679,45.555],[-70.646,45.402],[-70.79,45.406],[-70.859,45.252],[-70.987,45.333],[-71.311,45.283],[-71.569,45.002],[-74.979,44.976],[-76.327,44.178],[-76.811,43.639],[-78.666,43.629],[-79.157,43.463],[-78.944,42.847],[-80.07,42.398],[-81.24,42.207],[-82.389,41.683],[-82.675,41.679],[-83.069,41.872],[-83.143,42.034],[-83.071,42.309],[-82.831,42.378],[-82.551,42.589],[-82.136,43.595],[-82.539,45.332],[-83.54,45.8],[-83.464,45.986],[-83.534,46.067],[-83.961,46.086],[-84.102,46.253],[-84.139,46.507],[-84.564,46.479],[-84.949,46.923],[-88.343,48.289],[-88.696,48.235],[-89.355,47.982],[-89.896,48.002],[-90.146,48.107],[-90.714,48.1],[-90.882,48.23],[-91.54,48.064],[-92.077,48.353],[-92.277,48.347],[-92.37,48.245],[-92.502,48.43],[-92.687,48.463],[-92.657,48.537],[-92.954,48.624],[-93.289,48.639],[-93.753,48.525],[-93.866,48.63],[-94.568,48.719],[-94.687,48.799],[-94.849,49.309],[-95.122,49.373],[-95.169,49.031],[-95.235,48.997],[-110.0,48.999],[-110.0,67.941],[-109.585,67.73],[-109.08,67.755],[-108.858,67.418],[-108.632,67.579],[-108.46,67.437],[-108.341,67.529],[-107.894,67.166],[-107.839,67.003],[-108.429,67.052],[-107.478,66.529],[-107.678,66.753],[-107.703,66.925],[-107.598,67.013],[-107.474,66.896],[-107.286,66.978],[-107.603,67.196],[-107.661,67.525],[-107.944,67.737],[-107.783,67.926],[-107.828,68.037],[-106.835,68.133],[-106.322,68.347],[-105.769,68.446],[-105.729,68.563],[-105.976,68.615],[-106.363,68.537],[-106.56,68.35],[-106.933,68.302],[-107.737,68.319],[-107.784,68.194],[-107.894,68.161],[-108.241,68.162],[-108.444,68.281],[-108.681,68.28],[-108.328,68.59],[-108.154,68.634],[-106.086,68.916],[-105.574,68.781],[-105.369,68.42],[-104.894,68.32],[-104.423,68.054],[-103.807,68.037],[-103.422,68.117],[-102.754,67.835],[-102.249,67.739],[-101.775,67.78],[-101.52,67.706],[-100.678,67.867],[-99.833,67.863],[-98.907,67.743],[-98.459,67.828],[-98.667,67.998],[-98.466,68.093],[-98.595,68.354],[-98.139,68.345],[-97.953,68.518],[-97.75,68.581],[-97.2,68.456],[-96.886,68.274],[-96.519,68.252],[-96.581,68.072],[-96.32,68.222],[-96.044,68.218],[-96.152,67.833],[-96.135,67.653],[-96.346,67.516],[-96.119,67.438],[-96.108,67.272],[-95.709,67.363],[-95.602,67.346],[-95.578,67.232],[-95.264,67.309],[-95.367,67.556],[-95.613,67.735],[-95.404,68.022],[-94.693,68.08],[-93.631,68.575],[-93.628,68.853],[-93.73,68.962],[-93.906,68.966],[-93.999,68.816],[-94.259,68.751],[-94.519,68.773],[-94.561,68.868],[-94.19,69.077],[-94.192,69.306],[-93.758,69.369],[-93.807,69.236],[-93.751,69.212],[-93.517,69.324],[-93.518,69.442],[-93.635,69.51],[-94.195,69.446],[-94.644,69.651],[-94.907,69.589],[-95.994,69.827],[-96.503,70.232],[-96.122,70.599],[-96.523,70.809],[-96.431,71.075],[-96.521,71.242],[-96.033,71.4],[-95.674,71.32],[-95.51,71.385],[-95.816,71.589],[-95.268,71.848],[-95.176,72.121],[-95.202,72.471],[-95.569,72.749],[-95.728,73.093],[-95.584,73.2],[-95.639,73.641],[-95.349,73.76],[-94.993,73.72],[-95.248,73.952],[-94.699,74.09],[-93.448,74.168],[-92.576,74.096],[-92.184,73.971]]],[[[-84.78,71.025],[-84.732,71.36],[-84.591,71.491],[-84.642,71.609],[-85.312,71.704],[-85.838,71.996],[-85.243,72.252],[-84.371,72.092],[-84.789,72.261],[-84.868,72.41],[-85.508,72.491],[-85.643,72.662],[-85.605,72.907],[-85.53,72.952],[-84.851,72.91],[-85.114,73.098],[-84.635,73.118],[-85.071,73.253],[-84.98,73.329],[-84.56,73.306],[-84.512,73.395],[-84.148,73.462],[-83.707,73.389],[-83.742,73.53],[-82.829,73.72],[-81.584,73.705],[-81.262,73.543],[-81.099,73.263],[-80.591,73.11],[-80.578,72.924],[-80.323,72.769],[-80.839,72.46],[-80.531,72.441],[-80.791,72.237],[-80.745,72.126],[-80.856,72.058],[-80.797,71.962],[-80.455,72.054],[-80.251,72.244],[-80.063,72.242],[-80.077,72.369],[-79.96,72.489],[-79.522,72.402],[-79.646,72.268],[-78.918,72.401],[-79.075,71.99],[-78.738,71.937],[-78.851,72.058],[-78.773,72.142],[-78.398,72.019],[-78.763,72.265],[-78.599,72.318],[-77.813,72.24],[-78.485,72.496],[-78.256,72.624],[-77.661,72.735],[-76.847,72.722],[-76.086,72.533],[-75.328,72.509],[-75.029,72.28],[-75.246,72.143],[-75.802,72.096],[-75.342,72.069],[-75.554,71.939],[-74.981,72.106],[-74.217,72.017],[-74.276,71.852],[-74.946,71.678],[-74.725,71.634],[-74.847,71.532],[-74.737,71.362],[-74.649,71.537],[-74.493,71.635],[-73.813,71.754],[-73.73,71.697],[-73.991,71.496],[-74.058,71.351],[-73.672,71.548],[-73.576,71.364],[-73.634,71.187],[-73.259,71.341],[-73.261,71.511],[-72.966,71.458],[-73.176,71.186],[-72.503,71.631],[-71.604,71.493],[-71.233,71.289],[-71.265,71.206],[-71.49,71.097],[-72.099,71.047],[-72.297,70.908],[-72.252,70.748],[-72.124,70.791],[-72.164,70.914],[-71.954,71.041],[-71.436,70.975],[-71.844,70.829],[-71.327,70.883],[-70.868,71.093],[-70.663,71.055],[-70.614,70.919],[-70.801,70.765],[-71.204,70.614],[-71.555,70.586],[-71.701,70.469],[-71.266,70.526],[-71.321,70.211],[-70.953,70.624],[-69.957,70.858],[-69.869,70.824],[-70.419,70.569],[-69.344,70.782],[-68.425,70.584],[-68.354,70.523],[-68.47,70.413],[-68.617,70.436],[-68.785,70.318],[-69.878,70.11],[-69.94,69.982],[-69.575,70.143],[-68.713,70.173],[-68.875,70.036],[-69.785,69.808],[-69.849,69.742],[-68.701,69.972],[-68.314,70.106],[-68.274,70.215],[-68.067,70.292],[-67.454,70.116],[-67.263,69.973],[-67.183,69.758],[-68.025,69.758],[-68.931,69.576],[-67.171,69.44],[-66.833,69.339],[-66.733,69.207],[-67.637,69.199],[-68.558,69.314],[-68.245,69.241],[-68.628,69.212],[-68.825,69.104],[-68.414,69.156],[-67.995,69.014],[-68.186,68.823],[-69.074,68.817],[-68.372,68.694],[-68.5,68.625],[-68.468,68.584],[-67.916,68.506],[-67.637,68.546],[-67.553,68.454],[-66.889,68.449],[-66.887,68.366],[-67.308,68.403],[-67.559,68.318],[-67.252,68.343],[-67.165,68.266],[-66.89,68.242],[-66.856,68.078],[-66.378,68.099],[-66.285,68.013],[-66.422,67.835],[-66.064,67.971],[-65.933,67.787],[-65.631,67.984],[-65.526,67.944],[-65.499,67.762],[-65.296,67.971],[-65.015,68.015],[-64.908,67.94],[-65.096,67.731],[-64.47,67.771],[-64.168,67.613],[-64.01,67.397],[-64.203,67.297],[-64.104,67.226],[-64.601,67.084],[-63.824,67.222],[-63.468,67.143],[-63.1,67.298],[-63.039,67.205],[-63.453,66.895],[-63.406,66.807],[-63.07,67.061],[-62.805,66.769],[-62.665,66.922],[-62.435,66.863],[-62.091,67.032],[-61.346,66.666],[-61.492,66.556],[-61.849,66.628],[-61.585,66.371],[-61.644,66.327],[-62.067,66.293],[-62.453,66.391],[-62.431,66.295],[-62.566,66.192],[-62.199,66.128],[-62.096,66.032],[-62.244,65.973],[-62.726,66.023],[-62.476,65.948],[-62.414,65.856],[-62.769,65.586],[-63.188,65.652],[-63.429,65.807],[-63.406,65.594],[-63.485,65.483],[-63.397,65.275],[-63.429,65.076],[-63.61,64.933],[-63.871,65.121],[-64.186,65.091],[-64.375,65.321],[-64.606,65.146],[-64.817,65.278],[-64.776,65.392],[-65.083,65.437],[-65.007,65.555],[-65.228,65.571],[-65.409,65.722],[-65.358,65.872],[-64.86,66.014],[-64.712,66.233],[-64.984,66.078],[-65.839,65.973],[-65.882,66.057],[-65.632,66.226],[-66.013,66.139],[-66.376,66.194],[-66.576,66.325],[-66.959,66.374],[-66.911,66.554],[-67.403,66.57],[-67.185,66.415],[-67.169,66.308],[-67.247,66.253],[-67.815,66.433],[-67.669,66.236],[-67.169,65.998],[-67.259,65.929],[-67.875,65.876],[-67.888,65.606],[-67.285,65.628],[-67.245,65.586],[-67.334,65.496],[-66.933,65.305],[-66.688,64.863],[-66.586,64.996],[-66.181,64.895],[-66.147,64.764],[-65.787,64.83],[-65.619,64.731],[-65.59,64.629],[-65.308,64.672],[-65.36,64.529],[-65.176,64.536],[-65.104,64.449],[-65.333,64.248],[-65.039,64.181],[-65.115,64.13],[-64.813,63.971],[-64.84,63.842],[-64.605,63.857],[-64.281,63.644],[-64.185,63.367],[-64.306,63.403],[-64.487,63.622],[-64.573,63.279],[-64.871,63.503],[-64.99,63.462],[-64.948,63.204],[-64.732,62.935],[-64.847,62.87],[-65.103,62.916],[-64.931,62.598],[-65.044,62.528],[-65.278,62.674],[-65.349,62.845],[-65.517,62.818],[-65.713,62.958],[-66.219,62.989],[-66.497,63.108],[-66.569,62.989],[-66.975,63.281],[-67.212,63.339],[-67.63,63.594],[-67.724,63.575],[-67.73,63.427],[-68.484,63.723],[-68.848,63.71],[-68.691,63.556],[-68.284,63.314],[-68.055,63.264],[-68.015,63.173],[-66.564,62.554],[-66.339,62.326],[-65.983,62.214],[-65.933,62.112],[-66.009,61.915],[-66.319,61.883],[-67.429,62.141],[-68.537,62.26],[-69.098,62.423],[-69.602,62.755],[-70.161,62.762],[-70.961,62.968],[-70.995,63.083],[-71.237,63.03],[-71.45,63.086],[-71.841,63.393],[-71.497,63.469],[-71.398,63.569],[-71.804,63.754],[-72.258,63.713],[-72.969,64.094],[-73.123,64.25],[-73.353,64.31],[-73.464,64.442],[-73.58,64.335],[-73.672,64.416],[-73.743,64.314],[-73.896,64.433],[-74.053,64.375],[-74.265,64.438],[-74.25,64.514],[-74.113,64.545],[-74.094,64.672],[-74.405,64.615],[-74.597,64.709],[-74.64,64.812],[-74.735,64.726],[-74.53,64.567],[-74.582,64.408],[-75.587,64.528],[-75.829,64.381],[-76.523,64.27],[-76.62,64.166],[-77.84,64.372],[-78.156,64.618],[-78.107,64.931],[-77.39,65.181],[-77.44,65.322],[-77.29,65.452],[-76.066,65.276],[-75.808,65.333],[-75.245,65.266],[-74.842,65.396],[-74.51,65.361],[-74.116,65.518],[-73.596,65.486],[-73.715,65.72],[-74.283,66.011],[-74.371,66.165],[-73.01,66.713],[-72.797,66.993],[-72.387,67.117],[-72.276,67.252],[-73.025,68.188],[-73.783,68.338],[-73.861,68.438],[-73.801,68.607],[-73.862,68.67],[-73.991,68.671],[-74.042,68.528],[-74.439,68.595],[-74.772,68.779],[-74.753,68.898],[-74.952,68.933],[-74.891,69.034],[-75.131,68.929],[-75.49,68.979],[-76.219,68.728],[-76.576,68.718],[-76.535,69.009],[-75.871,69.043],[-75.666,69.101],[-75.636,69.213],[-76.656,69.588],[-77.058,69.636],[-76.913,69.737],[-77.068,69.831],[-77.341,69.856],[-77.592,69.791],[-77.764,70.21],[-78.346,70.228],[-79.072,70.472],[-79.408,70.409],[-78.912,70.281],[-78.736,70.104],[-78.751,69.949],[-79.609,69.872],[-80.59,70.049],[-81.431,70.052],[-80.874,69.798],[-80.927,69.759],[-82.168,70.11],[-81.875,69.913],[-82.473,69.823],[-83.069,70.0],[-84.23,69.987],[-85.368,70.103],[-85.531,70.083],[-85.528,70.015],[-85.772,70.016],[-86.427,70.196],[-86.574,70.389],[-86.776,70.334],[-87.033,70.42],[-87.07,70.31],[-87.654,70.325],[-87.85,70.262],[-88.006,70.35],[-88.764,70.506],[-89.295,70.804],[-89.354,70.879],[-89.265,70.961],[-89.319,71.049],[-87.924,70.943],[-87.368,71.015],[-87.915,71.241],[-89.788,71.348],[-89.932,71.446],[-89.966,71.565],[-89.874,71.764],[-90.041,71.938],[-89.742,72.148],[-89.902,72.348],[-89.734,72.575],[-89.365,72.799],[-89.133,73.171],[-88.633,73.428],[-87.446,73.755],[-86.508,73.842],[-85.191,73.802],[-84.956,73.703],[-86.013,73.306],[-86.609,72.876],[-86.685,72.74],[-86.33,72.448],[-86.411,72.163],[-86.175,71.859],[-85.491,71.541],[-84.893,71.382],[-84.925,71.302],[-85.291,71.22],[-84.932,71.153],[-84.874,70.962],[-84.78,71.025]]],[[[-73.296,82.849],[-73.648,83.023],[-72.933,83.09],[-71.753,83.094],[-71.558,82.98],[-71.083,82.92],[-71.127,83.032],[-70.933,83.089],[-69.873,83.105],[-68.82,82.958],[-67.059,82.953],[-66.712,82.887],[-68.163,82.659],[-67.415,82.657],[-64.772,82.894],[-64.445,82.771],[-63.581,82.816],[-63.517,82.774],[-63.586,82.697],[-63.126,82.578],[-63.105,82.469],[-62.36,82.521],[-61.578,82.471],[-61.129,82.319],[-61.221,82.228],[-62.18,82.035],[-64.364,81.724],[-65.228,81.746],[-65.661,81.657],[-68.324,81.577],[-67.052,81.51],[-69.59,81.193],[-64.628,81.542],[-64.442,81.494],[-64.735,81.376],[-66.051,81.213],[-66.66,81.037],[-67.508,80.924],[-69.497,80.39],[-70.107,80.36],[-70.413,80.448],[-70.359,80.347],[-70.108,80.262],[-70.177,80.203],[-71.932,80.114],[-70.55,80.071],[-71.267,79.929],[-71.04,79.855],[-71.416,79.736],[-72.562,79.676],[-73.147,79.814],[-74.304,79.886],[-74.61,79.818],[-73.465,79.753],[-73.175,79.588],[-74.129,79.442],[-74.892,79.478],[-75.049,79.387],[-76.204,79.486],[-76.301,79.47],[-76.155,79.374],[-76.225,79.345],[-77.196,79.435],[-77.412,79.313],[-74.645,79.224],[-74.562,79.076],[-74.814,79.026],[-75.627,79.072],[-76.144,79.192],[-77.042,79.198],[-76.592,79.123],[-77.685,79.038],[-78.016,78.881],[-76.661,79.019],[-76.087,78.944],[-76.182,78.877],[-75.243,78.877],[-74.413,78.713],[-74.72,78.69],[-75.015,78.542],[-75.685,78.501],[-75.264,78.364],[-75.489,78.236],[-76.524,78.228],[-75.664,78.092],[-75.819,77.992],[-76.895,77.911],[-78.323,77.933],[-78.028,77.79],[-77.875,77.595],[-78.641,77.336],[-80.184,77.291],[-81.164,77.414],[-81.665,77.562],[-81.648,77.431],[-81.42,77.344],[-81.854,77.257],[-81.749,77.187],[-81.068,77.273],[-80.207,77.136],[-79.678,77.232],[-79.162,77.171],[-79.18,77.053],[-79.376,76.97],[-80.142,76.873],[-79.481,76.86],[-79.405,76.688],[-78.653,76.974],[-78.109,77.001],[-77.823,76.835],[-77.882,76.709],[-78.415,76.486],[-78.821,76.563],[-79.372,76.342],[-80.974,76.153],[-80.999,76.232],[-80.854,76.412],[-81.226,76.516],[-81.941,76.509],[-82.55,76.735],[-82.242,76.579],[-82.221,76.455],[-82.847,76.406],[-83.289,76.615],[-83.329,76.44],[-83.717,76.447],[-84.143,76.601],[-84.28,76.475],[-84.571,76.445],[-85.069,76.61],[-84.798,76.346],[-85.233,76.29],[-86.205,76.376],[-86.352,76.51],[-86.842,76.366],[-87.504,76.55],[-87.564,76.373],[-88.319,76.412],[-88.544,76.772],[-88.815,76.468],[-88.947,76.424],[-89.552,76.584],[-89.462,76.687],[-89.461,76.839],[-88.303,77.119],[-87.465,77.125],[-87.155,77.235],[-87.114,77.353],[-87.647,77.371],[-87.707,77.512],[-88.136,77.654],[-88.041,77.804],[-87.368,77.878],[-86.436,77.835],[-86.017,77.714],[-85.673,77.458],[-84.599,77.323],[-84.421,77.385],[-83.67,77.379],[-83.634,77.453],[-82.672,77.857],[-82.528,78.029],[-82.666,78.032],[-83.41,77.618],[-84.018,77.498],[-84.717,77.535],[-84.744,77.634],[-85.171,77.675],[-85.275,77.865],[-85.446,77.914],[-84.986,78.067],[-84.838,78.437],[-85.541,78.106],[-86.171,78.111],[-85.918,78.312],[-86.74,78.129],[-87.39,78.165],[-87.471,78.285],[-87.443,78.422],[-86.768,78.75],[-85.059,78.906],[-83.769,78.829],[-82.414,78.599],[-82.543,78.716],[-83.097,78.816],[-81.795,78.857],[-81.679,78.938],[-81.807,79.003],[-82.466,78.902],[-84.587,79.02],[-84.639,79.073],[-84.432,79.133],[-83.852,79.077],[-85.149,79.634],[-86.376,79.792],[-86.369,79.926],[-86.166,79.978],[-86.519,80.079],[-86.553,80.172],[-86.437,80.283],[-85.859,80.324],[-83.701,80.224],[-82.237,79.885],[-81.608,79.629],[-80.633,79.586],[-80.41,79.635],[-81.416,79.723],[-81.56,79.815],[-81.6,79.953],[-82.26,80.057],[-82.806,80.284],[-80.085,80.529],[-78.487,80.564],[-79.295,80.67],[-77.335,80.857],[-78.851,80.932],[-78.251,81.181],[-77.383,81.355],[-79.115,81.133],[-79.358,80.917],[-79.682,80.819],[-81.736,80.597],[-82.897,80.55],[-83.014,80.597],[-82.07,80.775],[-83.202,80.696],[-83.36,80.799],[-83.663,80.73],[-83.763,80.604],[-83.96,80.544],[-85.158,80.515],[-86.044,80.551],[-86.518,80.654],[-85.679,80.952],[-84.858,81.047],[-85.699,81.03],[-87.189,80.649],[-88.198,80.69],[-89.229,80.875],[-89.05,80.95],[-86.042,81.075],[-85.442,81.224],[-86.801,81.079],[-89.864,81.028],[-90.189,81.155],[-89.487,81.241],[-89.554,81.329],[-88.785,81.507],[-90.308,81.379],[-90.469,81.445],[-90.024,81.628],[-90.61,81.659],[-91.206,81.538],[-91.818,81.625],[-90.403,81.956],[-87.936,82.112],[-87.142,81.982],[-86.436,82.046],[-85.619,81.944],[-85.621,82.03],[-86.522,82.099],[-86.742,82.186],[-86.024,82.421],[-84.583,82.462],[-83.31,82.283],[-82.45,82.268],[-82.706,82.416],[-82.39,82.532],[-82.246,82.688],[-81.784,82.786],[-79.581,82.963],[-77.321,82.878],[-75.976,82.536],[-75.78,82.592],[-77.269,82.993],[-76.726,83.106],[-74.074,83.119],[-74.179,83.03],[-73.702,82.849],[-72.612,82.647],[-72.535,82.707],[-73.296,82.849]]],[[[-109.359,72.774],[-109.021,72.756],[-108.948,72.61],[-108.631,72.536],[-108.579,72.296],[-108.254,71.951],[-108.19,71.769],[-107.823,71.642],[-107.385,71.814],[-107.362,71.891],[-107.738,72.19],[-108.18,73.052],[-108.182,73.147],[-108.021,73.297],[-107.612,73.315],[-107.074,73.2],[-106.868,73.294],[-105.873,73.053],[-105.294,72.704],[-105.21,72.429],[-104.813,71.931],[-104.364,71.623],[-104.321,71.41],[-104.522,71.164],[-104.479,71.06],[-103.502,70.612],[-103.055,70.534],[-103.06,70.628],[-102.986,70.651],[-102.125,70.327],[-101.641,70.275],[-101.517,70.165],[-101.058,70.181],[-100.875,69.902],[-100.91,69.706],[-101.288,69.687],[-101.449,69.862],[-101.659,69.668],[-102.205,69.896],[-102.317,69.8],[-102.597,69.751],[-102.488,69.665],[-102.562,69.559],[-103.429,69.695],[-103.445,69.636],[-103.013,69.46],[-103.021,69.292],[-103.17,69.155],[-102.804,69.387],[-102.277,69.506],[-101.957,69.431],[-102.047,69.332],[-102.004,69.267],[-101.507,69.182],[-101.608,69.099],[-101.704,69.154],[-101.856,69.006],[-102.36,68.949],[-102.602,68.839],[-103.387,68.795],[-104.366,68.935],[-104.594,68.87],[-105.054,68.897],[-105.151,68.958],[-104.935,69.07],[-106.318,69.186],[-106.314,69.374],[-106.571,69.482],[-106.906,69.353],[-106.969,69.215],[-107.407,69.01],[-108.462,68.939],[-109.038,68.732],[-110.0,68.637],[-110.0,72.53],[-109.934,72.542],[-110.0,72.614],[-110.0,72.968],[-109.359,72.774]]],[[[-91.019,80.76],[-90.652,80.677],[-90.647,80.563],[-89.1,80.462],[-89.142,80.279],[-88.493,80.109],[-88.354,80.175],[-88.558,80.265],[-88.54,80.38],[-87.676,80.388],[-87.59,80.215],[-87.851,80.086],[-87.291,80.059],[-87.016,79.876],[-87.338,79.539],[-86.458,79.649],[-86.14,79.592],[-86.005,79.479],[-85.694,79.603],[-84.99,79.303],[-86.671,78.985],[-86.917,79.013],[-87.065,78.872],[-87.612,78.674],[-87.905,78.752],[-87.945,78.988],[-88.09,78.979],[-88.175,78.807],[-87.964,78.608],[-87.98,78.508],[-88.292,78.282],[-88.307,78.464],[-88.565,78.573],[-88.673,78.572],[-88.61,78.382],[-88.866,78.177],[-89.991,78.583],[-90.011,78.502],[-89.612,78.187],[-90.205,78.313],[-90.432,78.153],[-91.019,78.149],[-92.105,78.231],[-92.763,78.387],[-92.874,78.463],[-92.064,78.549],[-93.318,78.608],[-93.64,78.749],[-93.251,78.782],[-93.847,78.845],[-94.087,78.98],[-93.312,79.154],[-91.812,79.208],[-92.418,79.281],[-92.059,79.323],[-92.989,79.45],[-93.894,79.276],[-94.313,79.406],[-95.096,79.297],[-95.656,79.487],[-94.419,79.708],[-95.86,79.661],[-96.435,79.844],[-96.443,79.932],[-96.637,80.065],[-96.319,80.128],[-94.663,80.037],[-94.532,80.193],[-95.304,80.134],[-95.417,80.219],[-95.925,80.21],[-96.339,80.316],[-95.59,80.375],[-95.88,80.51],[-95.619,80.613],[-95.615,80.685],[-94.475,80.603],[-94.624,80.72],[-95.293,80.812],[-95.326,80.896],[-95.189,80.995],[-94.901,81.044],[-94.338,80.985],[-94.168,81.026],[-94.156,81.097],[-93.439,81.068],[-93.108,81.142],[-94.199,81.27],[-94.078,81.344],[-93.384,81.361],[-91.923,81.18],[-91.019,80.76]]],[[[-93.262,76.72],[-93.357,76.507],[-92.992,76.61],[-91.003,76.644],[-90.604,76.513],[-91.136,76.465],[-89.292,76.231],[-91.105,76.177],[-90.74,76.079],[-90.92,75.957],[-89.999,75.983],[-89.715,75.836],[-89.264,75.78],[-89.228,75.719],[-89.336,75.584],[-88.919,75.45],[-88.696,75.657],[-88.201,75.497],[-87.758,75.561],[-87.523,75.487],[-87.269,75.603],[-86.51,75.441],[-86.466,75.375],[-86.02,75.424],[-86.045,75.496],[-85.959,75.535],[-85.27,75.57],[-83.942,75.812],[-83.318,75.741],[-82.311,75.833],[-81.241,75.777],[-80.232,75.631],[-79.628,75.454],[-79.495,75.359],[-79.474,75.038],[-79.365,74.9],[-80.293,74.588],[-81.221,74.582],[-81.78,74.476],[-82.916,74.562],[-83.087,74.654],[-83.097,74.8],[-83.507,74.892],[-83.342,74.757],[-83.491,74.582],[-84.239,74.509],[-84.879,74.51],[-85.001,74.665],[-85.08,74.527],[-85.242,74.497],[-85.502,74.639],[-85.639,74.499],[-86.069,74.486],[-86.188,74.579],[-86.486,74.494],[-86.763,74.578],[-86.739,74.478],[-86.901,74.466],[-88.506,74.51],[-88.553,74.591],[-88.46,74.748],[-88.556,74.871],[-88.858,74.682],[-89.012,74.787],[-89.247,74.588],[-89.884,74.539],[-90.948,74.713],[-90.81,74.862],[-91.159,74.748],[-91.2,74.636],[-91.568,74.658],[-92.033,74.799],[-92.178,75.036],[-92.087,75.128],[-92.463,75.236],[-92.391,75.424],[-92.08,75.62],[-92.154,75.826],[-93.124,76.339],[-95.245,76.238],[-95.34,76.338],[-96.008,76.49],[-95.859,76.561],[-96.782,76.707],[-96.848,76.757],[-96.663,76.798],[-96.75,76.885],[-96.655,76.96],[-95.503,77.052],[-93.701,76.902],[-93.262,76.72]]],[[[-106.826,75.968],[-106.328,76.056],[-105.609,75.938],[-105.396,75.69],[-105.47,75.565],[-105.619,75.518],[-105.665,75.358],[-106.055,75.05],[-107.172,74.916],[-107.623,74.973],[-107.717,75.087],[-107.982,74.939],[-108.34,74.924],[-108.736,75.066],[-109.54,74.867],[-110.0,74.853],[-110.0,75.545],[-108.991,75.495],[-108.85,75.62],[-109.115,75.747],[-109.889,75.879],[-109.387,76.027],[-109.346,76.101],[-110.0,76.236],[-110.0,76.477],[-109.783,76.507],[-109.289,76.789],[-108.748,76.838],[-108.472,76.722],[-108.636,76.618],[-108.518,76.445],[-108.163,76.303],[-108.361,76.077],[-107.69,75.994],[-107.95,75.812],[-107.161,75.901],[-106.893,75.708],[-106.826,75.968]]],[[[-55.61,51.335],[-56.056,51.34],[-55.986,51.203],[-55.755,51.185],[-55.756,51.077],[-56.018,50.787],[-56.153,50.75],[-56.17,50.632],[-56.731,50.029],[-56.793,49.661],[-56.173,50.119],[-56.099,49.998],[-55.536,49.975],[-55.996,49.713],[-55.894,49.608],[-55.95,49.522],[-55.688,49.603],[-55.677,49.421],[-55.431,49.476],[-55.332,49.383],[-55.299,49.518],[-55.19,49.526],[-55.321,49.119],[-55.077,49.324],[-54.811,49.321],[-54.779,49.4],[-54.887,49.565],[-54.721,49.582],[-54.792,49.687],[-54.563,49.627],[-54.458,49.343],[-54.047,49.459],[-53.517,49.248],[-53.598,49.088],[-53.944,48.859],[-53.87,48.805],[-53.905,48.727],[-53.705,48.672],[-53.84,48.598],[-53.806,48.531],[-53.883,48.443],[-53.091,48.645],[-53.023,48.547],[-53.664,48.058],[-53.842,47.772],[-53.797,47.68],[-53.596,47.558],[-53.299,47.979],[-52.942,48.128],[-53.219,47.57],[-53.087,47.452],[-52.772,47.751],[-52.664,47.537],[-52.973,46.808],[-53.142,46.655],[-53.342,46.713],[-53.599,46.671],[-53.586,47.146],[-53.983,46.852],[-54.155,46.849],[-54.142,47.009],[-53.902,47.42],[-53.955,47.687],[-54.065,47.81],[-54.31,47.653],[-54.436,47.438],[-54.893,47.339],[-55.23,46.97],[-55.806,46.879],[-55.941,46.941],[-55.86,47.049],[-55.441,47.187],[-55.218,47.423],[-54.88,47.61],[-55.39,47.683],[-55.417,47.519],[-55.553,47.445],[-56.011,47.523],[-55.97,47.591],[-56.102,47.723],[-56.809,47.558],[-58.349,47.718],[-59.001,47.574],[-59.291,47.64],[-59.389,47.895],[-58.432,48.479],[-58.688,48.585],[-58.659,48.722],[-58.389,49.105],[-58.109,49.04],[-58.03,49.206],[-58.211,49.268],[-58.217,49.385],[-57.932,49.544],[-57.927,49.725],[-57.342,50.709],[-57.023,50.861],[-57.019,51.0],[-56.586,51.381],[-55.971,51.598],[-55.779,51.501],[-55.719,51.569],[-55.459,51.573],[-55.61,51.335]]],[[[-97.179,73.86],[-97.011,73.75],[-97.02,73.648],[-97.552,73.502],[-97.292,73.478],[-97.236,73.383],[-97.824,73.264],[-98.359,72.982],[-97.984,73.066],[-97.369,72.974],[-97.1,72.77],[-97.098,72.647],[-96.578,72.719],[-96.35,72.469],[-96.567,72.302],[-96.519,71.896],[-96.99,71.724],[-97.562,71.632],[-98.171,71.675],[-98.317,71.844],[-98.382,71.716],[-98.143,71.503],[-98.483,71.33],[-98.907,71.311],[-99.202,71.392],[-99.744,71.786],[-100.63,72.158],[-101.198,72.313],[-101.756,72.311],[-101.994,72.493],[-102.579,72.666],[-102.691,72.775],[-102.499,73.003],[-102.198,73.077],[-101.821,73.012],[-101.226,72.729],[-100.414,72.777],[-100.389,73.02],[-100.258,72.912],[-100.122,72.951],[-100.244,73.089],[-100.517,73.182],[-100.362,73.268],[-100.058,73.246],[-100.328,73.366],[-100.973,73.298],[-101.498,73.499],[-101.103,73.603],[-100.613,73.492],[-100.604,73.58],[-101.025,73.742],[-100.563,73.853],[-100.053,73.798],[-100.167,73.882],[-100.053,73.933],[-99.151,73.732],[-97.798,73.895],[-97.179,73.86]]],[[[-85.44,65.806],[-85.156,65.763],[-85.053,65.612],[-85.21,65.518],[-85.015,65.417],[-84.88,65.225],[-84.5,65.457],[-84.215,65.353],[-84.107,65.222],[-83.39,65.128],[-83.174,64.942],[-82.082,64.679],[-81.838,64.552],[-81.75,64.471],[-81.739,64.288],[-81.587,64.137],[-81.988,64.045],[-81.986,63.988],[-81.409,64.081],[-80.933,63.976],[-80.903,64.111],[-80.544,63.975],[-80.558,63.862],[-80.148,63.781],[-80.472,63.719],[-81.021,63.446],[-82.065,63.683],[-82.45,63.674],[-82.516,63.735],[-82.344,63.843],[-82.4,63.912],[-83.125,63.965],[-82.96,64.118],[-83.087,64.171],[-83.542,64.092],[-83.652,64.003],[-83.615,63.77],[-84.082,63.598],[-84.277,63.616],[-84.586,63.298],[-85.469,63.101],[-85.61,63.179],[-85.656,63.344],[-85.631,63.68],[-87.144,63.571],[-87.19,63.719],[-86.932,63.896],[-86.17,64.126],[-86.349,64.305],[-86.38,64.595],[-86.14,64.925],[-86.201,65.0],[-85.986,65.698],[-85.523,65.908],[-85.44,65.806]]],[[[-97.7,76.318],[-97.518,76.161],[-97.721,75.757],[-97.423,75.669],[-97.395,75.496],[-97.684,75.534],[-97.903,75.461],[-97.982,75.32],[-97.793,75.154],[-97.969,75.137],[-98.075,75.037],[-99.418,75.041],[-99.61,74.984],[-100.314,75.035],[-100.433,75.179],[-100.282,75.269],[-100.529,75.343],[-100.447,75.434],[-100.033,75.486],[-99.832,75.59],[-99.876,75.649],[-102.576,75.513],[-102.767,75.596],[-102.249,75.728],[-102.268,75.822],[-102.178,75.862],[-101.393,75.805],[-101.539,75.977],[-101.807,76.053],[-101.757,76.204],[-102.038,76.26],[-101.927,76.408],[-101.31,76.404],[-100.979,76.233],[-99.911,75.918],[-99.87,75.959],[-100.034,76.088],[-100.025,76.175],[-100.296,76.242],[-100.122,76.336],[-100.669,76.397],[-100.79,76.489],[-100.313,76.622],[-99.673,76.609],[-99.111,76.429],[-98.993,76.472],[-98.959,76.618],[-98.484,76.665],[-97.732,76.478],[-97.7,76.318]]],[[[-102.686,79.102],[-102.559,78.907],[-102.257,79.028],[-101.429,79.047],[-101.061,78.945],[-101.081,78.807],[-100.439,78.819],[-99.585,78.59],[-99.794,78.437],[-99.762,78.321],[-98.973,78.064],[-99.177,77.849],[-99.908,77.794],[-100.537,77.875],[-100.829,78.103],[-101.502,78.235],[-101.729,78.172],[-101.848,78.267],[-102.615,78.257],[-102.786,78.37],[-103.994,78.253],[-104.459,78.282],[-104.875,78.416],[-104.947,78.506],[-104.686,78.578],[-103.545,78.514],[-103.477,78.584],[-103.603,78.652],[-103.465,78.756],[-104.123,78.785],[-104.013,78.904],[-104.181,78.97],[-104.917,78.822],[-104.749,79.006],[-105.5,79.029],[-105.605,79.119],[-105.377,79.325],[-103.961,79.378],[-103.053,79.261],[-102.686,79.102]]],[[[-79.48,73.638],[-78.133,73.665],[-77.424,73.554],[-77.17,73.5],[-77.007,73.355],[-76.739,73.322],[-76.576,73.15],[-76.301,73.098],[-76.291,72.962],[-76.063,72.917],[-76.457,72.817],[-78.234,72.898],[-79.491,72.753],[-79.995,72.876],[-80.15,73.031],[-80.165,73.231],[-80.832,73.32],[-80.852,73.609],[-80.753,73.749],[-80.412,73.762],[-79.48,73.638]]],[[[-96.167,69.08],[-95.996,69.206],[-95.784,68.894],[-95.229,68.849],[-95.485,68.706],[-95.711,68.751],[-95.846,68.626],[-96.512,68.46],[-98.087,68.689],[-98.307,68.847],[-98.43,68.755],[-98.686,68.774],[-98.907,68.953],[-99.185,68.84],[-99.525,69.014],[-99.421,69.128],[-98.743,69.194],[-98.448,69.316],[-98.54,69.436],[-98.508,69.571],[-98.156,69.495],[-98.295,69.615],[-98.284,69.696],[-97.933,69.894],[-97.402,69.756],[-97.38,69.618],[-97.212,69.682],[-96.205,69.306],[-96.167,69.08]]],[[[-93.408,74.9],[-93.45,74.746],[-93.731,74.648],[-94.497,74.634],[-96.574,75.02],[-96.443,75.18],[-96.116,75.264],[-96.063,75.413],[-95.829,75.389],[-95.72,75.518],[-94.999,75.62],[-94.297,75.581],[-93.52,75.266],[-93.408,74.9]]],[[[-96.249,78.531],[-95.535,78.511],[-94.876,78.355],[-95.301,78.248],[-94.922,78.109],[-95.086,77.967],[-96.227,77.863],[-96.553,77.903],[-96.872,77.788],[-97.119,77.827],[-97.059,77.915],[-97.705,78.053],[-96.934,78.129],[-97.882,78.224],[-98.381,78.482],[-98.147,78.553],[-98.336,78.658],[-98.35,78.762],[-98.147,78.815],[-96.529,78.68],[-96.205,78.627],[-96.249,78.531]]],[[[-75.012,68.122],[-75.139,67.959],[-75.052,67.593],[-75.18,67.446],[-75.825,67.258],[-77.078,67.258],[-77.211,67.438],[-77.276,67.728],[-76.731,68.224],[-76.3,68.336],[-75.14,68.237],[-75.012,68.122]]],[[[-109.783,77.952],[-110.0,77.925],[-110.0,78.113],[-109.616,78.043],[-109.783,77.952]]],[[[-105.444,72.953],[-106.137,73.201],[-106.132,73.254],[-106.43,73.397],[-106.98,73.488],[-106.475,73.718],[-105.434,73.771],[-105.136,73.756],[-104.451,73.549],[-104.516,73.349],[-105.23,72.855],[-105.377,72.856],[-105.444,72.953]]],[[[-109.449,78.592],[-109.223,78.473],[-109.314,78.355],[-110.0,78.323],[-110.0,78.696],[-109.449,78.592]]],[[[-81.981,62.694],[-83.116,62.174],[-83.317,62.255],[-83.712,62.147],[-83.75,62.298],[-83.955,62.444],[-83.588,62.692],[-83.542,62.829],[-83.305,62.927],[-83.02,62.848],[-82.259,62.989],[-81.879,62.915],[-81.981,62.694]]],[[[-64.501,49.876],[-64.169,49.947],[-63.031,49.753],[-61.9,49.345],[-61.693,49.121],[-62.242,49.066],[-63.564,49.392],[-63.919,49.669],[-64.501,49.876]]],[[[-93.61,77.781],[-93.119,77.673],[-93.368,77.631],[-93.586,77.444],[-95.857,77.469],[-96.246,77.577],[-96.249,77.678],[-95.543,77.802],[-95.361,77.747],[-93.61,77.781]]],[[[-63.783,46.445],[-63.629,46.557],[-62.999,46.371],[-62.652,46.462],[-62.018,46.435],[-62.571,46.187],[-62.464,46.108],[-62.53,45.976],[-62.866,45.989],[-62.96,46.185],[-63.14,46.228],[-63.278,46.139],[-63.666,46.234],[-63.798,46.321],[-63.781,46.386],[-64.135,46.422],[-64.081,46.613],[-64.408,46.679],[-63.998,47.039],[-63.982,46.889],[-64.067,46.752],[-63.806,46.607],[-63.87,46.517],[-63.783,46.445]]],[[[-79.873,61.584],[-80.212,61.79],[-80.268,61.909],[-80.143,62.211],[-79.93,62.367],[-79.599,62.41],[-79.273,62.238],[-79.305,62.018],[-79.438,61.956],[-79.696,61.605],[-79.873,61.584]]],[[[-103.805,75.856],[-103.847,75.943],[-103.198,76.053],[-103.928,76.044],[-104.451,76.156],[-104.24,76.232],[-102.698,76.306],[-102.532,76.21],[-102.696,76.089],[-102.324,76.06],[-103.614,75.841],[-103.805,75.856]]],[[[-105.009,77.414],[-104.752,77.416],[-104.35,77.21],[-104.643,77.109],[-105.257,77.159],[-105.746,77.459],[-105.725,77.522],[-105.851,77.622],[-106.101,77.728],[-105.976,77.765],[-105.209,77.631],[-104.976,77.512],[-105.009,77.414]]],[[[-91.2,77.507],[-91.141,77.603],[-90.891,77.655],[-90.391,77.631],[-89.844,77.51],[-89.71,77.399],[-89.886,77.237],[-90.236,77.201],[-90.979,77.316],[-91.19,77.393],[-91.2,77.507]]],[[[-80.674,52.755],[-80.71,52.679],[-82.04,53.019],[-81.865,53.158],[-81.116,53.188],[-80.843,53.019],[-80.674,52.755]]],[[[-99.365,79.854],[-100.167,79.914],[-100.1,80.008],[-99.115,80.129],[-98.832,80.069],[-98.633,79.792],[-98.832,79.679],[-99.311,79.76],[-99.365,79.854]]],[[[-73.39,67.959],[-73.343,67.831],[-73.429,67.762],[-74.312,67.764],[-74.584,67.828],[-74.77,68.019],[-74.455,68.074],[-74.339,68.18],[-74.214,68.139],[-74.241,68.067],[-73.783,67.995],[-73.537,68.03],[-73.39,67.959]]],[[[-104.493,75.411],[-104.202,75.448],[-103.839,75.374],[-103.597,75.156],[-104.218,75.027],[-104.617,75.06],[-104.898,75.156],[-104.493,75.411]]],[[[-103.776,76.618],[-103.021,76.445],[-103.514,76.319],[-104.284,76.329],[-104.654,76.6],[-103.966,76.662],[-103.95,76.594],[-103.776,76.618]]],[[[-79.25,56.561],[-79.127,56.564],[-79.09,56.456],[-78.928,56.415],[-78.917,56.302],[-79.048,56.246],[-78.991,56.334],[-79.044,56.344],[-79.074,56.176],[-79.171,56.219],[-79.484,55.868],[-79.694,55.862],[-79.478,56.117],[-79.874,55.826],[-80.02,55.925],[-79.525,56.287],[-79.482,56.443],[-79.616,56.291],[-79.487,56.495],[-79.43,56.419],[-79.57,56.17],[-79.411,56.211],[-79.275,56.653],[-79.169,56.645],[-79.25,56.561]]],[[[-99.088,73.819],[-99.395,73.902],[-98.012,74.112],[-97.616,74.077],[-98.381,73.851],[-99.088,73.819]]],[[[-78.454,69.223],[-78.834,68.915],[-79.373,68.875],[-79.217,69.082],[-78.955,69.113],[-78.663,69.269],[-78.7,69.344],[-78.295,69.379],[-78.21,69.299],[-78.454,69.223]]],[[[-77.589,63.157],[-77.933,63.092],[-78.49,63.384],[-78.487,63.499],[-77.815,63.458],[-77.483,63.253],[-77.589,63.157]]],[[[-86.852,68.01],[-86.97,68.083],[-86.67,68.299],[-86.423,68.213],[-86.353,67.944],[-86.578,67.725],[-86.804,67.773],[-86.953,67.917],[-86.852,68.01]]],[[[-102.042,77.685],[-102.504,77.812],[-102.439,77.878],[-101.683,77.903],[-100.947,77.758],[-102.042,77.685]]],[[[-79.637,69.616],[-80.04,69.652],[-79.924,69.528],[-80.002,69.499],[-80.209,69.534],[-80.214,69.628],[-80.335,69.572],[-80.467,69.667],[-80.789,69.697],[-80.446,69.797],[-80.122,69.749],[-79.637,69.816],[-79.335,69.721],[-79.637,69.616]]],[[[-89.866,76.609],[-89.734,76.516],[-90.097,76.489],[-90.594,76.741],[-89.991,76.842],[-89.713,76.742],[-89.866,76.609]]],[[[-64.69,61.464],[-64.79,61.325],[-64.908,61.332],[-65.468,61.589],[-65.321,61.715],[-64.775,61.657],[-64.657,61.576],[-64.69,61.464]]],[[[-70.173,62.582],[-70.698,62.558],[-70.808,62.769],[-71.102,62.797],[-71.173,62.877],[-70.951,62.899],[-70.429,62.751],[-70.173,62.582]]],[[[-74.804,68.442],[-74.743,68.409],[-74.84,68.322],[-74.982,68.343],[-75.39,68.516],[-75.363,68.647],[-75.096,68.749],[-74.764,68.5],[-74.804,68.442]]],[[[-76.656,69.38],[-76.92,69.165],[-77.195,69.134],[-77.356,69.244],[-77.329,69.414],[-76.656,69.38]]],[[[-77.476,63.655],[-77.023,63.673],[-76.566,63.457],[-76.707,63.367],[-76.971,63.404],[-77.476,63.655]]],[[[-84.647,65.54],[-85.069,65.739],[-85.131,65.999],[-84.92,66.008],[-84.778,65.865],[-84.631,65.819],[-84.556,65.645],[-84.647,65.54]]],[[[-68.228,60.58],[-68.006,60.581],[-67.845,60.468],[-67.983,60.296],[-68.429,60.243],[-68.385,60.368],[-68.228,60.58]]],[[[-102.042,75.967],[-102.592,75.779],[-103.263,75.782],[-102.957,75.918],[-102.042,75.967]]],[[[-85.201,79.032],[-86.422,78.897],[-86.262,79.015],[-85.794,79.072],[-85.201,79.032]]],[[[-95.371,69.408],[-95.608,69.291],[-95.675,69.566],[-95.794,69.584],[-95.734,69.471],[-95.924,69.359],[-95.96,69.507],[-95.771,69.635],[-95.323,69.566],[-95.371,69.408]]],[[[-100.376,69.072],[-100.157,68.915],[-100.179,68.8],[-100.353,68.708],[-100.593,68.767],[-100.585,68.991],[-100.376,69.072]]],[[[-96.607,72.972],[-96.879,72.927],[-97.067,72.985],[-97.12,73.061],[-96.808,73.193],[-96.55,73.058],[-96.607,72.972]]],[[[-78.373,69.696],[-78.226,69.673],[-78.144,69.753],[-77.96,69.641],[-78.847,69.483],[-78.373,69.696]]],[[[-78.823,76.086],[-79.11,75.974],[-79.075,75.884],[-79.405,75.802],[-79.674,75.881],[-79.1,76.117],[-78.823,76.086]]],[[[-87.132,70.0],[-87.316,70.106],[-86.611,70.119],[-86.491,69.992],[-87.132,70.0]]],[[[-101.806,68.808],[-101.681,68.682],[-101.845,68.58],[-102.224,68.649],[-102.289,68.692],[-101.806,68.808]]],[[[-104.478,68.407],[-104.741,68.418],[-105.091,68.526],[-104.599,68.569],[-104.401,68.486],[-104.478,68.407]]],[[[-64.643,62.333],[-64.924,62.463],[-64.746,62.565],[-64.671,62.525],[-64.253,62.525],[-64.643,62.333]]],[[[-94.696,75.761],[-94.793,75.8],[-94.815,75.951],[-94.5,75.973],[-94.306,75.787],[-94.696,75.761]]],[[[-100.326,76.747],[-101.419,76.6],[-100.795,76.751],[-100.326,76.747]]],[[[-96.451,75.573],[-96.501,75.456],[-96.932,75.385],[-96.997,75.504],[-96.451,75.573]]],[[[-96.119,69.359],[-96.197,69.37],[-96.638,69.58],[-96.165,69.578],[-96.058,69.459],[-96.119,69.359]]],[[[-78.673,56.418],[-78.682,56.184],[-78.992,56.018],[-79.071,55.869],[-79.016,56.018],[-78.776,56.391],[-78.673,56.418]]],[[[-95.483,74.504],[-95.839,74.587],[-95.497,74.647],[-95.228,74.52],[-95.483,74.504]]],[[[-95.915,75.57],[-96.232,75.465],[-96.374,75.522],[-96.38,75.637],[-95.915,75.57]]],[[[-64.949,61.72],[-65.141,61.791],[-65.232,61.879],[-65.128,61.932],[-64.829,61.832],[-64.8,61.77],[-64.949,61.72]]],[[[-79.079,68.177],[-79.194,68.239],[-79.147,68.364],[-78.928,68.361],[-78.807,68.278],[-79.079,68.177]]],[[[-78.859,68.664],[-78.481,68.623],[-78.815,68.437],[-78.939,68.514],[-78.71,68.591],[-78.859,68.664]]],[[[-100.257,70.629],[-100.286,70.5],[-100.55,70.532],[-100.638,70.673],[-100.257,70.629]]],[[[-61.974,57.459],[-62.037,57.549],[-61.704,57.577],[-61.656,57.395],[-61.974,57.459]]],[[[-101.245,69.371],[-101.191,69.491],[-101.271,69.459],[-101.363,69.544],[-101.042,69.539],[-100.949,69.463],[-101.245,69.371]]],[[[-90.905,77.253],[-90.701,77.186],[-90.998,77.14],[-91.255,77.213],[-90.905,77.253]]],[[[-58.936,48.688],[-58.905,48.589],[-58.745,48.543],[-59.258,48.47],[-58.936,48.688]]],[[[-68.21,69.59],[-67.877,69.699],[-67.739,69.64],[-67.933,69.532],[-68.21,69.59]]],[[[-103.118,78.124],[-103.305,78.153],[-102.9,78.275],[-102.786,78.219],[-103.118,78.124]]],[[[-90.339,69.244],[-90.499,69.365],[-90.216,69.449],[-90.116,69.41],[-90.339,69.244]]],[[[-79.597,56.413],[-79.662,56.322],[-80.103,56.203],[-80.031,56.305],[-79.597,56.413]]],[[[-79.381,52.086],[-79.271,52.065],[-79.314,51.946],[-79.611,51.915],[-79.655,51.963],[-79.381,52.086]]],[[[-62.879,67.053],[-62.612,67.123],[-62.589,67.212],[-62.37,67.163],[-62.768,66.997],[-62.879,67.053]]]]}},{"type":"Feature","properties":{"iso":"AZ","name":"Azerbaijan"},"geometry":{"type":"MultiPolygon","coordinates":[[[[46.896,41.722],[46.989,41.622],[47.0,41.592],[47.0,41.576],[47.01,41.565],[47.132,41.555],[47.307,41.302],[47.751,41.196],[47.885,41.233],[48.059,41.487],[48.398,41.613],[48.587,41.837],[49.037,41.408],[49.213,41.04],[49.514,40.784],[49.562,40.642],[50.026,40.571],[50.377,40.394],[50.366,40.254],[50.205,40.338],[49.89,40.349],[49.441,40.061],[49.408,39.71],[49.293,39.519],[49.39,39.346],[49.248,39.282],[49.154,38.991],[49.087,38.989],[49.132,39.075],[49.043,39.165],[48.953,39.14],[48.837,38.826],[48.888,38.441],[48.625,38.41],[48.449,38.6],[48.322,38.608],[48.042,38.826],[48.037,38.909],[48.329,39.028],[48.144,39.276],[48.353,39.391],[47.988,39.698],[47.399,39.462],[47.0,39.189],[47.0,39.165],[46.845,39.131],[46.546,38.878],[46.537,39.046],[46.457,39.168],[46.551,39.188],[46.578,39.228],[46.516,39.321],[46.439,39.359],[46.404,39.414],[46.509,39.482],[46.547,39.56],[46.355,39.629],[46.183,39.61],[45.998,39.769],[45.843,39.838],[45.787,39.927],[45.637,39.998],[45.655,40.03],[45.808,40.012],[45.856,40.026],[45.957,40.229],[45.913,40.289],[45.652,40.374],[45.482,40.486],[45.379,40.634],[45.384,40.696],[45.559,40.826],[45.57,40.893],[45.396,41.02],[45.251,41.018],[45.247,40.982],[45.214,40.967],[45.181,40.994],[45.214,41.011],[45.214,41.035],[45.143,41.089],[45.091,41.071],[45.086,41.108],[45.182,41.153],[45.129,41.199],[45.04,41.201],[45.026,41.213],[45.013,41.297],[45.181,41.412],[45.319,41.461],[45.479,41.44],[45.704,41.352],[45.747,41.263],[45.936,41.19],[46.258,41.185],[46.486,41.074],[46.622,41.112],[46.703,41.26],[46.691,41.324],[46.614,41.388],[46.351,41.502],[46.31,41.591],[46.226,41.619],[46.195,41.686],[46.209,41.754],[46.354,41.819],[46.421,41.904],[46.521,41.878],[46.574,41.814],[46.752,41.85],[46.794,41.778],[46.896,41.722]],[[45.512,40.674],[45.481,40.657],[45.47,40.596],[45.482,40.59],[45.544,40.626],[45.541,40.661],[45.512,40.674]]],[[[45.704,39.6],[45.76,39.591],[45.809,39.551],[45.831,39.481],[45.81,39.38],[46.0,39.276],[46.005,39.181],[46.099,39.019],[46.141,38.845],[46.075,38.878],[45.895,38.884],[45.469,38.989],[45.34,39.162],[45.16,39.216],[45.139,39.276],[45.064,39.369],[44.977,39.424],[44.896,39.593],[44.812,39.632],[44.768,39.714],[45.092,39.771],[45.173,39.697],[45.214,39.599],[45.288,39.602],[45.471,39.508],[45.704,39.6]]],[[[45.063,41.038],[45.016,41.024],[44.971,41.074],[45.033,41.092],[45.063,41.038]]],[[[44.941,39.77],[44.927,39.768],[44.903,39.827],[44.961,39.823],[44.941,39.77]]]]}},{"type":"Feature","properties":{"iso":"BA","name":"Bosnia and Herzegovina"},"geometry":{"type":"Polygon","coordinates":[[[17.524,45.113],[17.675,45.126],[17.851,45.049],[18.011,45.142],[18.139,45.081],[18.197,45.084],[18.254,45.133],[18.416,45.105],[18.491,45.063],[18.53,45.088],[18.674,45.08],[18.787,44.983],[18.77,44.911],[18.839,44.862],[19.022,44.855],[19.169,44.914],[19.351,44.889],[19.278,44.667],[19.131,44.508],[19.144,44.433],[19.119,44.343],[19.176,44.287],[19.319,44.267],[19.368,44.187],[19.497,44.099],[19.584,44.061],[19.589,44.015],[19.504,43.966],[19.285,43.957],[19.494,43.721],[19.502,43.632],[19.453,43.587],[19.288,43.591],[19.249,43.564],[19.224,43.528],[18.956,43.52],[18.946,43.497],[19.062,43.346],[19.034,43.284],[18.992,43.266],[18.934,43.337],[18.893,43.348],[18.763,43.291],[18.681,43.205],[18.647,43.049],[18.54,43.018],[18.494,42.968],[18.465,42.796],[18.552,42.712],[18.56,42.658],[18.528,42.586],[18.438,42.556],[18.364,42.61],[18.215,42.625],[17.912,42.806],[17.818,42.902],[17.707,42.915],[17.649,42.889],[17.581,42.938],[17.694,42.971],[17.696,42.997],[17.634,43.089],[17.451,43.177],[17.314,43.301],[17.261,43.392],[17.262,43.477],[17.145,43.502],[17.011,43.578],[16.544,43.974],[16.24,44.197],[16.172,44.209],[16.21,44.233],[16.208,44.343],[16.132,44.455],[16.113,44.509],[16.038,44.573],[16.023,44.644],[15.909,44.728],[15.826,44.731],[15.762,44.782],[15.743,44.818],[15.78,44.851],[15.737,44.936],[15.774,44.989],[15.78,45.172],[15.84,45.224],[15.997,45.218],[16.114,45.095],[16.304,45.0],[16.349,45.011],[16.4,45.108],[16.539,45.226],[16.815,45.19],[16.929,45.267],[16.952,45.234],[17.141,45.163],[17.227,45.148],[17.283,45.181],[17.524,45.113]]]}},{"type":"Feature","properties":{"iso":"BB","name":"Barbados"},"geometry":{"type":"Polygon","coordinates":[[[-59.637,13.133],[-59.613,13.335],[-59.42,13.149],[-59.504,13.052],[-59.637,13.133]]]}},{"type":"Feature","properties":{"iso":"BD","name":"Bangladesh"},"geometry":{"type":"Polygon","coordinates":[[[88.974,26.437],[89.123,26.317],[89.173,26.154],[89.349,26.024],[89.568,25.992],[89.68,26.198],[89.854,25.934],[89.853,25.318],[90.384,25.163],[91.243,25.199],[91.654,25.127],[92.058,25.182],[92.381,25.035],[92.477,24.913],[92.276,24.831],[92.12,24.403],[91.937,24.334],[91.902,24.154],[91.758,24.224],[91.613,24.091],[91.399,24.101],[91.236,23.896],[91.157,23.63],[91.35,23.089],[91.396,23.057],[91.392,23.248],[91.447,23.243],[91.607,22.957],[91.811,23.086],[91.776,23.263],[91.96,23.48],[91.949,23.706],[92.051,23.645],[92.161,23.727],[92.282,23.687],[92.381,22.935],[92.518,22.692],[92.669,21.295],[92.602,21.266],[92.366,21.454],[92.221,21.335],[92.197,21.037],[92.112,21.126],[91.902,21.596],[91.737,22.39],[91.459,22.734],[90.909,22.396],[90.724,22.07],[90.541,22.046],[90.514,22.16],[90.179,21.84],[89.864,22.054],[89.806,21.888],[89.648,21.782],[89.57,21.792],[89.516,21.949],[89.422,21.794],[89.237,21.733],[89.109,21.888],[88.883,22.997],[88.961,23.199],[88.738,23.279],[88.776,23.473],[88.587,23.674],[88.611,23.837],[88.747,23.976],[88.709,24.282],[88.18,24.495],[88.057,24.68],[88.177,24.929],[88.388,24.961],[88.478,25.192],[88.903,25.196],[88.973,25.281],[88.795,25.511],[88.558,25.518],[88.289,25.779],[88.12,25.827],[88.193,26.136],[88.498,26.376],[88.359,26.49],[88.384,26.574],[88.634,26.445],[88.71,26.295],[89.022,26.252],[88.928,26.408],[88.974,26.437]]]}},{"type":"Feature","properties":{"iso":"BE","name":"Belgium"},"geometry":{"type":"Polygon","coordinates":[[[5.042,51.479],[5.102,51.429],[5.088,51.382],[5.145,51.321],[5.226,51.309],[5.238,51.262],[5.498,51.296],[5.548,51.269],[5.566,51.221],[5.835,51.156],[5.733,50.927],[5.654,50.866],[5.688,50.812],[5.682,50.757],[5.774,50.775],[5.892,50.755],[6.021,50.754],[6.119,50.712],[6.184,50.638],[6.256,50.622],[6.189,50.566],[6.192,50.521],[6.316,50.497],[6.368,50.445],[6.355,50.379],[6.405,50.323],[6.315,50.313],[6.193,50.241],[6.138,50.13],[6.025,50.183],[5.901,50.108],[5.869,50.047],[5.776,49.948],[5.746,49.854],[5.759,49.802],[5.871,49.715],[5.899,49.657],[5.861,49.574],[5.818,49.546],[5.735,49.546],[5.471,49.497],[5.394,49.617],[5.32,49.621],[5.291,49.68],[5.154,49.718],[4.969,49.802],[4.864,49.811],[4.879,49.913],[4.802,49.965],[4.869,50.144],[4.797,50.149],[4.697,50.085],[4.695,50.047],[4.678,49.996],[4.432,49.942],[4.233,49.958],[4.141,49.979],[4.209,50.079],[4.149,50.151],[4.198,50.25],[4.028,50.358],[3.894,50.333],[3.77,50.35],[3.708,50.322],[3.667,50.356],[3.656,50.462],[3.615,50.49],[3.524,50.497],[3.491,50.527],[3.386,50.495],[3.303,50.522],[3.245,50.713],[3.195,50.755],[3.098,50.779],[3.019,50.774],[2.908,50.702],[2.863,50.708],[2.707,50.81],[2.636,50.821],[2.607,50.913],[2.623,50.957],[2.546,51.089],[2.749,51.162],[3.195,51.355],[3.366,51.37],[3.381,51.274],[3.5,51.247],[3.534,51.29],[3.602,51.301],[3.856,51.211],[3.978,51.225],[4.105,51.265],[4.166,51.293],[4.242,51.354],[4.244,51.375],[4.406,51.365],[4.39,51.444],[4.486,51.478],[4.528,51.476],[4.548,51.429],[4.67,51.426],[4.76,51.502],[4.829,51.48],[4.841,51.428],[4.899,51.406],[5.042,51.479]],[[4.782,51.445],[4.746,51.438],[4.788,51.396],[4.831,51.415],[4.782,51.445]]]}},{"type":"Feature","properties":{"iso":"BF","name":"Burkina Faso"},"geometry":{"type":"Polygon","coordinates":[[[0.172,14.528],[0.39,14.276],[0.402,14.029],[0.622,13.709],[0.982,13.573],[1.2,13.382],[1.168,13.327],[0.997,13.36],[1.002,13.01],[1.133,12.987],[1.585,12.635],[1.856,12.61],[1.994,12.732],[2.145,12.691],[2.269,12.44],[2.075,12.346],[2.405,11.9],[2.294,11.672],[2.019,11.433],[1.624,11.395],[1.423,11.461],[1.325,11.299],[1.144,11.255],[1.088,11.062],[0.51,10.941],[0.474,11.014],[-0.269,11.159],[-0.61,10.916],[-0.696,10.997],[-1.45,11.025],[-2.829,10.991],[-2.934,10.615],[-2.793,10.425],[-2.845,10.33],[-2.767,10.251],[-2.786,9.739],[-2.687,9.491],[-2.749,9.42],[-3.206,9.913],[-3.289,9.86],[-3.643,9.948],[-3.898,9.894],[-4.26,9.751],[-4.385,9.605],[-4.525,9.735],[-4.699,9.693],[-4.817,9.85],[-4.956,9.892],[-5.123,10.292],[-5.394,10.295],[-5.519,10.433],[-5.434,10.84],[-5.484,11.05],[-5.328,11.166],[-5.208,11.443],[-5.278,11.754],[-5.363,11.825],[-5.089,11.968],[-4.736,12.011],[-4.593,12.126],[-4.441,12.344],[-4.409,12.542],[-4.481,12.709],[-4.29,12.71],[-4.236,12.779],[-4.335,13.135],[-3.999,13.468],[-3.452,13.174],[-3.253,13.313],[-3.263,13.7],[-2.896,13.66],[-2.822,14.056],[-2.482,14.281],[-2.059,14.176],[-1.959,14.47],[-1.662,14.516],[-0.712,15.073],[-0.236,15.065],[0.229,14.99],[0.172,14.528]]]}},{"type":"Feature","properties":{"iso":"BG","name":"Bulgaria"},"geometry":{"type":"Polygon","coordinates":[[[23.423,43.852],[23.63,43.791],[23.73,43.803],[24.112,43.7],[24.324,43.698],[24.5,43.759],[24.655,43.724],[24.736,43.692],[24.994,43.723],[25.296,43.655],[25.391,43.623],[25.545,43.643],[25.672,43.688],[25.775,43.71],[26.112,43.969],[26.358,44.037],[26.766,44.082],[26.922,44.137],[27.271,44.126],[27.295,44.081],[27.403,44.019],[27.597,44.015],[27.648,44.039],[27.695,43.987],[27.756,43.962],[27.922,43.999],[28.003,43.843],[28.221,43.764],[28.579,43.739],[28.599,43.524],[28.473,43.381],[28.316,43.415],[28.151,43.401],[28.06,43.316],[28.013,43.241],[27.934,43.188],[27.883,42.838],[27.857,42.725],[27.696,42.656],[27.53,42.539],[27.486,42.47],[27.506,42.445],[27.629,42.443],[27.698,42.408],[27.727,42.347],[27.783,42.321],[27.764,42.278],[27.791,42.223],[27.963,42.085],[28.036,41.983],[27.866,41.997],[27.805,41.96],[27.702,41.969],[27.554,41.921],[27.285,42.091],[27.166,42.071],[27.06,42.088],[26.949,42.0],[26.738,41.961],[26.627,41.972],[26.562,41.926],[26.575,41.893],[26.537,41.831],[26.362,41.808],[26.335,41.752],[26.358,41.711],[26.172,41.743],[26.081,41.709],[26.079,41.649],[26.121,41.628],[26.168,41.557],[26.179,41.441],[26.121,41.359],[25.906,41.308],[25.822,41.339],[25.702,41.3],[25.567,41.314],[25.313,41.239],[25.225,41.265],[25.179,41.31],[24.915,41.401],[24.832,41.396],[24.784,41.36],[24.723,41.41],[24.618,41.432],[24.528,41.561],[24.319,41.52],[24.26,41.566],[24.177,41.525],[24.143,41.537],[24.06,41.522],[24.054,41.46],[23.911,41.467],[23.624,41.376],[23.496,41.404],[23.347,41.374],[23.293,41.398],[23.189,41.324],[22.928,41.339],[22.96,41.365],[22.968,41.52],[22.954,41.63],[23.026,41.723],[22.875,41.938],[22.867,42.022],[22.671,42.071],[22.51,42.155],[22.36,42.311],[22.454,42.347],[22.543,42.47],[22.528,42.515],[22.457,42.573],[22.461,42.648],[22.492,42.74],[22.443,42.825],[22.516,42.869],[22.748,42.89],[22.794,42.979],[22.976,43.114],[23.006,43.193],[22.9,43.228],[22.747,43.387],[22.667,43.403],[22.53,43.486],[22.48,43.644],[22.411,43.702],[22.366,43.806],[22.417,44.0],[22.611,44.067],[22.628,44.17],[22.675,44.216],[23.024,44.08],[23.034,44.045],[22.892,43.983],[22.847,43.878],[22.887,43.834],[22.997,43.808],[23.423,43.852]]]}},{"type":"Feature","properties":{"iso":"BH","name":"Bahrain"},"geometry":{"type":"Polygon","coordinates":[[[50.465,25.949],[50.455,26.21],[50.597,26.204],[50.635,26.03],[50.572,25.801],[50.465,25.949]]]}},{"type":"Feature","properties":{"iso":"CD","name":"Democratic Republic of The Congo"},"geometry":{"type":"Polygon","coordinates":[[[28.024,4.546],[28.066,4.437],[28.401,4.278],[28.774,4.55],[29.231,4.347],[29.42,4.501],[29.482,4.674],[29.636,4.649],[29.809,4.561],[29.808,4.366],[29.935,4.319],[30.221,3.95],[30.546,3.856],[30.569,3.605],[30.772,3.66],[30.855,3.487],[30.914,3.495],[30.774,3.073],[30.872,2.86],[30.745,2.469],[30.881,2.354],[30.984,2.395],[31.186,2.287],[31.297,2.11],[31.015,1.74],[30.255,1.131],[30.166,0.911],[29.99,0.821],[29.945,0.465],[29.732,0.0],[17.76,0.0],[17.947,0.414],[17.852,0.958],[18.061,1.555],[18.101,2.228],[18.639,3.281],[18.592,3.732],[18.65,3.993],[18.556,4.338],[18.76,4.406],[19.097,4.921],[19.403,5.118],[19.804,5.103],[20.332,4.762],[20.57,4.426],[20.95,4.433],[21.201,4.305],[21.547,4.259],[21.732,4.305],[22.267,4.124],[22.53,4.204],[22.606,4.472],[22.694,4.494],[22.773,4.697],[22.914,4.814],[23.39,4.599],[23.598,4.758],[24.258,4.945],[24.38,5.103],[24.53,5.077],[24.727,4.903],[24.959,4.98],[25.06,4.939],[25.308,5.04],[25.348,5.271],[25.558,5.372],[25.825,5.205],[26.199,5.237],[26.496,5.057],[26.747,5.102],[26.849,5.047],[27.11,5.206],[27.414,5.087],[27.769,4.774],[27.796,4.604],[28.024,4.546]]]}},{"type":"Feature","properties":{"iso":"CF","name":"Central African Republic"},"geometry":{"type":"Polygon","coordinates":[[[23.65,9.277],[23.466,9.097],[23.466,8.975],[23.584,9.002],[23.523,8.719],[23.927,8.714],[23.977,8.65],[24.25,8.69],[24.158,8.411],[24.205,8.313],[24.855,8.161],[24.982,7.971],[25.191,7.894],[25.283,7.668],[25.182,7.578],[25.209,7.5],[26.018,7.009],[26.088,6.834],[26.39,6.663],[26.3,6.459],[26.524,6.216],[26.47,6.103],[26.811,5.995],[27.185,5.725],[27.271,5.573],[27.258,5.319],[27.436,5.093],[27.444,5.019],[27.11,5.206],[26.849,5.047],[26.747,5.102],[26.496,5.057],[26.199,5.237],[25.825,5.205],[25.558,5.372],[25.348,5.271],[25.308,5.04],[25.06,4.939],[24.959,4.98],[24.727,4.903],[24.53,5.077],[24.38,5.103],[24.258,4.945],[23.598,4.758],[23.39,4.599],[22.914,4.814],[22.773,4.697],[22.694,4.494],[22.606,4.472],[22.53,4.204],[22.267,4.124],[21.732,4.305],[21.547,4.259],[21.201,4.305],[20.95,4.433],[20.57,4.426],[20.332,4.762],[19.804,5.103],[19.403,5.118],[19.097,4.921],[18.76,4.406],[18.556,4.338],[18.65,3.993],[18.625,3.472],[18.492,3.641],[18.198,3.491],[17.484,3.698],[17.035,3.525],[16.669,3.536],[16.512,3.165],[16.514,2.836],[16.192,2.221],[16.081,2.465],[16.042,2.958],[15.788,3.114],[15.249,3.715],[15.081,4.005],[15.17,4.053],[15.085,4.301],[14.73,4.627],[14.68,5.159],[14.539,5.276],[14.623,5.502],[14.62,5.878],[14.501,5.915],[14.425,6.055],[14.76,6.278],[14.96,6.726],[15.076,6.802],[15.235,7.248],[15.507,7.527],[15.939,7.478],[16.378,7.676],[16.565,7.856],[16.849,7.546],[17.679,7.972],[18.588,8.054],[19.096,8.658],[18.884,8.857],[18.994,8.969],[20.405,9.151],[20.534,9.32],[20.832,9.457],[21.232,9.959],[21.719,10.298],[21.735,10.63],[21.84,10.841],[22.501,11.002],[22.876,10.931],[23.325,10.451],[23.66,9.919],[23.65,9.277]]]}},{"type":"Feature","properties":{"iso":"CN","name":"China"},"geometry":{"type":"MultiPolygon","coordinates":[[[[125.126,53.199],[125.601,53.067],[125.711,52.985],[125.671,52.875],[126.077,52.771],[125.985,52.6],[126.167,52.546],[126.381,52.288],[126.324,52.207],[126.531,52.12],[126.458,51.958],[126.944,51.318],[126.816,51.303],[126.923,51.068],[127.279,50.747],[127.346,50.317],[127.587,50.213],[127.495,50.025],[127.553,49.81],[127.84,49.594],[128.759,49.579],[128.778,49.484],[129.103,49.363],[129.485,49.424],[130.0,49.006],[130.0,42.99],[129.855,42.946],[129.727,42.47],[129.543,42.384],[129.332,42.432],[129.165,42.179],[128.918,42.025],[128.097,41.983],[128.114,41.801],[128.297,41.581],[128.123,41.38],[127.297,41.48],[127.143,41.54],[126.939,41.79],[126.707,41.732],[126.579,41.606],[126.51,41.371],[126.018,40.927],[125.714,40.861],[125.41,40.644],[124.87,40.45],[124.417,40.138],[124.234,39.794],[124.218,39.888],[123.691,39.836],[122.951,39.64],[122.38,39.394],[121.882,39.01],[121.683,38.994],[121.624,38.87],[121.193,38.766],[121.167,38.923],[121.621,39.091],[121.706,39.34],[121.337,39.405],[121.322,39.555],[121.488,39.65],[121.536,39.811],[121.904,40.034],[122.233,40.475],[122.122,40.668],[121.818,40.883],[121.203,40.902],[121.021,40.817],[120.417,40.205],[119.527,39.854],[119.34,39.679],[119.23,39.396],[119.036,39.238],[118.347,39.077],[118.096,39.196],[117.895,39.184],[117.766,39.09],[117.569,38.722],[117.695,38.402],[118.001,38.177],[118.84,38.142],[119.029,37.785],[118.985,37.348],[119.214,37.193],[119.735,37.173],[120.354,37.682],[120.775,37.815],[121.586,37.446],[122.09,37.508],[122.594,37.364],[122.477,36.961],[122.386,36.881],[121.932,36.954],[121.618,36.784],[120.865,36.618],[120.922,36.471],[120.725,36.407],[120.606,36.127],[120.38,36.079],[120.311,36.213],[120.152,36.176],[120.17,35.935],[119.868,35.655],[119.637,35.563],[119.202,34.937],[119.263,34.776],[120.258,34.28],[120.816,32.972],[120.887,32.629],[121.288,32.401],[121.405,32.176],[121.816,31.882],[121.816,31.717],[121.379,31.826],[121.859,31.553],[121.8,31.476],[121.343,31.645],[121.166,31.824],[120.984,31.817],[120.794,31.995],[120.645,32.005],[120.82,31.795],[121.683,31.299],[121.865,30.926],[121.033,30.566],[120.837,30.366],[120.465,30.386],[120.307,30.27],[120.504,30.291],[120.694,30.123],[121.297,30.293],[121.692,29.976],[122.057,29.885],[121.459,29.476],[121.537,29.434],[121.8,29.585],[121.962,29.576],[121.939,29.097],[121.841,29.123],[121.787,29.295],[121.458,29.152],[121.682,28.976],[121.587,28.916],[121.63,28.771],[121.497,28.65],[121.622,28.31],[121.456,28.3],[121.199,28.073],[121.243,28.253],[121.153,28.319],[120.96,28.02],[120.834,27.963],[120.501,27.215],[120.072,26.864],[120.084,26.646],[119.885,26.551],[120.017,26.773],[119.872,26.692],[119.801,26.783],[119.616,26.713],[119.6,26.615],[119.768,26.609],[119.796,26.493],[119.641,26.408],[119.864,26.344],[119.66,26.224],[119.685,25.957],[119.486,25.651],[119.621,25.38],[119.261,25.519],[119.167,25.385],[119.319,25.239],[118.935,25.252],[118.893,25.07],[118.953,24.971],[118.869,24.879],[118.668,24.902],[118.735,24.74],[118.626,24.566],[118.444,24.644],[118.317,24.57],[118.167,24.641],[118.065,24.589],[117.938,24.436],[118.102,24.269],[117.797,23.971],[117.715,23.999],[117.605,23.877],[117.472,23.907],[117.485,23.718],[117.404,23.612],[117.318,23.729],[117.13,23.592],[116.924,23.624],[116.721,23.346],[116.745,23.238],[116.576,23.151],[116.467,22.961],[115.854,22.775],[115.628,22.848],[115.512,22.68],[115.288,22.777],[115.279,22.871],[114.87,22.587],[114.759,22.624],[114.744,22.792],[114.549,22.691],[114.546,22.479],[114.391,22.587],[113.892,22.506],[113.769,22.72],[113.584,22.844],[113.551,22.215],[113.361,22.177],[113.347,22.019],[113.198,22.028],[113.084,22.195],[112.962,21.894],[112.816,21.942],[112.598,21.78],[112.417,21.874],[112.307,21.73],[112.138,21.79],[111.763,21.733],[111.643,21.548],[111.053,21.494],[110.734,21.35],[110.534,21.153],[110.414,21.295],[110.345,21.111],[110.493,21.003],[110.223,20.981],[110.198,20.911],[110.368,20.8],[110.35,20.685],[110.502,20.482],[110.388,20.315],[109.936,20.293],[109.958,20.434],[109.785,20.62],[109.686,20.918],[109.774,21.295],[109.907,21.431],[109.699,21.512],[109.562,21.695],[109.5,21.503],[109.148,21.425],[109.122,21.566],[108.922,21.638],[108.847,21.756],[108.746,21.649],[108.535,21.86],[108.465,21.593],[108.367,21.653],[108.267,21.566],[108.024,21.549],[107.815,21.644],[107.378,21.625],[107.056,21.822],[107.017,21.929],[106.707,22.0],[106.683,22.27],[106.57,22.443],[106.81,22.812],[106.531,22.933],[106.308,22.879],[106.129,22.99],[105.874,22.939],[105.589,23.082],[105.326,23.369],[104.882,23.163],[104.843,22.942],[104.725,22.837],[104.564,22.837],[104.374,22.702],[104.249,22.825],[104.12,22.799],[103.977,22.525],[103.657,22.774],[103.52,22.616],[103.345,22.796],[103.023,22.45],[102.493,22.765],[102.25,22.44],[101.684,22.453],[101.558,22.244],[101.612,21.981],[101.762,21.837],[101.826,21.621],[101.732,21.36],[101.831,21.165],[101.535,21.248],[101.275,21.197],[101.102,21.757],[100.606,21.467],[100.126,21.539],[100.146,21.673],[99.979,21.745],[99.949,22.049],[99.189,22.149],[99.365,22.515],[99.346,22.743],[99.542,22.956],[99.451,23.094],[99.136,23.1],[98.906,23.201],[98.859,23.646],[98.69,23.86],[98.864,24.122],[98.126,24.091],[97.675,23.877],[97.566,23.934],[97.743,24.23],[97.675,24.414],[97.551,24.472],[97.562,24.708],[97.764,24.86],[97.728,25.038],[97.806,25.198],[98.078,25.336],[98.185,25.595],[98.358,25.589],[98.515,25.808],[98.688,25.864],[98.596,26.09],[98.713,26.16],[98.77,26.595],[98.692,27.537],[98.469,27.64],[98.33,27.544],[98.123,28.139],[97.689,28.505],[97.536,28.501],[97.489,28.318],[97.347,28.208],[97.124,28.366],[96.991,28.324],[96.628,28.454],[96.412,28.349],[96.309,28.4],[96.348,28.538],[96.615,28.777],[96.502,29.065],[96.166,28.924],[96.153,29.076],[96.387,29.257],[96.249,29.244],[96.081,29.447],[95.766,29.315],[95.719,29.218],[95.256,29.084],[94.815,29.174],[94.714,29.291],[94.439,29.216],[94.051,28.971],[93.925,28.772],[93.307,28.637],[93.222,28.369],[92.71,28.134],[92.715,27.968],[92.547,27.862],[92.324,27.808],[92.248,27.863],[91.988,27.728],[91.642,27.758],[91.556,27.831],[91.607,27.885],[91.334,28.052],[91.058,27.857],[90.714,28.07],[90.392,28.068],[90.292,28.151],[90.043,28.148],[89.811,28.245],[89.596,28.154],[89.245,27.803],[89.1,27.511],[89.151,27.331],[89.007,27.222],[88.787,27.461],[88.881,27.865],[88.776,28.057],[88.63,28.102],[88.151,27.952],[88.135,27.882],[87.847,27.935],[87.703,27.816],[87.184,27.826],[86.689,28.093],[86.574,28.085],[86.41,27.921],[86.231,27.996],[86.171,28.131],[86.092,28.068],[86.102,27.94],[86.008,27.918],[85.708,28.366],[85.606,28.281],[85.134,28.341],[85.15,28.647],[84.851,28.584],[84.443,28.748],[84.238,28.917],[84.184,29.226],[84.09,29.29],[83.921,29.32],[83.587,29.192],[83.229,29.584],[82.818,29.707],[82.55,29.95],[82.199,30.077],[82.089,30.338],[81.647,30.436],[81.43,30.407],[81.27,30.067],[81.112,30.048],[81.013,30.258],[80.218,30.583],[80.248,30.721],[80.183,30.797],[79.868,30.968],[79.581,30.949],[79.432,31.03],[79.081,31.445],[78.888,31.272],[78.772,31.333],[78.734,31.494],[78.834,31.606],[78.702,31.776],[78.768,31.982],[78.474,32.24],[78.399,32.521],[78.732,32.696],[78.797,32.458],[78.966,32.344],[79.15,32.485],[79.53,32.602],[79.559,32.684],[79.357,32.981],[79.402,33.175],[79.147,33.188],[78.948,33.379],[78.91,33.586],[79.077,33.645],[78.92,34.003],[79.404,34.014],[79.565,34.272],[79.532,34.451],[79.706,34.433],[79.892,34.64],[80.049,34.674],[80.178,34.871],[80.335,35.458],[80.209,35.547],[80.026,35.425],[79.933,35.578],[79.702,35.669],[79.389,35.974],[78.772,35.936],[78.182,35.651],[78.135,35.562],[77.985,35.577],[77.9,35.476],[77.699,35.455],[76.761,35.666],[76.584,35.788],[76.559,35.912],[76.162,35.832],[76.097,36.011],[75.941,36.1],[76.05,36.241],[75.921,36.615],[75.734,36.742],[75.452,36.735],[75.387,36.957],[75.038,37.011],[74.906,36.944],[74.835,37.05],[74.565,37.031],[74.469,37.141],[74.506,37.236],[74.737,37.281],[74.82,37.22],[75.111,37.329],[75.131,37.421],[74.905,37.648],[74.987,37.773],[74.793,38.171],[74.861,38.488],[74.363,38.652],[74.135,38.663],[74.05,38.535],[73.807,38.602],[73.71,38.877],[73.841,38.982],[73.57,39.256],[73.658,39.465],[73.842,39.472],[73.929,39.594],[73.839,39.784],[73.968,40.025],[74.355,40.095],[74.711,40.339],[74.876,40.332],[74.836,40.513],[75.212,40.446],[75.581,40.652],[75.713,40.473],[75.658,40.381],[75.712,40.287],[76.29,40.452],[76.346,40.372],[76.514,40.462],[76.646,40.762],[76.874,41.02],[78.062,41.042],[78.39,41.286],[78.404,41.409],[79.418,41.839],[79.669,41.793],[79.883,42.034],[80.266,42.06],[80.253,42.517],[80.185,42.64],[80.243,42.774],[80.532,42.895],[80.428,43.049],[80.786,43.202],[80.681,43.316],[80.73,43.477],[80.405,44.192],[80.354,44.485],[80.464,44.731],[80.266,44.831],[80.011,44.818],[79.91,44.926],[80.102,45.043],[80.906,45.138],[81.683,45.354],[81.934,45.171],[82.243,45.228],[82.503,45.147],[82.609,45.406],[82.315,45.526],[82.288,45.611],[83.055,47.209],[84.024,46.973],[84.673,46.997],[84.788,46.836],[85.234,47.047],[85.511,47.069],[85.7,47.281],[85.549,47.938],[85.723,48.348],[86.584,48.552],[86.753,48.719],[86.795,48.842],[86.732,48.974],[86.863,49.099],[87.136,49.142],[87.445,49.079],[87.825,49.183],[87.902,48.996],[87.762,48.893],[88.079,48.717],[87.994,48.57],[88.503,48.395],[88.626,48.181],[89.075,47.979],[89.548,48.022],[89.748,47.829],[89.983,47.884],[90.111,47.726],[90.326,47.648],[90.496,47.273],[90.904,46.928],[91.033,46.706],[91.052,46.533],[90.915,46.292],[91.024,46.029],[90.75,45.753],[90.68,45.538],[90.917,45.21],[91.678,45.085],[93.532,44.966],[94.779,44.343],[95.386,44.289],[95.351,44.062],[95.55,43.969],[95.897,43.307],[96.345,42.928],[96.441,42.747],[97.21,42.791],[99.462,42.57],[100.824,42.672],[101.745,42.511],[102.12,42.226],[102.734,42.143],[103.428,41.881],[103.864,41.803],[104.49,41.868],[104.546,41.669],[104.987,41.605],[105.729,41.952],[107.414,42.441],[108.839,42.408],[109.527,42.47],[110.396,42.763],[110.989,43.301],[111.584,43.502],[111.954,43.721],[111.905,43.89],[111.62,44.094],[111.417,44.367],[111.762,44.965],[111.962,45.082],[112.43,45.08],[112.852,44.842],[113.621,44.75],[114.1,44.961],[114.447,45.216],[114.564,45.396],[115.366,45.396],[116.165,45.694],[116.271,45.787],[116.29,45.994],[116.593,46.299],[116.83,46.376],[117.319,46.365],[117.443,46.585],[117.698,46.528],[118.29,46.742],[118.761,46.698],[118.87,46.774],[119.335,46.623],[119.709,46.608],[119.923,46.721],[119.909,46.903],[119.717,47.168],[119.342,47.48],[119.155,47.523],[119.108,47.658],[118.781,47.77],[118.567,47.985],[118.168,48.059],[117.8,48.023],[117.362,47.663],[116.824,47.903],[116.235,47.879],[115.935,47.694],[115.572,47.921],[115.536,48.134],[115.804,48.261],[115.794,48.521],[116.059,48.803],[116.721,49.85],[117.102,49.683],[117.792,49.532],[118.577,49.929],[119.057,49.992],[119.28,50.118],[119.346,50.334],[119.159,50.394],[119.294,50.604],[119.741,51.088],[120.078,51.648],[120.646,51.937],[120.76,52.162],[120.631,52.355],[120.703,52.545],[120.454,52.634],[120.072,52.596],[120.048,52.767],[120.86,53.277],[122.317,53.488],[123.878,53.475],[124.84,53.118],[125.126,53.199]]],[[[120.27,22.599],[120.061,23.055],[120.139,23.648],[121.05,25.035],[121.577,25.289],[121.982,25.01],[121.827,24.844],[121.866,24.576],[121.618,24.08],[121.399,23.154],[120.969,22.541],[120.832,21.929],[120.714,21.941],[120.603,22.34],[120.27,22.599]]],[[[110.68,19.391],[110.438,18.83],[110.531,18.787],[110.414,18.67],[110.2,18.622],[110.047,18.387],[109.979,18.402],[110.015,18.441],[109.758,18.398],[109.705,18.204],[109.574,18.17],[109.458,18.281],[109.196,18.292],[108.706,18.501],[108.625,19.271],[109.281,19.73],[109.308,19.781],[109.172,19.72],[109.162,19.791],[109.271,19.899],[109.477,19.835],[109.685,20.006],[109.852,19.942],[109.943,19.989],[109.994,19.902],[110.169,20.054],[110.348,20.079],[110.621,19.929],[110.573,20.086],[110.684,20.152],[110.948,19.974],[111.033,19.646],[110.68,19.391]]],[[[121.897,30.092],[122.017,30.206],[122.328,30.014],[122.305,29.953],[121.897,30.092]]]]}},{"type":"Feature","properties":{"iso":"DJ","name":"Djibouti"},"geometry":{"type":"Polygon","coordinates":[[[42.046,10.927],[41.805,10.985],[41.825,11.704],[42.404,12.469],[42.495,12.51],[42.701,12.367],[42.885,12.607],[43.126,12.71],[43.351,12.391],[43.388,12.02],[42.788,11.743],[42.672,11.565],[42.525,11.569],[42.612,11.475],[42.812,11.583],[43.145,11.589],[43.26,11.461],[42.968,10.997],[42.634,11.087],[42.046,10.927]]]}},{"type":"Feature","properties":{"iso":"DM","name":"Dominica"},"geometry":{"type":"Polygon","coordinates":[[[-61.346,15.217],[-61.474,15.527],[-61.44,15.633],[-61.255,15.501],[-61.259,15.264],[-61.346,15.217]]]}},{"type":"Feature","properties":{"iso":"DO","name":"Dominican Republic"},"geometry":{"type":"Polygon","coordinates":[[[-69.961,19.665],[-69.758,19.304],[-69.252,19.333],[-69.185,19.278],[-69.266,19.194],[-69.602,19.203],[-69.609,19.1],[-68.816,18.984],[-68.343,18.596],[-68.456,18.383],[-68.589,18.353],[-68.682,18.224],[-68.925,18.398],[-69.831,18.463],[-70.209,18.234],[-70.499,18.218],[-70.64,18.413],[-70.927,18.275],[-71.057,18.29],[-71.096,18.084],[-71.421,17.643],[-71.649,17.776],[-71.772,18.19],[-71.705,18.338],[-71.892,18.459],[-71.979,18.627],[-71.825,18.636],[-71.741,18.736],[-71.727,18.872],[-71.861,18.97],[-71.623,19.19],[-71.773,19.323],[-71.681,19.437],[-71.728,19.803],[-71.612,19.893],[-71.244,19.843],[-70.999,19.915],[-70.442,19.765],[-70.233,19.641],[-69.961,19.665]]]}},{"type":"Feature","properties":{"iso":"CO","name":"Colombia"},"geometry":{"type":"Polygon","coordinates":[[[-71.953,11.646],[-72.23,11.174],[-72.479,11.086],[-72.648,10.859],[-72.878,10.456],[-72.966,9.832],[-73.354,9.196],[-73.018,9.276],[-72.94,9.116],[-72.769,9.081],[-72.647,8.632],[-72.385,8.31],[-72.355,8.056],[-72.469,7.935],[-72.465,7.474],[-72.207,7.368],[-72.005,7.019],[-70.99,6.985],[-70.709,7.087],[-70.311,6.943],[-70.079,6.975],[-69.437,6.131],[-69.231,6.1],[-69.04,6.203],[-68.329,6.173],[-67.812,6.294],[-67.5,6.201],[-67.442,5.989],[-67.613,5.785],[-67.644,5.498],[-67.838,5.297],[-67.867,4.548],[-67.625,3.794],[-67.488,3.714],[-67.316,3.404],[-67.848,2.822],[-67.618,2.797],[-67.2,2.384],[-66.87,1.226],[-67.074,1.205],[-67.112,1.709],[-67.404,2.126],[-67.897,1.763],[-68.187,1.99],[-68.24,1.734],[-69.534,1.767],[-69.801,1.704],[-69.822,1.101],[-69.262,1.047],[-69.159,0.883],[-69.149,0.674],[-69.276,0.619],[-69.479,0.708],[-70.015,0.54],[-70.047,0.0],[-75.561,0.0],[-76.26,0.428],[-76.383,0.381],[-76.421,0.267],[-76.578,0.244],[-77.416,0.378],[-77.497,0.609],[-77.668,0.721],[-77.683,0.814],[-77.975,0.827],[-78.356,1.058],[-78.976,1.654],[-78.832,1.798],[-78.564,1.802],[-78.695,2.157],[-78.449,2.58],[-77.798,2.698],[-77.651,3.057],[-77.188,3.645],[-77.123,3.839],[-77.278,3.875],[-77.239,4.037],[-77.372,3.972],[-77.514,4.168],[-77.354,4.436],[-77.312,4.714],[-77.397,5.387],[-77.507,5.516],[-77.265,5.778],[-77.466,6.204],[-77.35,6.562],[-77.676,6.861],[-77.692,7.03],[-77.893,7.222],[-77.713,7.504],[-77.731,7.683],[-77.562,7.518],[-77.327,7.894],[-77.178,7.949],[-77.451,8.503],[-77.368,8.673],[-76.973,8.246],[-76.937,8.11],[-76.859,8.121],[-76.897,7.914],[-76.75,7.935],[-76.76,8.369],[-76.917,8.569],[-76.338,8.928],[-75.949,9.428],[-75.638,9.433],[-75.576,9.59],[-75.68,9.714],[-75.528,10.192],[-75.605,10.254],[-75.511,10.313],[-75.502,10.566],[-75.253,10.791],[-74.842,11.094],[-74.33,10.984],[-74.231,11.051],[-74.231,11.224],[-74.136,11.325],[-73.668,11.255],[-73.275,11.291],[-72.763,11.68],[-72.258,11.881],[-72.15,12.229],[-71.971,12.244],[-71.939,12.156],[-71.868,12.209],[-71.918,12.3],[-71.765,12.336],[-71.681,12.451],[-71.23,12.292],[-71.118,12.048],[-71.324,11.846],[-71.953,11.646]]]}},{"type":"Feature","properties":{"iso":"CR","name":"Costa Rica"},"geometry":{"type":"Polygon","coordinates":[[[-84.205,10.789],[-83.92,10.713],[-83.681,10.801],[-83.693,10.939],[-83.408,10.382],[-83.116,10.025],[-82.773,9.666],[-82.565,9.572],[-82.652,9.5],[-82.852,9.609],[-82.934,9.453],[-82.933,9.098],[-82.722,8.929],[-82.909,8.762],[-82.846,8.479],[-83.037,8.333],[-82.945,8.257],[-82.9,8.04],[-82.95,8.201],[-83.131,8.359],[-83.147,8.615],[-83.456,8.717],[-83.296,8.529],[-83.285,8.398],[-83.579,8.462],[-83.727,8.616],[-83.588,8.85],[-83.66,9.07],[-84.214,9.463],[-84.583,9.559],[-84.75,9.963],[-85.238,10.195],[-85.232,10.111],[-85.154,10.016],[-84.933,9.918],[-84.922,9.786],[-85.114,9.572],[-85.277,9.786],[-85.654,9.909],[-85.86,10.358],[-85.644,10.62],[-85.681,10.791],[-85.903,10.899],[-85.706,10.947],[-85.738,11.027],[-85.591,11.212],[-84.925,10.948],[-84.671,11.071],[-84.363,10.981],[-84.205,10.789]]]}},{"type":"Feature","properties":{"iso":"CU","name":"Cuba"},"geometry":{"type":"MultiPolygon","coordinates":[[[[-81.525,23.051],[-81.308,23.125],[-81.155,23.036],[-80.642,23.087],[-80.274,22.915],[-79.823,22.897],[-79.84,22.815],[-79.65,22.742],[-79.346,22.421],[-78.307,22.265],[-78.304,22.184],[-77.718,21.797],[-77.472,21.703],[-77.447,21.778],[-77.62,21.881],[-77.561,21.916],[-76.919,21.449],[-76.563,21.283],[-76.333,21.256],[-76.042,21.081],[-75.636,21.07],[-75.621,20.849],[-75.749,20.816],[-75.739,20.708],[-75.517,20.699],[-75.527,20.773],[-75.315,20.674],[-74.786,20.631],[-74.502,20.362],[-74.214,20.3],[-74.151,20.192],[-74.276,20.078],[-74.8,20.036],[-75.101,19.901],[-75.118,20.033],[-75.315,19.886],[-76.224,19.991],[-77.696,19.837],[-77.595,20.045],[-77.128,20.357],[-77.098,20.472],[-77.223,20.55],[-77.233,20.645],[-78.065,20.722],[-78.476,21.041],[-78.588,21.445],[-78.747,21.617],[-79.224,21.55],[-79.846,21.693],[-80.456,22.041],[-81.095,22.103],[-81.184,22.239],[-81.352,22.044],[-81.426,22.169],[-81.775,22.179],[-82.123,22.364],[-81.678,22.48],[-81.654,22.559],[-81.882,22.674],[-82.743,22.693],[-83.384,22.211],[-83.923,22.15],[-84.039,21.922],[-84.467,21.77],[-84.517,21.923],[-84.815,21.82],[-84.935,21.872],[-84.516,22.033],[-84.297,22.015],[-84.419,22.212],[-84.378,22.352],[-84.197,22.562],[-83.935,22.708],[-83.241,22.979],[-82.723,23.019],[-82.213,23.177],[-81.609,23.146],[-81.525,23.051]]],[[[-82.588,21.743],[-82.57,21.552],[-82.89,21.445],[-83.06,21.474],[-83.146,21.552],[-82.993,21.585],[-83.077,21.799],[-82.916,21.932],[-82.696,21.874],[-82.588,21.743]]],[[[-77.643,22.041],[-77.648,21.944],[-77.847,21.943],[-77.829,22.009],[-78.071,22.187],[-78.068,22.273],[-78.216,22.305],[-78.317,22.431],[-78.679,22.494],[-78.673,22.596],[-78.113,22.408],[-77.819,22.102],[-77.643,22.041]]]]}},{"type":"Feature","properties":{"iso":"CV","name":"Cape Verde"},"geometry":{"type":"MultiPolygon","coordinates":[[[[-23.764,15.313],[-23.453,15.036],[-23.523,14.894],[-23.687,14.938],[-23.791,15.063],[-23.764,15.313]]],[[[-25.025,17.173],[-24.998,17.05],[-25.317,16.925],[-25.337,17.093],[-25.025,17.173]]],[[[-22.922,16.222],[-22.684,16.148],[-22.799,15.967],[-22.963,16.041],[-22.922,16.222]]]]}},{"type":"Feature","properties":{"iso":"CY","name":"Cyprus"},"geometry":{"type":"Polygon","coordinates":[[[32.431,35.051],[32.547,35.164],[32.676,35.19],[32.827,35.151],[32.885,35.178],[32.929,35.267],[32.941,35.389],[33.332,35.34],[33.661,35.366],[33.971,35.449],[34.218,35.565],[34.387,35.6],[34.394,35.584],[33.931,35.27],[33.924,35.17],[34.041,35.026],[34.045,34.98],[33.854,34.954],[33.693,34.962],[33.581,34.82],[33.334,34.729],[33.066,34.68],[33.022,34.647],[32.987,34.572],[32.94,34.581],[32.866,34.658],[32.705,34.645],[32.595,34.679],[32.412,34.766],[32.328,34.89],[32.274,35.066],[32.292,35.094],[32.368,35.048],[32.431,35.051]]]}},{"type":"Feature","properties":{"iso":"CZ","name":"Czechia"},"geometry":{"type":"Polygon","coordinates":[[[14.589,50.988],[14.574,50.924],[14.638,50.923],[14.619,50.858],[14.769,50.824],[14.823,50.871],[14.988,50.871],[15.009,50.955],[14.982,50.994],[15.013,51.016],[15.165,51.009],[15.273,50.968],[15.283,50.899],[15.382,50.785],[15.45,50.804],[15.535,50.779],[15.762,50.743],[15.816,50.745],[15.871,50.677],[15.983,50.682],[16.02,50.607],[16.107,50.662],[16.192,50.633],[16.247,50.665],[16.333,50.653],[16.425,50.601],[16.387,50.523],[16.212,50.427],[16.451,50.306],[16.548,50.221],[16.58,50.143],[16.706,50.103],[16.863,50.198],[17.017,50.233],[17.004,50.293],[16.873,50.412],[16.908,50.449],[17.19,50.381],[17.43,50.255],[17.616,50.27],[17.695,50.318],[17.727,50.31],[17.755,50.217],[17.611,50.155],[17.739,50.083],[17.783,50.026],[17.881,49.976],[18.034,50.011],[18.014,50.045],[18.035,50.066],[18.127,49.997],[18.202,49.989],[18.31,49.926],[18.352,49.942],[18.576,49.91],[18.579,49.825],[18.625,49.733],[18.802,49.67],[18.852,49.517],[18.752,49.493],[18.566,49.503],[18.459,49.405],[18.404,49.397],[18.392,49.345],[18.166,49.266],[18.067,49.041],[17.932,49.015],[17.878,48.933],[17.787,48.921],[17.647,48.854],[17.547,48.819],[17.454,48.839],[17.397,48.813],[17.185,48.866],[17.04,48.757],[16.94,48.617],[16.884,48.71],[16.708,48.734],[16.563,48.801],[16.475,48.801],[16.394,48.744],[16.307,48.734],[16.075,48.756],[15.848,48.861],[15.754,48.852],[15.542,48.908],[15.361,48.979],[15.19,48.951],[15.124,48.996],[15.007,49.012],[14.966,48.773],[14.817,48.772],[14.733,48.687],[14.691,48.584],[14.472,48.636],[14.334,48.559],[14.092,48.594],[14.026,48.637],[14.042,48.66],[14.008,48.7],[13.84,48.772],[13.736,48.877],[13.673,48.888],[13.552,48.968],[13.493,48.951],[13.417,48.98],[13.376,49.065],[13.199,49.131],[13.171,49.174],[13.011,49.306],[12.932,49.344],[12.792,49.35],[12.634,49.476],[12.636,49.519],[12.594,49.542],[12.516,49.68],[12.402,49.758],[12.463,49.788],[12.551,49.905],[12.492,49.936],[12.482,49.975],[12.261,50.058],[12.261,50.083],[12.207,50.114],[12.204,50.171],[12.161,50.22],[12.111,50.246],[12.127,50.285],[12.101,50.318],[12.18,50.314],[12.32,50.176],[12.339,50.245],[12.409,50.322],[12.584,50.407],[12.703,50.406],[12.821,50.453],[12.948,50.404],[13.044,50.505],[13.183,50.507],[13.253,50.584],[13.307,50.582],[13.387,50.635],[13.453,50.608],[13.502,50.634],[13.541,50.706],[13.652,50.73],[13.853,50.732],[13.982,50.812],[14.376,50.9],[14.388,50.925],[14.27,50.993],[14.318,51.055],[14.415,51.025],[14.491,51.044],[14.589,50.988]]]}},{"type":"Feature","properties":{"iso":"FI","name":"Finland"},"geometry":{"type":"MultiPolygon","coordinates":[[[[27.646,70.072],[27.915,70.086],[28.045,69.986],[28.415,69.823],[29.158,69.658],[29.3,69.479],[29.2,69.39],[28.853,69.218],[28.83,69.121],[28.93,69.052],[28.451,68.915],[28.486,68.887],[28.789,68.863],[28.702,68.731],[28.444,68.538],[28.636,68.215],[29.32,68.073],[29.658,67.807],[30.007,67.666],[29.919,67.519],[29.532,67.307],[29.046,66.963],[29.072,66.844],[29.367,66.621],[29.573,66.433],[29.709,66.274],[29.933,66.106],[30.066,65.893],[30.125,65.718],[30.11,65.68],[29.988,65.689],[29.769,65.64],[29.839,65.558],[29.755,65.497],[29.732,65.351],[29.64,65.255],[29.869,65.187],[29.828,65.101],[29.627,65.042],[29.61,64.989],[29.633,64.897],[29.753,64.795],[30.06,64.772],[30.061,64.719],[30.113,64.645],[29.995,64.556],[30.055,64.41],[30.465,64.26],[30.534,64.126],[30.484,64.016],[30.249,63.832],[29.972,63.757],[30.491,63.468],[30.782,63.404],[31.221,63.224],[31.278,63.109],[31.506,62.989],[31.576,62.909],[31.157,62.451],[30.945,62.316],[30.655,62.2],[30.575,62.123],[30.144,61.852],[29.713,61.561],[29.508,61.487],[29.237,61.269],[28.84,61.127],[28.725,61.05],[28.655,60.957],[28.51,60.947],[27.991,60.669],[27.804,60.549],[27.741,60.565],[27.728,60.493],[27.61,60.476],[27.5,60.502],[27.427,60.471],[27.379,60.504],[27.184,60.539],[27.048,60.526],[26.948,60.487],[26.913,60.426],[26.849,60.466],[26.764,60.467],[26.618,60.416],[26.454,60.488],[26.42,60.426],[26.362,60.402],[26.262,60.423],[26.176,60.391],[26.057,60.405],[26.078,60.312],[25.999,60.289],[25.963,60.289],[25.92,60.345],[25.876,60.278],[25.785,60.258],[25.635,60.317],[25.628,60.25],[25.549,60.308],[25.447,60.245],[25.258,60.244],[25.057,60.156],[24.816,60.174],[24.66,60.114],[24.476,59.996],[24.319,60.072],[24.026,60.011],[23.923,59.947],[23.549,59.931],[23.437,59.9],[23.399,59.861],[23.347,59.914],[23.172,59.84],[23.061,59.839],[23.054,59.859],[23.155,59.917],[23.098,59.982],[23.031,59.932],[22.901,59.94],[22.909,59.975],[22.998,60.012],[23.03,60.101],[22.905,60.047],[22.859,60.139],[22.743,60.027],[22.629,59.98],[22.556,60.018],[22.438,60.022],[22.401,60.064],[22.451,60.177],[22.542,60.244],[22.522,60.347],[22.469,60.326],[22.364,60.196],[22.268,60.151],[22.132,60.275],[22.143,60.425],[22.004,60.419],[22.006,60.328],[21.974,60.303],[21.884,60.321],[21.765,60.504],[21.789,60.596],[21.567,60.502],[21.309,60.516],[21.313,60.544],[21.437,60.612],[21.359,60.725],[21.358,60.799],[21.252,60.84],[21.225,60.882],[21.299,60.978],[21.363,60.99],[21.363,61.048],[21.42,61.047],[21.466,61.095],[21.435,61.224],[21.536,61.332],[21.49,61.418],[21.554,61.441],[21.527,61.492],[21.587,61.519],[21.544,61.572],[21.627,61.589],[21.506,61.773],[21.464,61.796],[21.475,61.836],[21.428,61.917],[21.339,61.956],[21.31,62.07],[21.379,62.211],[21.333,62.347],[21.213,62.368],[21.144,62.501],[21.068,62.548],[21.18,62.589],[21.094,62.662],[21.182,62.819],[21.175,62.863],[21.381,62.898],[21.36,62.949],[21.444,62.954],[21.497,63.052],[21.612,63.068],[21.536,63.178],[21.572,63.255],[21.681,63.23],[21.923,63.264],[22.027,63.375],[22.266,63.297],[22.338,63.306],[22.349,63.357],[22.239,63.458],[22.261,63.495],[22.362,63.586],[22.385,63.52],[22.439,63.513],[22.539,63.657],[22.679,63.72],[22.682,63.791],[22.606,63.764],[22.596,63.809],[22.729,63.844],[22.759,63.888],[22.867,63.838],[22.845,63.883],[22.915,63.889],[22.987,63.807],[22.989,63.788],[23.013,63.791],[23.051,63.865],[23.37,63.942],[23.423,64.072],[23.617,64.049],[23.617,64.093],[23.718,64.21],[24.329,64.546],[24.608,64.815],[24.763,64.873],[25.006,64.907],[25.119,64.905],[25.284,64.854],[25.336,64.869],[25.338,64.9],[25.262,64.973],[25.415,65.005],[25.37,65.075],[25.254,65.147],[25.302,65.243],[25.268,65.336],[25.323,65.459],[25.215,65.546],[24.879,65.653],[24.694,65.649],[24.608,65.68],[24.543,65.655],[24.528,65.668],[24.579,65.7],[24.542,65.734],[24.291,65.788],[24.187,65.776],[24.085,65.935],[23.946,66.077],[23.915,66.154],[23.733,66.197],[23.652,66.296],[23.675,66.377],[23.654,66.447],[23.858,66.564],[23.879,66.621],[23.89,66.756],[23.978,66.796],[23.983,66.831],[23.563,67.173],[23.584,67.208],[23.569,67.259],[23.711,67.284],[23.759,67.323],[23.748,67.428],[23.478,67.451],[23.412,67.484],[23.55,67.606],[23.485,67.696],[23.488,67.848],[23.641,67.921],[23.645,67.955],[23.39,68.051],[23.297,68.148],[23.162,68.144],[23.142,68.237],[23.054,68.302],[22.927,68.348],[22.306,68.479],[22.05,68.487],[21.912,68.57],[21.455,68.691],[21.381,68.754],[21.11,68.857],[20.905,68.897],[20.877,68.927],[20.883,68.974],[20.785,69.024],[20.549,69.06],[20.733,69.109],[21.048,69.059],[21.078,69.111],[21.027,69.211],[21.304,69.307],[21.625,69.271],[21.984,69.073],[22.312,68.843],[22.402,68.727],[22.548,68.738],[22.795,68.691],[23.034,68.686],[23.219,68.64],[23.627,68.703],[23.784,68.809],[23.907,68.829],[24.303,68.72],[24.728,68.646],[24.895,68.577],[25.087,68.643],[25.152,68.773],[25.24,68.832],[25.446,68.893],[25.606,68.899],[25.729,68.99],[25.723,69.255],[25.824,69.386],[25.861,69.523],[25.945,69.604],[25.963,69.69],[26.341,69.84],[26.51,69.939],[26.814,69.956],[27.087,69.922],[27.646,70.072]]],[[[19.753,60.351],[19.785,60.402],[19.878,60.416],[20.011,60.377],[20.112,60.394],[20.101,60.351],[20.164,60.346],[20.245,60.268],[20.225,60.218],[20.164,60.178],[20.01,60.215],[20.045,60.091],[20.164,60.092],[20.256,60.164],[20.249,60.179],[20.307,60.263],[20.368,60.273],[20.408,60.248],[20.396,60.211],[20.329,60.225],[20.291,60.179],[20.267,60.088],[20.214,60.063],[20.208,60.002],[20.134,60.004],[19.966,60.108],[19.943,60.086],[19.76,60.104],[19.696,60.185],[19.541,60.168],[19.552,60.25],[19.61,60.289],[19.653,60.268],[19.686,60.299],[19.745,60.293],[19.753,60.351]]],[[[21.289,63.158],[21.164,63.195],[21.093,63.279],[21.238,63.389],[21.284,63.362],[21.404,63.358],[21.393,63.306],[21.437,63.265],[21.446,63.212],[21.289,63.158]]],[[[24.662,64.96],[24.581,65.004],[24.564,65.035],[24.662,65.082],[24.841,65.092],[24.955,65.067],[24.954,65.049],[24.847,65.048],[24.874,64.98],[24.806,64.949],[24.662,64.96]]],[[[21.955,60.236],[22.029,60.216],[22.064,60.24],[22.126,60.176],[22.034,60.143],[21.986,60.158],[21.987,60.107],[21.922,60.11],[21.925,60.133],[21.969,60.152],[21.918,60.179],[21.834,60.139],[21.783,60.13],[21.714,60.14],[21.723,60.18],[21.748,60.209],[21.834,60.213],[21.955,60.236]]],[[[20.354,60.012],[20.46,60.086],[20.555,60.104],[20.557,60.07],[20.602,60.039],[20.57,60.015],[20.46,60.014],[20.46,59.985],[20.362,60.002],[20.354,60.012]]],[[[20.837,60.229],[20.751,60.233],[20.693,60.193],[20.664,60.21],[20.758,60.363],[20.79,60.353],[20.762,60.304],[20.829,60.27],[20.837,60.229]]],[[[21.558,60.175],[21.598,60.186],[21.688,60.175],[21.688,60.159],[21.65,60.12],[21.55,60.113],[21.528,60.139],[21.558,60.175]]],[[[21.448,60.24],[21.441,60.195],[21.358,60.173],[21.322,60.192],[21.26,60.199],[21.25,60.216],[21.322,60.232],[21.394,60.21],[21.448,60.24]]],[[[21.304,60.583],[21.225,60.6],[21.218,60.624],[21.304,60.666],[21.32,60.627],[21.304,60.583]]],[[[21.423,60.439],[21.422,60.384],[21.319,60.363],[21.351,60.439],[21.377,60.417],[21.423,60.439]]],[[[21.439,61.596],[21.411,61.623],[21.448,61.637],[21.446,61.663],[21.515,61.652],[21.516,61.61],[21.439,61.596]]],[[[21.756,63.314],[21.767,63.293],[21.753,63.277],[21.688,63.295],[21.662,63.263],[21.637,63.273],[21.646,63.31],[21.688,63.325],[21.756,63.314]]],[[[21.191,63.026],[21.217,63.005],[21.212,62.95],[21.152,62.948],[21.141,62.992],[21.191,63.026]]],[[[21.101,60.378],[21.085,60.345],[21.043,60.345],[21.057,60.373],[21.033,60.372],[21.005,60.395],[21.04,60.427],[21.072,60.412],[21.101,60.378]]],[[[21.399,63.042],[21.416,63.084],[21.454,63.07],[21.43,63.017],[21.381,62.995],[21.352,63.035],[21.399,63.042]]],[[[20.977,59.916],[20.893,59.911],[20.863,59.928],[20.943,59.96],[20.989,59.939],[20.977,59.916]]],[[[21.108,60.497],[21.082,60.441],[21.052,60.495],[21.063,60.537],[21.101,60.528],[21.108,60.497]]],[[[27.058,60.386],[27.036,60.37],[26.993,60.435],[27.034,60.464],[27.035,60.409],[27.058,60.386]]],[[[26.545,60.371],[26.494,60.397],[26.504,60.424],[26.558,60.412],[26.545,60.371]]],[[[26.477,60.357],[26.415,60.359],[26.403,60.372],[26.43,60.394],[26.481,60.381],[26.477,60.357]]],[[[19.565,60.333],[19.564,60.366],[19.625,60.366],[19.591,60.314],[19.565,60.333]]],[[[21.409,59.77],[21.373,59.771],[21.338,59.797],[21.357,59.81],[21.418,59.795],[21.409,59.77]]],[[[21.079,62.699],[21.045,62.711],[21.041,62.742],[21.084,62.747],[21.102,62.722],[21.079,62.699]]],[[[22.385,59.949],[22.336,59.923],[22.319,59.948],[22.329,59.969],[22.381,59.968],[22.385,59.949]]],[[[21.804,63.411],[21.772,63.431],[21.772,63.453],[21.81,63.46],[21.837,63.439],[21.804,63.411]]],[[[21.086,63.4],[21.028,63.416],[21.038,63.448],[21.082,63.447],[21.086,63.4]]],[[[20.372,60.324],[20.303,60.339],[20.301,60.355],[20.343,60.366],[20.373,60.355],[20.372,60.324]]],[[[20.306,59.95],[20.258,59.962],[20.292,60.007],[20.32,59.995],[20.306,59.95]]],[[[21.303,60.282],[21.277,60.283],[21.265,60.32],[21.289,60.346],[21.312,60.324],[21.303,60.282]]],[[[19.984,59.966],[19.932,59.969],[19.921,59.983],[19.936,60.001],[19.998,59.997],[19.984,59.966]]],[[[21.697,60.394],[21.669,60.427],[21.702,60.455],[21.734,60.423],[21.697,60.394]]],[[[22.53,59.937],[22.489,59.969],[22.493,59.99],[22.554,59.984],[22.53,59.937]]],[[[20.669,60.103],[20.624,60.145],[20.656,60.161],[20.699,60.124],[20.669,60.103]]],[[[21.643,60.426],[21.601,60.435],[21.655,60.481],[21.681,60.463],[21.643,60.426]]],[[[21.612,60.223],[21.557,60.227],[21.582,60.279],[21.615,60.254],[21.612,60.223]]],[[[26.226,60.307],[26.187,60.314],[26.168,60.343],[26.203,60.354],[26.236,60.335],[26.226,60.307]]],[[[21.697,60.343],[21.638,60.349],[21.645,60.384],[21.7,60.378],[21.697,60.343]]],[[[22.424,63.549],[22.393,63.592],[22.436,63.604],[22.463,63.579],[22.424,63.549]]],[[[22.423,59.979],[22.437,59.971],[22.428,59.926],[22.404,59.911],[22.386,59.95],[22.423,59.979]]],[[[19.377,60.209],[19.344,60.251],[19.395,60.274],[19.41,60.264],[19.377,60.209]]],[[[22.522,59.87],[22.479,59.843],[22.46,59.869],[22.468,59.892],[22.511,59.893],[22.522,59.87]]],[[[20.952,60.432],[20.91,60.455],[20.92,60.497],[20.954,60.49],[20.952,60.432]]],[[[25.88,60.205],[25.826,60.193],[25.799,60.198],[25.823,60.229],[25.872,60.228],[25.88,60.205]]],[[[21.367,61.219],[21.406,61.211],[21.396,61.185],[21.364,61.169],[21.339,61.183],[21.367,61.219]]],[[[21.009,60.343],[21.003,60.297],[20.973,60.285],[20.955,60.333],[21.009,60.343]]],[[[19.51,60.226],[19.466,60.231],[19.463,60.248],[19.48,60.283],[19.519,60.253],[19.51,60.226]]],[[[19.742,60.401],[19.735,60.368],[19.685,60.369],[19.694,60.404],[19.72,60.416],[19.742,60.401]]],[[[22.824,59.964],[22.804,60.026],[22.834,60.035],[22.855,59.98],[22.824,59.964]]],[[[21.75,63.415],[21.697,63.442],[21.717,63.47],[21.756,63.465],[21.75,63.415]]],[[[20.844,62.947],[20.8,62.99],[20.825,63.013],[20.868,62.964],[20.844,62.947]]],[[[26.525,60.334],[26.494,60.357],[26.504,60.375],[26.552,60.367],[26.525,60.334]]],[[[21.449,60.264],[21.427,60.259],[21.415,60.278],[21.395,60.265],[21.382,60.276],[21.386,60.286],[21.405,60.291],[21.414,60.28],[21.436,60.29],[21.449,60.264]]]]}},{"type":"Feature","properties":{"iso":"CM","name":"Cameroon"},"geometry":{"type":"Polygon","coordinates":[[[14.96,6.726],[14.76,6.278],[14.425,6.055],[14.501,5.915],[14.62,5.878],[14.623,5.502],[14.539,5.276],[14.68,5.159],[14.73,4.627],[15.085,4.301],[15.17,4.053],[15.081,4.005],[15.249,3.715],[16.085,2.848],[16.081,2.465],[16.192,2.221],[16.086,2.167],[16.059,1.984],[16.145,1.716],[16.054,1.66],[16.016,1.758],[15.739,1.915],[15.486,1.97],[15.348,1.921],[15.218,2.029],[14.927,2.004],[14.574,2.203],[13.299,2.171],[13.187,2.276],[12.743,2.229],[11.683,2.317],[11.388,2.297],[11.335,2.174],[10.047,2.164],[9.848,2.258],[9.833,2.592],[9.956,3.11],[9.643,3.578],[9.611,3.801],[9.674,3.938],[9.54,4.023],[9.397,3.904],[9.024,4.078],[8.875,4.539],[8.701,4.601],[8.676,4.502],[8.525,4.528],[8.551,4.802],[8.809,5.174],[8.903,5.549],[8.87,5.837],[9.476,6.44],[9.7,6.533],[9.786,6.774],[10.14,7.014],[10.23,6.895],[10.476,6.883],[10.585,7.11],[10.815,6.942],[10.925,6.714],[11.074,6.682],[11.12,6.532],[11.362,6.517],[11.544,6.666],[11.632,6.973],[11.862,7.101],[11.924,7.462],[12.203,7.969],[12.261,8.427],[12.38,8.442],[12.455,8.622],[12.596,8.604],[12.786,8.762],[12.894,9.112],[12.87,9.378],[13.217,9.569],[13.29,9.82],[13.254,10.023],[13.492,10.206],[13.73,10.984],[13.994,11.298],[14.199,11.252],[14.641,11.578],[14.561,11.726],[14.667,12.172],[14.468,12.354],[14.189,12.398],[14.085,13.078],[14.459,13.067],[14.568,12.77],[14.836,12.61],[14.9,12.163],[15.034,12.088],[15.111,11.802],[15.136,11.535],[15.031,11.131],[15.148,10.552],[15.646,9.993],[14.821,9.934],[14.25,9.991],[14.029,9.667],[14.524,9.027],[15.2,8.601],[15.452,7.904],[15.589,7.743],[15.422,7.413],[15.235,7.248],[15.076,6.802],[14.96,6.726]]]}},{"type":"Feature","properties":{"iso":"DE","name":"Germany"},"geometry":{"type":"MultiPolygon","coordinates":[[[[9.42,54.832],[9.443,54.805],[9.583,54.854],[9.863,54.754],[9.915,54.789],[9.95,54.779],[10.031,54.637],[9.938,54.481],[10.099,54.47],[10.169,54.433],[10.174,54.346],[10.233,54.41],[10.347,54.432],[10.714,54.305],[10.925,54.377],[11.083,54.386],[11.085,54.432],[11.014,54.458],[11.063,54.527],[11.224,54.5],[11.301,54.411],[11.157,54.404],[11.089,54.353],[11.086,54.206],[11.042,54.175],[10.78,54.077],[10.765,54.028],[10.904,53.957],[11.158,54.014],[11.267,53.938],[11.337,53.95],[11.445,53.914],[11.476,53.957],[11.399,53.971],[11.388,53.996],[11.562,54.028],[11.687,54.145],[12.129,54.186],[12.201,54.245],[12.286,54.275],[12.357,54.318],[12.417,54.295],[12.469,54.317],[12.503,54.36],[12.496,54.417],[12.557,54.454],[12.797,54.373],[12.868,54.425],[12.985,54.42],[13.133,54.308],[13.1,54.294],[13.116,54.273],[13.284,54.236],[13.319,54.194],[13.472,54.105],[13.814,54.167],[13.911,54.068],[13.896,54.029],[13.805,54.009],[13.897,53.898],[13.921,53.911],[13.923,53.977],[14.022,53.975],[14.034,54.028],[14.226,53.929],[14.213,53.866],[14.046,53.866],[13.939,53.82],[14.058,53.757],[14.223,53.744],[14.268,53.698],[14.438,53.258],[14.376,53.19],[14.355,53.067],[14.144,52.961],[14.157,52.896],[14.139,52.833],[14.223,52.812],[14.436,52.68],[14.565,52.624],[14.625,52.576],[14.621,52.488],[14.534,52.395],[14.601,52.272],[14.703,52.241],[14.685,52.124],[14.755,52.07],[14.717,52.001],[14.701,51.918],[14.6,51.826],[14.752,51.663],[14.759,51.614],[14.73,51.582],[14.741,51.53],[14.952,51.462],[14.974,51.364],[15.034,51.269],[14.996,51.125],[14.899,50.95],[14.769,50.824],[14.619,50.858],[14.638,50.923],[14.574,50.924],[14.589,50.988],[14.491,51.044],[14.415,51.025],[14.318,51.055],[14.27,50.993],[14.388,50.925],[14.376,50.9],[13.982,50.812],[13.853,50.732],[13.652,50.73],[13.541,50.706],[13.502,50.634],[13.453,50.608],[13.387,50.635],[13.307,50.582],[13.253,50.584],[13.183,50.507],[13.044,50.505],[12.948,50.404],[12.821,50.453],[12.703,50.406],[12.584,50.407],[12.409,50.322],[12.339,50.245],[12.32,50.176],[12.18,50.314],[12.101,50.318],[12.127,50.285],[12.111,50.246],[12.161,50.22],[12.204,50.171],[12.207,50.114],[12.261,50.083],[12.261,50.058],[12.482,49.975],[12.492,49.936],[12.551,49.905],[12.463,49.788],[12.402,49.758],[12.516,49.68],[12.594,49.542],[12.636,49.519],[12.634,49.476],[12.792,49.35],[12.932,49.344],[13.011,49.306],[13.171,49.174],[13.199,49.131],[13.376,49.065],[13.417,48.98],[13.493,48.951],[13.552,48.968],[13.673,48.888],[13.736,48.877],[13.84,48.772],[13.796,48.714],[13.819,48.613],[13.727,48.513],[13.513,48.591],[13.438,48.549],[13.45,48.505],[13.402,48.371],[13.277,48.302],[13.177,48.294],[13.037,48.261],[12.945,48.207],[12.876,48.197],[12.752,48.113],[12.86,47.997],[12.876,47.963],[12.939,47.936],[12.995,47.855],[12.918,47.722],[13.028,47.714],[13.084,47.669],[13.046,47.521],[13.008,47.472],[12.919,47.495],[12.804,47.559],[12.79,47.631],[12.696,47.682],[12.614,47.671],[12.575,47.632],[12.505,47.63],[12.429,47.689],[12.338,47.697],[12.264,47.685],[12.253,47.724],[12.172,47.695],[12.195,47.617],[12.061,47.619],[11.829,47.586],[11.633,47.592],[11.559,47.515],[11.41,47.495],[11.396,47.472],[11.421,47.445],[11.333,47.444],[11.265,47.404],[11.208,47.431],[10.991,47.396],[10.958,47.449],[10.884,47.484],[10.886,47.537],[10.787,47.52],[10.637,47.565],[10.553,47.537],[10.454,47.556],[10.44,47.508],[10.468,47.437],[10.383,47.355],[10.31,47.302],[10.178,47.27],[10.218,47.355],[10.198,47.384],[10.102,47.367],[10.084,47.448],[10.0,47.483],[9.968,47.546],[9.86,47.539],[9.794,47.583],[9.697,47.531],[9.559,47.542],[9.496,47.551],[9.379,47.624],[9.036,47.684],[8.875,47.655],[8.814,47.72],[8.782,47.713],[8.796,47.676],[8.663,47.686],[8.707,47.71],[8.705,47.737],[8.614,47.801],[8.51,47.776],[8.418,47.7],[8.425,47.677],[8.503,47.649],[8.606,47.669],[8.596,47.606],[8.563,47.599],[8.519,47.626],[8.426,47.568],[8.22,47.617],[8.039,47.553],[7.923,47.555],[7.894,47.586],[7.714,47.539],[7.634,47.561],[7.589,47.59],[7.521,47.678],[7.546,47.744],[7.538,47.793],[7.614,47.976],[7.574,48.04],[7.578,48.121],[7.736,48.336],[7.813,48.599],[7.96,48.719],[8.09,48.809],[8.169,48.927],[8.233,48.967],[8.068,48.999],[7.911,49.045],[7.636,49.054],[7.529,49.1],[7.481,49.163],[7.369,49.161],[7.295,49.121],[7.192,49.118],[7.101,49.156],[7.052,49.126],[7.024,49.19],[6.859,49.211],[6.817,49.157],[6.733,49.173],[6.723,49.219],[6.586,49.331],[6.557,49.419],[6.45,49.469],[6.367,49.47],[6.38,49.551],[6.433,49.662],[6.501,49.719],[6.511,49.783],[6.475,49.821],[6.327,49.845],[6.253,49.891],[6.128,50.047],[6.138,50.13],[6.193,50.241],[6.315,50.313],[6.405,50.323],[6.355,50.379],[6.368,50.445],[6.316,50.497],[6.192,50.521],[6.189,50.566],[6.256,50.622],[6.184,50.638],[6.119,50.712],[6.021,50.754],[6.01,50.804],[6.072,50.858],[6.087,50.913],[6.031,50.934],[6.009,50.982],[5.91,50.986],[5.877,51.032],[5.9,51.059],[5.963,51.048],[6.175,51.185],[6.089,51.179],[6.073,51.243],[6.224,51.365],[6.204,51.519],[6.106,51.601],[6.103,51.656],[5.953,51.748],[5.98,51.771],[5.966,51.829],[6.061,51.859],[6.153,51.846],[6.168,51.901],[6.408,51.828],[6.419,51.861],[6.77,51.921],[6.819,51.99],[6.695,52.051],[6.76,52.119],[6.859,52.127],[6.992,52.222],[7.066,52.241],[7.034,52.291],[7.063,52.373],[6.996,52.454],[6.924,52.442],[6.698,52.486],[6.73,52.574],[6.71,52.628],[7.006,52.639],[7.053,52.657],[7.073,52.812],[7.201,52.986],[7.209,53.243],[7.264,53.326],[6.999,53.36],[7.043,53.524],[7.123,53.534],[7.101,53.576],[7.165,53.63],[7.293,53.678],[7.55,53.675],[7.81,53.708],[8.006,53.708],[8.049,53.648],[8.091,53.638],[8.143,53.595],[8.162,53.534],[8.061,53.506],[8.088,53.457],[8.196,53.409],[8.258,53.406],[8.306,53.454],[8.299,53.516],[8.237,53.538],[8.297,53.608],[8.555,53.525],[8.497,53.589],[8.52,53.606],[8.486,53.688],[8.553,53.821],[8.607,53.874],[8.687,53.892],[8.793,53.836],[9.019,53.835],[9.273,53.868],[8.964,53.899],[8.833,54.024],[8.968,54.052],[8.929,54.12],[8.85,54.132],[8.809,54.186],[8.845,54.266],[8.692,54.289],[8.643,54.321],[8.697,54.385],[8.872,54.417],[8.931,54.463],[8.845,54.492],[8.852,54.611],[8.655,54.809],[8.636,54.912],[9.113,54.874],[9.224,54.851],[9.272,54.81],[9.42,54.832]]],[[[13.501,54.553],[13.637,54.55],[13.608,54.447],[13.701,54.334],[13.491,54.324],[13.342,54.24],[13.314,54.24],[13.208,54.271],[13.186,54.304],[13.14,54.319],[13.185,54.394],[13.167,54.502],[13.295,54.652],[13.382,54.647],[13.401,54.592],[13.371,54.555],[13.492,54.456],[13.522,54.476],[13.501,54.553]]],[[[8.395,54.715],[8.437,54.748],[8.535,54.756],[8.588,54.741],[8.597,54.719],[8.567,54.681],[8.486,54.68],[8.402,54.7],[8.395,54.715]]],[[[8.416,54.847],[8.34,54.879],[8.297,54.85],[8.286,54.86],[8.297,54.911],[8.337,54.973],[8.361,54.959],[8.363,54.909],[8.381,54.892],[8.456,54.877],[8.464,54.863],[8.416,54.847]]],[[[8.598,54.534],[8.688,54.557],[8.711,54.553],[8.697,54.516],[8.671,54.495],[8.624,54.489],[8.587,54.523],[8.598,54.534]]],[[[8.34,54.696],[8.363,54.651],[8.404,54.615],[8.367,54.606],[8.289,54.667],[8.34,54.696]]],[[[6.655,53.596],[6.759,53.618],[6.784,53.609],[6.715,53.56],[6.665,53.578],[6.655,53.596]]],[[[8.398,55.054],[8.439,55.046],[8.441,55.017],[8.367,54.988],[8.357,54.997],[8.398,55.054]]],[[[7.189,53.723],[7.292,53.725],[7.29,53.706],[7.176,53.701],[7.17,53.713],[7.189,53.723]]],[[[6.999,53.683],[7.101,53.687],[7.099,53.678],[6.866,53.665],[6.867,53.671],[6.999,53.683]]],[[[7.708,53.789],[7.783,53.787],[7.77,53.752],[7.697,53.773],[7.708,53.789]]],[[[13.092,54.574],[13.118,54.582],[13.13,54.529],[13.073,54.529],[13.092,54.574]]],[[[8.502,53.955],[8.53,53.92],[8.502,53.894],[8.464,53.9],[8.502,53.955]]],[[[8.129,53.745],[8.172,53.736],[8.174,53.701],[8.133,53.698],[8.118,53.724],[8.129,53.745]]],[[[8.275,54.798],[8.32,54.786],[8.292,54.735],[8.263,54.761],[8.275,54.798]]],[[[8.567,54.596],[8.577,54.545],[8.543,54.54],[8.516,54.572],[8.567,54.596]]],[[[7.519,53.764],[7.499,53.72],[7.448,53.718],[7.477,53.762],[7.519,53.764]]],[[[11.568,54.109],[11.59,54.081],[11.54,54.051],[11.517,54.075],[11.568,54.109]]],[[[7.677,53.785],[7.697,53.773],[7.708,53.765],[7.684,53.741],[7.651,53.759],[7.677,53.785]]],[[[6.866,53.645],[6.901,53.654],[6.906,53.644],[6.891,53.625],[6.877,53.629],[6.866,53.645]]]]}},{"type":"Feature","properties":{"iso":"DZ","name":"Algeria"},"geometry":{"type":"Polygon","coordinates":[[[8.479,36.696],[8.44,36.626],[8.159,36.497],[8.199,36.453],[8.366,36.437],[8.401,36.408],[8.318,36.178],[8.339,36.109],[8.262,35.915],[8.262,35.763],[8.351,35.659],[8.375,35.481],[8.323,35.411],[8.318,35.312],[8.447,35.219],[8.348,35.076],[8.309,34.955],[8.256,34.914],[8.294,34.745],[8.249,34.68],[8.253,34.629],[8.129,34.524],[7.866,34.401],[7.79,34.209],[7.73,34.174],[7.652,34.184],[7.544,34.065],[7.535,33.799],[7.576,33.752],[7.625,33.582],[7.741,33.423],[7.814,33.209],[8.107,33.094],[8.124,33.03],[8.313,32.83],[8.368,32.5],[9.073,32.079],[9.357,31.0],[9.355,31.0],[9.552,30.246],[9.403,30.167],[9.409,30.092],[9.78,29.428],[9.901,28.8],[9.841,28.29],[9.957,27.884],[9.785,27.29],[9.913,26.646],[9.865,26.532],[9.53,26.381],[9.409,26.19],[10.016,25.346],[10.055,24.854],[10.212,24.748],[10.264,24.6],[10.433,24.481],[10.716,24.561],[10.998,24.47],[11.421,24.207],[11.608,24.25],[11.999,23.513],[7.459,20.837],[5.81,19.449],[3.432,18.979],[3.301,19.01],[3.143,19.156],[3.249,19.478],[3.222,19.829],[2.681,20.061],[2.393,20.048],[2.246,20.286],[1.949,20.237],[1.814,20.295],[1.603,20.578],[1.194,20.747],[1.131,21.135],[0.928,21.273],[-4.833,24.998],[-8.667,27.313],[-8.644,28.712],[-8.233,28.979],[-7.612,29.355],[-7.143,29.513],[-6.794,29.469],[-5.804,29.606],[-5.555,29.508],[-5.274,29.899],[-4.947,30.13],[-4.312,30.526],[-3.647,30.706],[-3.551,31.0],[-3.547,31.0],[-3.544,31.021],[-3.692,31.149],[-3.755,31.14],[-3.774,31.226],[-3.75,31.329],[-3.673,31.403],[-3.656,31.614],[-2.849,31.802],[-2.842,31.868],[-2.917,32.03],[-2.878,32.112],[-2.015,32.168],[-1.297,32.081],[-1.186,32.106],[-1.196,32.156],[-1.269,32.185],[-1.236,32.321],[-1.193,32.391],[-1.077,32.448],[-1.021,32.515],[-1.396,32.767],[-1.518,32.934],[-1.479,33.059],[-1.654,33.274],[-1.655,33.374],[-1.598,33.56],[-1.618,33.62],[-1.724,33.709],[-1.679,33.779],[-1.693,33.882],[-1.65,34.098],[-1.764,34.385],[-1.714,34.5],[-1.827,34.628],[-1.77,34.752],[-1.988,34.924],[-2.091,34.97],[-2.21,35.085],[-1.956,35.076],[-1.673,35.179],[-1.548,35.266],[-1.286,35.362],[-1.186,35.566],[-0.949,35.715],[-0.876,35.715],[-0.817,35.76],[-0.616,35.723],[-0.51,35.789],[-0.468,35.875],[-0.367,35.907],[-0.316,35.889],[-0.262,35.817],[-0.082,35.801],[0.02,35.86],[0.146,36.049],[0.343,36.187],[0.659,36.325],[0.875,36.378],[0.955,36.45],[1.349,36.544],[2.019,36.57],[2.345,36.64],[2.447,36.597],[2.56,36.595],[2.773,36.684],[2.926,36.807],[3.019,36.811],[3.14,36.745],[3.195,36.758],[3.26,36.804],[3.477,36.775],[3.876,36.915],[4.749,36.888],[5.065,36.781],[5.142,36.681],[5.316,36.644],[5.485,36.679],[5.694,36.811],[5.938,36.83],[6.195,36.91],[6.284,37.027],[6.427,37.08],[6.53,37.053],[6.619,36.97],[6.826,36.949],[6.945,36.889],[7.193,36.946],[7.237,36.998],[7.217,37.06],[7.24,37.076],[7.488,37.039],[7.607,36.974],[7.741,36.952],[7.787,36.873],[7.852,36.849],[8.0,36.864],[8.214,36.939],[8.443,36.902],[8.642,36.941],[8.631,36.87],[8.664,36.821],[8.47,36.767],[8.479,36.696]]]}},{"type":"Feature","properties":{"iso":"DK","name":"Denmark"},"geometry":{"type":"MultiPolygon","coordinates":[[[[10.194,56.685],[10.326,56.676],[10.363,56.584],[10.435,56.536],[10.828,56.517],[10.923,56.452],[10.904,56.358],[10.71,56.165],[10.619,56.218],[10.524,56.127],[10.431,56.182],[10.467,56.229],[10.461,56.268],[10.393,56.268],[10.246,56.161],[10.263,55.982],[10.199,55.867],[10.089,55.832],[9.964,55.701],[9.793,55.68],[9.672,55.712],[9.813,55.615],[9.671,55.513],[9.67,55.457],[9.615,55.41],[9.653,55.298],[9.749,55.257],[9.666,55.191],[9.526,55.157],[9.527,55.076],[9.488,55.041],[9.679,55.007],[9.677,55.053],[9.769,55.074],[9.964,55.0],[10.052,54.887],[9.971,54.856],[9.778,54.899],[9.723,54.855],[9.598,54.899],[9.42,54.832],[9.272,54.81],[9.224,54.851],[9.113,54.874],[8.636,54.912],[8.675,55.161],[8.637,55.383],[8.598,55.425],[8.449,55.467],[8.285,55.573],[8.257,55.561],[8.249,55.505],[8.104,55.558],[8.171,55.815],[8.164,55.892],[8.297,55.866],[8.362,55.934],[8.279,56.064],[8.121,56.089],[8.139,56.309],[8.246,56.331],[8.124,56.48],[8.131,56.568],[8.183,56.665],[8.297,56.581],[8.545,56.562],[8.611,56.495],[8.697,56.482],[8.744,56.547],[8.706,56.626],[9.006,56.836],[9.155,56.719],[9.068,56.623],[9.066,56.579],[9.147,56.627],[9.287,56.623],[9.319,56.672],[9.207,56.698],[9.184,56.883],[9.216,56.97],[9.121,57.025],[8.669,56.926],[8.696,56.896],[8.862,56.941],[8.899,56.921],[8.852,56.857],[8.846,56.776],[8.735,56.69],[8.653,56.682],[8.57,56.722],[8.561,56.767],[8.622,56.806],[8.614,56.834],[8.505,56.79],[8.496,56.705],[8.468,56.69],[8.363,56.69],[8.246,56.785],[8.351,56.939],[8.597,57.108],[9.377,57.175],[9.584,57.267],[9.957,57.575],[10.229,57.615],[10.499,57.694],[10.455,57.575],[10.529,57.437],[10.53,57.254],[10.293,56.935],[10.298,56.734],[10.194,56.685]]],[[[12.672,55.591],[12.57,55.563],[12.505,55.637],[12.48,55.605],[12.363,55.594],[12.242,55.544],[12.202,55.472],[12.22,55.425],[12.382,55.373],[12.419,55.301],[12.157,55.188],[12.15,55.059],[12.115,55.002],[12.043,54.98],[11.926,55.004],[11.794,55.07],[11.717,55.167],[11.247,55.237],[11.148,55.343],[11.184,55.427],[11.137,55.573],[11.017,55.704],[11.301,55.756],[11.476,55.858],[11.539,55.938],[11.697,55.953],[11.725,55.933],[11.696,55.807],[11.752,55.744],[11.779,55.659],[11.875,55.738],[11.871,55.798],[11.951,55.85],[11.857,55.969],[12.272,56.126],[12.518,56.086],[12.607,56.046],[12.527,55.922],[12.583,55.808],[12.584,55.722],[12.676,55.622],[12.672,55.591]],[[12.09,55.781],[12.065,55.781],[12.037,55.733],[11.981,55.73],[11.979,55.687],[12.079,55.666],[12.109,55.728],[12.09,55.781]]],[[[10.597,55.484],[10.6,55.517],[10.628,55.565],[10.629,55.595],[10.698,55.544],[10.738,55.487],[10.675,55.449],[10.803,55.329],[10.81,55.199],[10.751,55.082],[10.671,55.016],[10.694,55.0],[10.668,54.953],[10.64,54.99],[10.597,54.954],[10.541,54.966],[10.526,55.029],[10.252,55.088],[10.163,55.086],[10.173,55.03],[10.15,55.019],[10.109,55.059],[10.13,55.071],[10.111,55.101],[10.146,55.128],[10.137,55.152],[9.987,55.199],[9.903,55.243],[9.863,55.35],[9.814,55.362],[9.827,55.394],[9.686,55.502],[9.808,55.549],[9.863,55.515],[9.939,55.514],[10.185,55.607],[10.321,55.615],[10.495,55.544],[10.446,55.453],[10.456,55.44],[10.597,55.484]]],[[[11.659,54.891],[11.739,54.884],[11.758,54.95],[11.837,54.958],[12.03,54.895],[12.057,54.903],[12.037,54.929],[12.059,54.929],[12.128,54.869],[12.146,54.832],[11.977,54.69],[11.958,54.567],[11.878,54.649],[11.898,54.711],[11.873,54.722],[11.798,54.646],[11.646,54.66],[11.46,54.614],[11.001,54.769],[10.993,54.805],[11.067,54.813],[11.058,54.861],[11.025,54.898],[11.081,54.938],[11.225,54.959],[11.332,54.924],[11.38,54.886],[11.466,54.861],[11.483,54.837],[11.534,54.83],[11.65,54.861],[11.659,54.891]]],[[[14.992,55.194],[15.062,55.161],[15.155,55.132],[15.155,55.077],[15.113,55.038],[15.122,55.014],[15.083,54.988],[14.963,55.004],[14.744,55.064],[14.683,55.098],[14.707,55.13],[14.702,55.195],[14.713,55.225],[14.773,55.299],[14.825,55.254],[14.944,55.21],[14.971,55.215],[14.992,55.194]]],[[[10.666,54.861],[10.7,54.889],[10.696,54.931],[10.817,55.005],[10.915,55.12],[10.931,55.111],[10.906,55.021],[10.699,54.731],[10.65,54.811],[10.666,54.861]]],[[[12.524,55.007],[12.554,54.961],[12.51,54.943],[12.385,54.965],[12.313,54.952],[12.208,54.882],[12.143,54.882],[12.111,54.918],[12.148,54.944],[12.147,54.969],[12.207,54.968],[12.27,54.985],[12.284,55.012],[12.251,55.041],[12.23,55.021],[12.183,55.046],[12.204,55.069],[12.26,55.06],[12.316,55.028],[12.463,55.023],[12.524,55.007]]],[[[10.962,57.214],[10.942,57.244],[10.894,57.237],[10.869,57.257],[10.921,57.297],[11.008,57.306],[11.03,57.319],[11.194,57.324],[11.195,57.306],[11.098,57.294],[11.091,57.26],[11.036,57.228],[11.027,57.203],[10.962,57.214]]],[[[10.525,55.822],[10.529,55.852],[10.593,55.882],[10.603,55.929],[10.647,55.918],[10.671,55.874],[10.646,55.844],[10.643,55.797],[10.622,55.766],[10.552,55.769],[10.525,55.822]]],[[[8.464,55.107],[8.49,55.198],[8.517,55.212],[8.593,55.192],[8.552,55.141],[8.57,55.085],[8.521,55.061],[8.479,55.077],[8.464,55.107]]],[[[8.636,56.625],[8.598,56.637],[8.589,56.599],[8.555,56.598],[8.537,56.576],[8.482,56.633],[8.425,56.667],[8.464,56.687],[8.496,56.668],[8.579,56.687],[8.595,56.662],[8.629,56.661],[8.636,56.625]]],[[[10.444,54.875],[10.492,54.888],[10.512,54.844],[10.422,54.821],[10.339,54.861],[10.288,54.908],[10.301,54.916],[10.363,54.892],[10.417,54.9],[10.444,54.875]]],[[[8.326,55.455],[8.371,55.472],[8.407,55.467],[8.406,55.439],[8.452,55.435],[8.468,55.406],[8.45,55.391],[8.473,55.36],[8.428,55.348],[8.37,55.42],[8.326,55.455]]],[[[11.526,56.727],[11.607,56.731],[11.582,56.69],[11.546,56.686],[11.507,56.718],[11.526,56.727]]],[[[10.518,55.973],[10.563,56.003],[10.58,55.933],[10.536,55.935],[10.518,55.973]]],[[[12.744,55.667],[12.778,55.668],[12.786,55.616],[12.764,55.605],[12.733,55.635],[12.744,55.667]]],[[[11.819,55.787],[11.829,55.816],[11.853,55.781],[11.839,55.737],[11.785,55.775],[11.819,55.787]]],[[[11.409,54.974],[11.45,54.948],[11.397,54.917],[11.376,54.934],[11.409,54.974]]],[[[11.553,54.992],[11.575,54.972],[11.538,54.942],[11.499,54.984],[11.553,54.992]]],[[[9.094,56.924],[9.115,56.893],[9.096,56.869],[9.041,56.893],[9.094,56.924]]],[[[9.779,55.313],[9.827,55.341],[9.837,55.29],[9.778,55.291],[9.779,55.313]]],[[[8.118,56.419],[8.16,56.387],[8.121,56.354],[8.098,56.381],[8.118,56.419]]],[[[11.118,55.913],[11.18,55.889],[11.164,55.855],[11.105,55.896],[11.118,55.913]]],[[[8.541,55.299],[8.594,55.291],[8.575,55.262],[8.534,55.259],[8.52,55.281],[8.541,55.299]]],[[[11.176,55.24],[11.199,55.23],[11.221,55.189],[11.167,55.189],[11.162,55.226],[11.176,55.24]]],[[[10.313,55.802],[10.338,55.766],[10.325,55.736],[10.279,55.749],[10.313,55.802]]],[[[11.081,55.544],[11.131,55.543],[11.117,55.502],[11.064,55.509],[11.081,55.544]]],[[[11.156,55.183],[11.174,55.156],[11.152,55.119],[11.112,55.167],[11.156,55.183]]],[[[9.994,55.17],[10.05,55.131],[10.03,55.117],[9.972,55.133],[9.994,55.17]]]]}},{"type":"Feature","properties":{"iso":"ER","name":"Eritrea"},"geometry":{"type":"MultiPolygon","coordinates":[[[[39.463,15.561],[39.62,15.471],[39.717,15.113],[39.824,15.113],[39.785,15.379],[39.889,15.487],[40.064,15.34],[40.045,15.235],[40.193,14.97],[40.305,14.921],[40.558,14.981],[40.768,14.737],[41.183,14.615],[41.693,13.947],[41.959,13.847],[42.275,13.566],[42.405,13.216],[42.555,13.201],[42.796,12.856],[42.919,12.803],[43.017,12.863],[43.126,12.71],[42.885,12.607],[42.813,12.435],[42.701,12.367],[42.495,12.51],[42.404,12.469],[41.649,13.369],[41.2,13.698],[40.931,14.086],[40.218,14.406],[40.123,14.541],[39.937,14.429],[39.592,14.597],[39.268,14.439],[39.11,14.641],[38.812,14.479],[38.49,14.419],[37.916,14.879],[37.518,14.203],[37.287,14.437],[37.151,14.405],[37.061,14.271],[36.765,14.32],[36.56,14.258],[36.445,15.155],[36.551,15.252],[36.949,16.28],[36.891,16.557],[37.018,16.795],[37.013,17.073],[37.391,17.058],[37.515,17.325],[37.756,17.389],[37.804,17.494],[37.926,17.463],[38.025,17.559],[38.075,17.482],[38.126,17.563],[38.25,17.563],[38.57,18.005],[38.935,17.367],[39.274,16.004],[39.431,15.789],[39.463,15.561]]],[[[40.171,15.63],[40.327,15.686],[40.427,15.563],[39.962,15.621],[40.077,15.666],[39.921,15.705],[39.932,15.787],[40.047,15.862],[40.148,15.688],[40.206,15.74],[40.171,15.63]]]]}},{"type":"Feature","properties":{"iso":"GR","name":"Greece"},"geometry":{"type":"MultiPolygon","coordinates":[[[[26.354,41.014],[26.343,40.949],[26.238,40.887],[26.121,40.752],[26.033,40.73],[26.023,40.784],[25.952,40.836],[25.55,40.863],[25.33,40.941],[25.171,40.944],[25.138,40.961],[25.14,40.991],[25.059,40.996],[24.813,40.858],[24.632,40.866],[24.551,40.947],[24.49,40.953],[24.399,40.93],[24.295,40.816],[24.143,40.74],[24.043,40.721],[23.868,40.779],[23.765,40.758],[23.7,40.687],[23.878,40.542],[23.837,40.493],[23.862,40.426],[23.923,40.392],[24.011,40.389],[24.035,40.403],[24.239,40.304],[24.376,40.146],[24.302,40.132],[24.147,40.278],[24.005,40.315],[23.946,40.347],[23.907,40.315],[23.856,40.365],[23.73,40.346],[23.702,40.308],[23.786,40.196],[23.982,40.112],[24.012,40.011],[23.949,39.946],[23.808,40.029],[23.76,40.128],[23.657,40.217],[23.417,40.274],[23.32,40.219],[23.004,40.35],[22.901,40.382],[22.824,40.486],[22.961,40.531],[22.951,40.617],[22.934,40.631],[22.896,40.64],[22.853,40.628],[22.839,40.617],[22.839,40.588],[22.774,40.562],[22.729,40.521],[22.682,40.529],[22.664,40.492],[22.598,40.461],[22.651,40.355],[22.554,40.141],[22.586,40.03],[22.665,39.975],[22.735,39.878],[22.846,39.789],[22.916,39.603],[23.098,39.488],[23.332,39.204],[23.291,39.145],[23.092,39.097],[23.082,39.147],[23.137,39.125],[23.198,39.172],[23.149,39.276],[22.979,39.343],[22.835,39.274],[22.841,39.194],[22.969,39.101],[23.017,39.003],[22.973,38.949],[22.774,38.881],[22.614,38.894],[22.576,38.867],[22.774,38.789],[23.035,38.746],[23.102,38.65],[23.201,38.67],[23.319,38.63],[23.318,38.57],[23.358,38.526],[23.328,38.501],[23.573,38.486],[23.611,38.527],[23.574,38.576],[23.2,38.824],[23.027,38.867],[22.92,38.843],[22.892,38.87],[23.131,38.998],[23.3,39.025],[23.403,38.958],[23.472,38.848],[23.567,38.787],[23.862,38.68],[24.098,38.659],[24.203,38.526],[24.197,38.392],[24.267,38.223],[24.356,38.166],[24.562,38.137],[24.559,38.012],[24.527,37.974],[24.501,37.955],[24.444,37.997],[24.405,37.997],[24.357,37.977],[24.293,38.072],[24.213,38.091],[24.176,38.22],[24.145,38.27],[24.109,38.267],[24.027,38.396],[23.659,38.405],[23.636,38.387],[23.656,38.352],[23.949,38.283],[24.061,38.199],[24.055,38.151],[23.992,38.098],[24.021,37.997],[24.014,37.946],[24.077,37.766],[24.032,37.665],[23.95,37.663],[23.885,37.773],[23.744,37.854],[23.672,37.942],[23.571,37.955],[23.533,37.919],[23.445,37.879],[23.413,37.892],[23.41,37.919],[23.467,37.937],[23.45,37.974],[23.571,37.993],[23.597,38.015],[23.523,38.042],[23.379,37.978],[23.18,37.952],[23.014,37.902],[23.025,37.856],[23.159,37.804],[23.12,37.73],[23.163,37.713],[23.165,37.628],[23.2,37.597],[23.326,37.541],[23.344,37.552],[23.337,37.618],[23.37,37.627],[23.394,37.617],[23.401,37.525],[23.502,37.52],[23.477,37.49],[23.504,37.437],[23.424,37.412],[23.283,37.393],[23.152,37.315],[23.09,37.364],[23.068,37.458],[22.938,37.518],[22.752,37.556],[22.772,37.389],[22.981,37.048],[23.076,36.811],[23.046,36.645],[23.163,36.451],[23.103,36.45],[22.964,36.511],[22.816,36.691],[22.774,36.783],[22.704,36.804],[22.569,36.756],[22.486,36.578],[22.497,36.462],[22.476,36.416],[22.373,36.495],[22.357,36.687],[22.246,36.863],[22.144,36.921],[22.115,37.014],[22.042,37.019],[21.957,36.983],[21.945,36.965],[21.928,36.877],[21.946,36.793],[21.907,36.748],[21.762,36.805],[21.699,36.758],[21.691,36.942],[21.575,37.107],[21.583,37.181],[21.685,37.302],[21.68,37.377],[21.547,37.552],[21.331,37.664],[21.27,37.783],[21.122,37.864],[21.139,37.926],[21.26,37.984],[21.351,38.102],[21.38,38.205],[21.618,38.149],[21.695,38.192],[21.767,38.298],[21.856,38.331],[21.994,38.316],[22.204,38.189],[22.634,38.075],[22.867,37.946],[22.949,37.967],[22.896,38.024],[22.913,38.055],[23.118,38.061],[23.203,38.103],[23.189,38.159],[23.016,38.205],[22.92,38.193],[22.794,38.241],[22.774,38.281],[22.704,38.319],[22.663,38.366],[22.608,38.359],[22.589,38.298],[22.559,38.289],[22.505,38.376],[22.414,38.439],[22.366,38.344],[22.238,38.353],[22.18,38.331],[22.072,38.386],[21.95,38.401],[21.852,38.375],[21.807,38.38],[21.757,38.336],[21.625,38.352],[21.501,38.304],[21.466,38.358],[21.346,38.402],[21.258,38.321],[21.188,38.301],[21.135,38.325],[21.089,38.503],[21.018,38.545],[20.989,38.648],[20.911,38.695],[20.867,38.774],[20.769,38.775],[20.741,38.826],[20.79,38.934],[20.95,38.941],[21.057,38.885],[21.135,38.898],[21.155,38.892],[21.153,38.986],[21.109,39.046],[21.028,39.01],[20.914,39.068],[20.801,39.071],[20.761,39.022],[20.782,38.982],[20.735,38.955],[20.69,39.06],[20.476,39.219],[20.478,39.275],[20.346,39.286],[20.301,39.316],[20.228,39.432],[20.249,39.505],[20.159,39.54],[20.17,39.625],[20.009,39.691],[20.031,39.697],[20.127,39.658],[20.219,39.649],[20.229,39.679],[20.262,39.677],[20.277,39.704],[20.316,39.727],[20.297,39.765],[20.302,39.813],[20.391,39.788],[20.407,39.851],[20.324,39.985],[20.387,40.001],[20.443,40.067],[20.613,40.08],[20.677,40.108],[20.722,40.283],[20.779,40.349],[20.797,40.426],[20.855,40.475],[20.949,40.477],[21.056,40.617],[21.047,40.678],[20.971,40.765],[20.98,40.856],[21.209,40.877],[21.258,40.86],[21.419,40.912],[21.572,40.876],[21.686,40.93],[21.787,40.931],[21.929,41.1],[22.056,41.152],[22.128,41.131],[22.216,41.17],[22.332,41.12],[22.589,41.124],[22.661,41.179],[22.724,41.151],[22.774,41.322],[22.879,41.341],[23.189,41.324],[23.293,41.398],[23.347,41.374],[23.496,41.404],[23.624,41.376],[23.911,41.467],[24.054,41.46],[24.06,41.522],[24.143,41.537],[24.177,41.525],[24.26,41.566],[24.319,41.52],[24.528,41.561],[24.618,41.432],[24.723,41.41],[24.784,41.36],[24.832,41.396],[24.915,41.401],[25.179,41.31],[25.225,41.265],[25.313,41.239],[25.567,41.314],[25.702,41.3],[25.822,41.339],[25.906,41.308],[26.121,41.359],[26.179,41.441],[26.168,41.557],[26.121,41.628],[26.079,41.649],[26.081,41.709],[26.172,41.743],[26.358,41.711],[26.591,41.6],[26.628,41.358],[26.336,41.249],[26.317,41.173],[26.354,41.014]]],[[[24.145,35.579],[24.173,35.536],[24.145,35.485],[24.229,35.456],[24.317,35.354],[24.548,35.376],[24.687,35.424],[24.928,35.407],[25.003,35.42],[25.073,35.343],[25.367,35.336],[25.491,35.298],[25.64,35.34],[25.732,35.332],[25.749,35.272],[25.726,35.158],[25.791,35.122],[26.051,35.226],[26.159,35.204],[26.245,35.266],[26.292,35.195],[26.259,35.087],[26.168,35.014],[25.945,35.033],[25.551,34.991],[24.768,34.927],[24.723,35.093],[24.568,35.104],[24.381,35.19],[24.288,35.176],[23.844,35.241],[23.606,35.245],[23.543,35.294],[23.541,35.375],[23.585,35.539],[23.695,35.525],[23.741,35.663],[23.852,35.535],[23.988,35.523],[24.09,35.579],[24.145,35.579]]],[[[26.121,39.064],[25.939,39.125],[25.844,39.209],[25.887,39.271],[26.121,39.313],[26.187,39.372],[26.249,39.382],[26.349,39.375],[26.407,39.333],[26.382,39.272],[26.53,39.165],[26.603,39.019],[26.402,38.966],[26.168,39.015],[26.121,39.064]]],[[[27.955,36.046],[27.863,35.929],[27.797,35.891],[27.772,35.889],[27.721,35.941],[27.756,36.015],[27.759,36.096],[27.713,36.113],[27.698,36.153],[27.765,36.188],[27.806,36.269],[27.859,36.296],[27.879,36.322],[28.055,36.398],[28.112,36.417],[28.194,36.426],[28.219,36.456],[28.237,36.442],[28.228,36.403],[28.245,36.386],[28.204,36.339],[28.137,36.187],[28.099,36.176],[28.07,36.106],[28.098,36.104],[28.071,36.061],[28.023,36.077],[27.955,36.046]]],[[[26.149,38.559],[26.162,38.544],[26.135,38.412],[26.153,38.313],[26.104,38.273],[26.113,38.233],[26.099,38.213],[26.037,38.198],[26.012,38.151],[25.927,38.196],[25.911,38.221],[25.866,38.245],[25.876,38.272],[25.92,38.299],[25.954,38.295],[25.994,38.343],[25.99,38.389],[25.962,38.404],[25.957,38.44],[25.924,38.469],[25.865,38.492],[25.833,38.543],[25.851,38.574],[26.003,38.603],[26.063,38.591],[26.089,38.557],[26.149,38.559]]],[[[20.667,38.277],[20.814,38.11],[20.794,38.064],[20.704,38.069],[20.639,38.11],[20.607,38.117],[20.564,38.09],[20.489,38.12],[20.469,38.191],[20.48,38.205],[20.438,38.282],[20.421,38.268],[20.439,38.225],[20.439,38.162],[20.393,38.155],[20.337,38.189],[20.358,38.225],[20.358,38.26],[20.388,38.278],[20.403,38.335],[20.44,38.357],[20.442,38.335],[20.489,38.312],[20.534,38.342],[20.545,38.424],[20.538,38.47],[20.582,38.465],[20.597,38.405],[20.61,38.402],[20.628,38.326],[20.599,38.302],[20.627,38.259],[20.667,38.277]]],[[[19.929,39.735],[19.844,39.703],[19.864,39.646],[19.925,39.619],[19.912,39.552],[19.939,39.474],[19.997,39.459],[20.033,39.438],[20.07,39.459],[20.12,39.382],[20.112,39.364],[20.001,39.4],[19.985,39.414],[19.911,39.433],[19.871,39.457],[19.852,39.496],[19.848,39.548],[19.807,39.592],[19.744,39.625],[19.726,39.673],[19.676,39.682],[19.682,39.713],[19.658,39.717],[19.637,39.751],[19.674,39.794],[19.797,39.79],[19.85,39.819],[19.883,39.8],[19.942,39.785],[19.954,39.769],[19.929,39.735]]],[[[26.596,37.687],[26.576,37.725],[26.614,37.769],[26.732,37.809],[27.025,37.776],[27.051,37.71],[26.817,37.636],[26.73,37.701],[26.596,37.687]]],[[[25.361,39.81],[25.335,39.789],[25.268,39.841],[25.276,39.892],[25.256,39.911],[25.216,39.898],[25.184,39.801],[25.114,39.843],[25.058,39.843],[25.054,39.878],[25.069,39.915],[25.045,39.961],[25.054,39.986],[25.137,40.005],[25.159,39.991],[25.231,40.004],[25.268,39.987],[25.289,39.942],[25.369,40.002],[25.424,40.024],[25.443,39.981],[25.417,39.969],[25.344,39.878],[25.361,39.81]]],[[[24.597,40.617],[24.531,40.63],[24.52,40.674],[24.568,40.76],[24.647,40.794],[24.751,40.752],[24.777,40.617],[24.647,40.572],[24.608,40.597],[24.597,40.617]]],[[[24.702,37.967],[24.771,37.993],[24.824,37.957],[24.839,37.919],[24.946,37.89],[24.988,37.76],[24.948,37.7],[24.692,37.919],[24.702,37.967]]],[[[23.597,39.92],[23.463,39.969],[23.413,39.96],[23.368,39.97],[23.38,40.001],[23.304,40.102],[23.321,40.132],[23.325,40.185],[23.347,40.182],[23.362,40.148],[23.396,40.139],[23.438,40.102],[23.455,40.07],[23.493,40.035],[23.68,39.972],[23.717,39.908],[23.597,39.92]]],[[[20.844,37.659],[20.811,37.659],[20.629,37.835],[20.639,37.883],[20.695,37.922],[20.754,37.854],[20.828,37.835],[20.959,37.735],[20.952,37.719],[20.886,37.727],[20.844,37.659]]],[[[25.36,37.08],[25.517,37.185],[25.596,37.103],[25.544,36.965],[25.452,36.926],[25.412,36.965],[25.36,37.08]]],[[[20.804,38.665],[20.753,38.63],[20.725,38.637],[20.683,38.607],[20.616,38.602],[20.591,38.627],[20.571,38.589],[20.55,38.593],[20.558,38.68],[20.601,38.779],[20.649,38.831],[20.69,38.85],[20.726,38.804],[20.721,38.751],[20.751,38.693],[20.724,38.686],[20.726,38.66],[20.788,38.673],[20.804,38.665]]],[[[27.08,35.445],[27.119,35.483],[27.111,35.547],[27.075,35.571],[27.063,35.598],[27.119,35.644],[27.117,35.667],[27.163,35.728],[27.165,35.801],[27.217,35.824],[27.187,35.862],[27.223,35.891],[27.238,35.883],[27.23,35.799],[27.21,35.763],[27.217,35.729],[27.163,35.657],[27.151,35.613],[27.203,35.573],[27.218,35.544],[27.209,35.509],[27.241,35.494],[27.172,35.458],[27.153,35.42],[27.113,35.424],[27.08,35.445]]],[[[26.963,36.692],[26.927,36.71],[26.928,36.755],[27.134,36.874],[27.264,36.907],[27.327,36.879],[27.327,36.863],[27.101,36.762],[27.025,36.766],[26.963,36.692]]],[[[23.045,36.191],[23.046,36.133],[22.988,36.141],[22.944,36.158],[22.91,36.201],[22.903,36.232],[22.925,36.247],[22.923,36.288],[22.893,36.32],[22.924,36.374],[22.951,36.381],[23.002,36.309],[23.048,36.287],[23.115,36.236],[23.114,36.221],[23.071,36.227],[23.045,36.191]]],[[[26.107,37.552],[26.061,37.519],[25.983,37.52],[26.007,37.575],[26.063,37.627],[26.148,37.639],[26.201,37.628],[26.298,37.681],[26.345,37.684],[26.341,37.655],[26.293,37.61],[26.215,37.568],[26.107,37.552]]],[[[24.587,38.789],[24.559,38.773],[24.54,38.792],[24.566,38.808],[24.567,38.833],[24.483,38.855],[24.445,38.888],[24.466,38.916],[24.449,38.948],[24.49,38.977],[24.577,38.927],[24.573,38.871],[24.658,38.83],[24.686,38.792],[24.682,38.773],[24.609,38.77],[24.587,38.789]]],[[[25.236,36.999],[25.18,36.976],[25.119,36.995],[25.097,37.039],[25.132,37.095],[25.166,37.126],[25.219,37.14],[25.256,37.128],[25.266,37.159],[25.292,37.141],[25.256,37.08],[25.275,37.063],[25.236,36.999]]],[[[24.979,37.659],[25.002,37.678],[25.05,37.677],[25.08,37.643],[25.207,37.634],[25.254,37.61],[25.235,37.536],[25.189,37.523],[25.061,37.593],[24.979,37.659]]],[[[24.532,36.679],[24.473,36.661],[24.343,36.655],[24.322,36.663],[24.345,36.742],[24.398,36.735],[24.393,36.713],[24.448,36.691],[24.469,36.707],[24.43,36.724],[24.408,36.75],[24.424,36.76],[24.477,36.743],[24.53,36.776],[24.521,36.819],[24.557,36.841],[24.599,36.825],[24.585,36.79],[24.552,36.776],[24.53,36.741],[24.545,36.704],[24.532,36.679]]],[[[25.46,40.464],[25.495,40.495],[25.565,40.51],[25.657,40.493],[25.7,40.464],[25.697,40.423],[25.602,40.394],[25.559,40.396],[25.46,40.464]]],[[[24.279,37.577],[24.263,37.583],[24.294,37.659],[24.348,37.688],[24.411,37.655],[24.388,37.607],[24.294,37.523],[24.276,37.521],[24.279,37.577]]],[[[25.768,36.806],[25.827,36.808],[25.861,36.83],[25.849,36.85],[25.962,36.894],[25.975,36.93],[26.021,36.937],[26.047,36.9],[25.977,36.88],[25.871,36.79],[25.802,36.767],[25.748,36.782],[25.768,36.806]]],[[[25.273,36.787],[25.307,36.792],[25.331,36.755],[25.403,36.714],[25.384,36.695],[25.387,36.655],[25.356,36.646],[25.255,36.73],[25.273,36.787]]],[[[26.93,37.058],[27.037,37.01],[27.048,36.996],[27.02,36.947],[26.956,36.929],[26.92,36.965],[26.93,37.058]]],[[[23.769,39.092],[23.732,39.074],[23.675,39.084],[23.654,39.096],[23.596,39.194],[23.617,39.195],[23.721,39.146],[23.731,39.12],[23.781,39.13],[23.769,39.092]]],[[[24.386,37.358],[24.393,37.412],[24.366,37.421],[24.401,37.462],[24.431,37.467],[24.428,37.443],[24.468,37.425],[24.483,37.401],[24.396,37.309],[24.369,37.323],[24.386,37.358]]],[[[24.879,37.396],[24.856,37.396],[24.866,37.429],[24.898,37.448],[24.897,37.5],[24.944,37.487],[24.937,37.433],[24.974,37.43],[24.972,37.401],[24.948,37.384],[24.879,37.365],[24.879,37.396]]],[[[23.432,37.729],[23.416,37.762],[23.485,37.776],[23.567,37.767],[23.522,37.701],[23.479,37.672],[23.461,37.715],[23.432,37.729]]],[[[25.31,37.483],[25.355,37.497],[25.46,37.474],[25.457,37.445],[25.425,37.441],[25.4,37.415],[25.333,37.412],[25.326,37.463],[25.31,37.483]]],[[[24.652,37.013],[24.662,37.033],[24.698,37.027],[24.766,36.949],[24.728,36.91],[24.7,36.901],[24.652,37.013]]],[[[24.445,37.193],[24.511,37.207],[24.534,37.194],[24.532,37.128],[24.506,37.11],[24.424,37.142],[24.445,37.193]]],[[[23.923,39.182],[23.881,39.185],[23.934,39.273],[23.963,39.273],[23.995,39.157],[23.947,39.157],[23.923,39.182]]],[[[26.82,37.146],[26.784,37.162],[26.766,37.191],[26.821,37.201],[26.85,37.187],[26.853,37.162],[26.887,37.102],[26.852,37.097],[26.815,37.119],[26.82,37.146]]],[[[25.433,36.393],[25.414,36.431],[25.437,36.454],[25.487,36.405],[25.486,36.36],[25.441,36.332],[25.41,36.355],[25.433,36.393]]],[[[27.358,36.427],[27.32,36.414],[27.294,36.433],[27.301,36.46],[27.359,36.48],[27.426,36.389],[27.394,36.377],[27.358,36.427]]],[[[26.9,35.418],[26.977,35.429],[26.973,35.394],[26.882,35.343],[26.848,35.359],[26.9,35.418]]],[[[26.269,36.583],[26.292,36.598],[26.368,36.567],[26.355,36.516],[26.293,36.522],[26.269,36.583]]],[[[20.611,38.469],[20.662,38.488],[20.668,38.463],[20.712,38.437],[20.68,38.378],[20.664,38.378],[20.638,38.437],[20.611,38.469]]],[[[23.454,39.137],[23.413,39.138],[23.391,39.159],[23.443,39.182],[23.459,39.211],[23.507,39.194],[23.525,39.146],[23.477,39.16],[23.454,39.137]]],[[[27.795,36.566],[27.79,36.616],[27.824,36.644],[27.869,36.601],[27.862,36.546],[27.831,36.566],[27.795,36.566]]],[[[24.978,39.535],[25.006,39.562],[25.057,39.531],[24.987,39.462],[24.971,39.503],[24.978,39.535]]],[[[23.467,37.354],[23.522,37.371],[23.541,37.352],[23.507,37.343],[23.501,37.319],[23.447,37.315],[23.397,37.293],[23.378,37.308],[23.467,37.354]]],[[[20.676,38.359],[20.716,38.368],[20.723,38.39],[20.75,38.37],[20.754,38.32],[20.722,38.301],[20.695,38.315],[20.676,38.359]]],[[[25.141,36.719],[25.176,36.702],[25.132,36.657],[25.065,36.649],[25.09,36.693],[25.141,36.719]]],[[[25.541,38.586],[25.591,38.61],[25.621,38.589],[25.611,38.535],[25.567,38.544],[25.541,38.586]]],[[[25.348,36.416],[25.32,36.42],[25.338,36.465],[25.367,36.487],[25.43,36.478],[25.405,36.447],[25.374,36.456],[25.348,36.416]]],[[[25.766,36.405],[25.826,36.371],[25.827,36.355],[25.78,36.342],[25.726,36.366],[25.766,36.405]]],[[[26.539,37.351],[26.573,37.373],[26.592,37.358],[26.57,37.323],[26.576,37.279],[26.546,37.279],[26.53,37.294],[26.539,37.351]]],[[[27.131,36.607],[27.177,36.62],[27.208,36.586],[27.191,36.559],[27.132,36.566],[27.131,36.607]]],[[[25.02,37.008],[25.055,37.039],[25.081,37.038],[25.073,36.984],[25.057,36.965],[25.018,36.973],[25.02,37.008]]],[[[24.043,34.854],[24.073,34.872],[24.118,34.852],[24.11,34.817],[24.073,34.825],[24.043,34.854]]],[[[24.052,39.353],[24.098,39.348],[24.096,39.312],[24.067,39.294],[24.04,39.323],[24.052,39.353]]],[[[26.709,37.32],[26.722,37.329],[26.79,37.302],[26.793,37.277],[26.716,37.297],[26.709,37.32]]],[[[26.447,36.6],[26.404,36.566],[26.39,36.566],[26.392,36.636],[26.447,36.6]]],[[[24.855,36.68],[24.893,36.647],[24.861,36.618],[24.821,36.664],[24.855,36.68]]],[[[20.939,38.656],[20.935,38.614],[20.871,38.607],[20.891,38.644],[20.939,38.656]]],[[[26.422,37.59],[26.507,37.587],[26.491,37.555],[26.43,37.565],[26.422,37.59]]],[[[24.252,38.035],[24.275,38.031],[24.28,37.978],[24.227,37.985],[24.252,38.035]]],[[[29.564,36.168],[29.586,36.171],[29.609,36.142],[29.585,36.111],[29.554,36.131],[29.564,36.168]]],[[[21.728,36.765],[21.761,36.766],[21.784,36.745],[21.779,36.711],[21.755,36.711],[21.728,36.765]]],[[[24.234,36.818],[24.269,36.797],[24.245,36.753],[24.206,36.799],[24.234,36.818]]],[[[24.146,37.772],[24.162,37.746],[24.133,37.685],[24.108,37.694],[24.146,37.772]]],[[[25.808,37.131],[25.846,37.13],[25.833,37.079],[25.781,37.105],[25.808,37.131]]],[[[27.554,36.226],[27.612,36.259],[27.631,36.213],[27.563,36.216],[27.554,36.226]]],[[[19.375,39.878],[19.425,39.86],[19.419,39.833],[19.384,39.829],[19.363,39.852],[19.375,39.878]]],[[[20.689,38.583],[20.745,38.57],[20.708,38.524],[20.682,38.549],[20.689,38.583]]],[[[21.008,38.5],[21.039,38.508],[21.043,38.46],[21.007,38.45],[20.993,38.471],[21.008,38.5]]],[[[23.332,37.362],[23.344,37.316],[23.287,37.311],[23.277,37.331],[23.332,37.362]]],[[[26.689,36.371],[26.703,36.336],[26.669,36.314],[26.64,36.358],[26.689,36.371]]],[[[25.476,36.876],[25.483,36.829],[25.432,36.818],[25.427,36.846],[25.476,36.876]]],[[[23.318,35.892],[23.335,35.85],[23.311,35.829],[23.273,35.876],[23.318,35.892]]],[[[26.17,35.365],[26.199,35.357],[26.194,35.304],[26.144,35.331],[26.17,35.365]]],[[[24.104,39.098],[24.136,39.076],[24.091,39.036],[24.069,39.069],[24.104,39.098]]],[[[26.723,37.409],[26.777,37.372],[26.752,37.351],[26.705,37.375],[26.723,37.409]]],[[[27.128,36.964],[27.18,36.954],[27.157,36.919],[27.131,36.918],[27.112,36.949],[27.128,36.964]]],[[[24.593,36.783],[24.64,36.795],[24.658,36.749],[24.609,36.749],[24.593,36.783]]],[[[25.201,37.418],[25.221,37.455],[25.25,37.423],[25.239,37.39],[25.202,37.397],[25.201,37.418]]],[[[26.207,38.547],[26.25,38.541],[26.256,38.517],[26.222,38.499],[26.189,38.532],[26.207,38.547]]],[[[26.926,37.475],[26.977,37.489],[27.004,37.479],[26.98,37.446],[26.945,37.453],[26.926,37.475]]],[[[24.146,39.42],[24.199,39.402],[24.182,39.362],[24.138,39.388],[24.146,39.42]]],[[[26.512,37.659],[26.559,37.602],[26.519,37.593],[26.494,37.631],[26.512,37.659]]],[[[20.138,39.242],[20.202,39.196],[20.165,39.178],[20.123,39.234],[20.138,39.242]]],[[[25.211,35.477],[25.253,35.454],[25.248,35.418],[25.188,35.447],[25.211,35.477]]],[[[23.339,37.716],[23.372,37.716],[23.381,37.694],[23.338,37.667],[23.314,37.682],[23.339,37.716]]],[[[24.705,37.634],[24.747,37.636],[24.747,37.589],[24.685,37.607],[24.705,37.634]]],[[[25.619,36.893],[25.646,36.916],[25.681,36.904],[25.67,36.87],[25.629,36.87],[25.619,36.893]]],[[[23.105,37.262],[23.11,37.284],[23.165,37.266],[23.163,37.236],[23.121,37.238],[23.105,37.262]]],[[[24.891,36.628],[24.958,36.624],[24.955,36.585],[24.912,36.592],[24.891,36.628]]],[[[25.5,36.899],[25.525,36.909],[25.544,36.868],[25.537,36.848],[25.502,36.856],[25.5,36.899]]]]}},{"type":"Feature","properties":{"iso":"ET","name":"Ethiopia"},"geometry":{"type":"Polygon","coordinates":[[[41.805,10.985],[42.046,10.927],[42.634,11.087],[42.968,10.997],[42.696,10.606],[42.845,10.263],[43.089,9.912],[43.254,9.836],[43.298,9.628],[43.472,9.424],[43.675,9.331],[44.026,8.991],[46.948,8.022],[47.868,7.933],[45.01,4.95],[44.023,4.959],[43.675,4.872],[43.088,4.607],[42.827,4.274],[42.093,4.176],[41.841,3.954],[41.196,3.943],[40.767,4.278],[39.872,3.866],[39.54,3.408],[38.534,3.644],[38.126,3.615],[37.013,4.387],[36.063,4.456],[35.957,4.537],[35.818,4.795],[35.842,5.319],[35.545,5.415],[35.324,5.34],[35.304,5.496],[35.135,5.624],[35.0,5.914],[34.955,6.254],[35.01,6.448],[34.932,6.551],[34.548,6.74],[34.462,6.918],[34.216,7.022],[34.026,7.244],[33.94,7.496],[33.678,7.682],[33.323,7.714],[33.008,7.865],[33.178,8.132],[33.253,8.436],[33.635,8.457],[33.757,8.366],[34.128,8.585],[34.108,9.569],[34.344,10.184],[34.306,10.591],[34.586,10.892],[34.789,10.721],[34.959,10.888],[35.064,11.745],[35.274,11.941],[35.696,12.658],[36.159,12.702],[36.159,12.958],[36.492,13.827],[36.458,13.979],[36.56,14.258],[36.765,14.32],[37.061,14.271],[37.151,14.405],[37.287,14.437],[37.518,14.203],[37.916,14.879],[38.49,14.419],[38.812,14.479],[39.11,14.641],[39.268,14.439],[39.592,14.597],[39.937,14.429],[40.123,14.541],[40.218,14.406],[40.931,14.086],[41.2,13.698],[41.649,13.369],[42.404,12.469],[41.825,11.704],[41.776,11.492],[41.805,10.985]]]}},{"type":"Feature","properties":{"iso":"FO","name":"Faroes"},"geometry":{"type":"MultiPolygon","coordinates":[[[[-6.749,62.182],[-6.65,62.153],[-6.641,62.108],[-6.684,62.105],[-6.692,62.058],[-6.739,62.086],[-6.731,62.14],[-6.754,62.15],[-6.766,62.092],[-6.889,62.16],[-6.899,62.146],[-6.871,62.109],[-6.812,62.082],[-6.796,62.052],[-6.767,62.046],[-6.762,61.99],[-6.735,61.98],[-6.748,61.939],[-6.902,61.998],[-6.933,62.038],[-6.977,62.037],[-6.997,62.08],[-7.044,62.117],[-7.088,62.107],[-7.062,62.079],[-7.083,62.049],[-7.149,62.045],[-7.151,62.034],[-7.241,62.024],[-7.27,62.039],[-7.386,62.058],[-7.427,62.081],[-7.466,62.136],[-7.445,62.147],[-7.358,62.125],[-7.342,62.145],[-7.273,62.155],[-7.241,62.2],[-7.225,62.299],[-7.165,62.309],[-7.119,62.297],[-7.103,62.322],[-7.074,62.309],[-6.985,62.342],[-6.94,62.33],[-6.924,62.309],[-6.937,62.282],[-6.853,62.294],[-6.834,62.277],[-6.764,62.256],[-6.781,62.22],[-6.721,62.222],[-6.715,62.266],[-6.774,62.309],[-6.802,62.348],[-6.776,62.36],[-6.738,62.31],[-6.661,62.244],[-6.678,62.188],[-6.742,62.198],[-6.749,62.182]]],[[[-6.439,62.32],[-6.404,62.307],[-6.455,62.266],[-6.427,62.256],[-6.467,62.215],[-6.445,62.202],[-6.455,62.175],[-6.499,62.179],[-6.541,62.201],[-6.561,62.175],[-6.617,62.214],[-6.623,62.245],[-6.662,62.27],[-6.713,62.335],[-6.703,62.369],[-6.606,62.283],[-6.591,62.306],[-6.618,62.33],[-6.591,62.359],[-6.556,62.337],[-6.545,62.365],[-6.582,62.378],[-6.559,62.396],[-6.528,62.385],[-6.514,62.356],[-6.474,62.328],[-6.47,62.303],[-6.439,62.32]]],[[[-6.828,61.581],[-6.753,61.573],[-6.744,61.5],[-6.749,61.46],[-6.718,61.459],[-6.673,61.409],[-6.678,61.392],[-6.723,61.393],[-6.776,61.438],[-6.873,61.474],[-6.902,61.508],[-6.891,61.532],[-6.979,61.58],[-6.969,61.592],[-7.003,61.624],[-6.983,61.647],[-6.931,61.652],[-6.917,61.596],[-6.855,61.6],[-6.828,61.581]]],[[[-6.678,61.753],[-6.753,61.795],[-6.772,61.828],[-6.803,61.837],[-6.876,61.82],[-6.92,61.877],[-6.926,61.9],[-6.888,61.908],[-6.812,61.897],[-6.781,61.878],[-6.699,61.863],[-6.657,61.828],[-6.657,61.791],[-6.678,61.753]]],[[[-6.369,62.282],[-6.327,62.308],[-6.332,62.35],[-6.304,62.357],[-6.273,62.327],[-6.316,62.316],[-6.301,62.293],[-6.327,62.241],[-6.374,62.232],[-6.416,62.27],[-6.369,62.282]]],[[[-7.577,62.13],[-7.567,62.09],[-7.614,62.082],[-7.637,62.11],[-7.577,62.13]]],[[[-6.641,61.999],[-6.607,61.963],[-6.636,61.944],[-6.682,61.99],[-6.641,61.999]]],[[[-6.855,61.79],[-6.807,61.782],[-6.787,61.747],[-6.814,61.743],[-6.864,61.773],[-6.855,61.79]]]]}},{"type":"Feature","properties":{"iso":"GA","name":"Gabon"},"geometry":{"type":"Polygon","coordinates":[[[13.2,1.243],[13.847,1.419],[14.162,1.39],[14.284,1.31],[14.479,0.93],[14.347,0.618],[14.121,0.532],[13.95,0.314],[13.939,0.0],[9.341,0.0],[9.334,0.307],[9.483,0.135],[9.816,0.152],[9.503,0.318],[9.332,0.559],[9.418,0.616],[9.647,0.446],[9.573,0.923],[9.662,1.06],[9.96,0.926],[10.026,0.997],[11.325,1.006],[11.388,2.297],[12.743,2.229],[13.187,2.276],[13.279,2.251],[13.147,1.681],[13.242,1.375],[13.2,1.243]]]}},{"type":"Feature","properties":{"iso":"GE","name":"Georgia"},"geometry":{"type":"Polygon","coordinates":[[[46.421,41.904],[46.354,41.819],[46.209,41.754],[46.195,41.686],[46.226,41.619],[46.31,41.591],[46.351,41.502],[46.614,41.388],[46.691,41.324],[46.703,41.26],[46.622,41.112],[46.486,41.074],[46.258,41.185],[45.936,41.19],[45.747,41.263],[45.704,41.352],[45.479,41.44],[45.319,41.461],[45.181,41.412],[45.013,41.297],[44.941,41.26],[44.823,41.289],[44.805,41.218],[44.635,41.239],[44.58,41.198],[44.467,41.188],[44.198,41.242],[44.145,41.192],[43.862,41.163],[43.749,41.116],[43.675,41.134],[43.474,41.123],[43.388,41.197],[43.238,41.183],[43.167,41.263],[43.194,41.296],[43.034,41.375],[42.89,41.489],[42.814,41.492],[42.82,41.58],[42.604,41.582],[42.515,41.438],[42.167,41.511],[41.966,41.518],[41.824,41.439],[41.547,41.52],[41.589,41.605],[41.732,41.745],[41.761,41.92],[41.741,42.019],[41.662,42.146],[41.539,42.47],[41.51,42.599],[41.433,42.738],[41.144,42.807],[41.053,42.98],[40.963,42.991],[40.855,43.072],[40.585,43.096],[40.41,43.165],[40.328,43.157],[40.283,43.192],[40.24,43.301],[40.225,43.318],[40.01,43.385],[40.124,43.564],[40.143,43.57],[40.257,43.58],[40.539,43.526],[40.671,43.55],[41.049,43.401],[41.296,43.348],[41.4,43.352],[41.637,43.227],[41.809,43.211],[41.898,43.236],[42.06,43.199],[42.415,43.244],[42.647,43.152],[42.759,43.18],[42.865,43.167],[43.001,43.108],[43.057,43.023],[43.191,42.944],[43.544,42.864],[43.749,42.765],[43.785,42.717],[43.759,42.621],[43.919,42.567],[44.197,42.628],[44.32,42.708],[44.48,42.712],[44.593,42.752],[44.686,42.738],[44.801,42.642],[44.911,42.731],[45.162,42.688],[45.346,42.542],[45.564,42.537],[45.743,42.461],[45.742,42.337],[45.65,42.266],[45.66,42.189],[45.96,42.038],[46.226,42.002],[46.421,41.904]]]}},{"type":"Feature","properties":{"iso":"GG","name":"Guernsey"},"geometry":{"type":"MultiPolygon","coordinates":[[[[-2.652,49.451],[-2.524,49.504],[-2.51,49.488],[-2.531,49.451],[-2.574,49.42],[-2.639,49.427],[-2.652,49.451]]],[[[-2.366,49.458],[-2.328,49.429],[-2.369,49.408],[-2.408,49.432],[-2.366,49.458]]],[[[-2.231,49.742],[-2.179,49.712],[-2.23,49.682],[-2.246,49.713],[-2.231,49.742]]]]}},{"type":"Feature","properties":{"iso":"GH","name":"Ghana"},"geometry":{"type":"Polygon","coordinates":[[[0.369,10.294],[0.375,9.607],[0.252,9.562],[0.255,9.463],[0.433,9.494],[0.547,9.407],[0.464,9.053],[0.508,8.852],[0.389,8.75],[0.725,8.324],[0.599,8.185],[0.622,7.732],[0.53,7.498],[0.652,7.31],[0.544,6.843],[0.764,6.437],[0.999,6.326],[1.2,6.112],[0.928,5.803],[0.21,5.746],[-0.818,5.225],[-1.588,5.026],[-2.034,4.755],[-2.368,4.935],[-3.106,5.091],[-2.757,5.121],[-2.732,5.386],[-2.795,5.605],[-3.017,5.735],[-3.243,6.636],[-3.218,6.836],[-2.966,7.227],[-2.918,7.61],[-2.778,7.931],[-2.499,8.22],[-2.624,8.915],[-2.77,9.061],[-2.668,9.248],[-2.687,9.491],[-2.786,9.739],[-2.767,10.251],[-2.845,10.33],[-2.793,10.425],[-2.934,10.615],[-2.829,10.991],[-1.45,11.025],[-0.696,10.997],[-0.61,10.916],[-0.269,11.159],[0.024,11.041],[-0.062,10.655],[0.369,10.294]]]}},{"type":"Feature","properties":{"iso":"GI","name":"Gibraltar"},"geometry":{"type":"Polygon","coordinates":[[[-5.348,36.114],[-5.359,36.15],[-5.339,36.152],[-5.348,36.114]]]}},{"type":"Feature","properties":{"iso":"FR","name":"France"},"geometry":{"type":"MultiPolygon","coordinates":[[[[0.636,49.439],[0.587,49.438],[0.532,49.474],[0.501,49.484],[0.376,49.452],[0.193,49.453],[0.097,49.491],[0.073,49.52],[0.166,49.681],[0.212,49.713],[0.329,49.746],[0.586,49.852],[0.776,49.875],[0.954,49.916],[1.024,49.918],[1.198,49.971],[1.38,50.065],[1.52,50.195],[1.632,50.198],[1.549,50.301],[1.57,50.348],[1.645,50.35],[1.624,50.37],[1.581,50.381],[1.559,50.404],[1.579,50.52],[1.594,50.547],[1.578,50.575],[1.564,50.696],[1.604,50.77],[1.583,50.866],[1.648,50.882],[1.722,50.934],[1.771,50.952],[2.546,51.089],[2.623,50.957],[2.607,50.913],[2.636,50.821],[2.707,50.81],[2.863,50.708],[2.908,50.702],[3.019,50.774],[3.098,50.779],[3.195,50.755],[3.245,50.713],[3.303,50.522],[3.386,50.495],[3.491,50.527],[3.524,50.497],[3.615,50.49],[3.656,50.462],[3.667,50.356],[3.708,50.322],[3.77,50.35],[3.894,50.333],[4.028,50.358],[4.198,50.25],[4.149,50.151],[4.209,50.079],[4.141,49.979],[4.233,49.958],[4.432,49.942],[4.678,49.996],[4.695,50.047],[4.697,50.085],[4.797,50.149],[4.869,50.144],[4.802,49.965],[4.879,49.913],[4.864,49.811],[4.969,49.802],[5.154,49.718],[5.291,49.68],[5.32,49.621],[5.394,49.617],[5.471,49.497],[5.735,49.546],[5.818,49.546],[5.893,49.497],[6.0,49.456],[6.102,49.46],[6.216,49.508],[6.367,49.47],[6.45,49.469],[6.557,49.419],[6.586,49.331],[6.723,49.219],[6.733,49.173],[6.817,49.157],[6.859,49.211],[7.024,49.19],[7.052,49.126],[7.101,49.156],[7.192,49.118],[7.295,49.121],[7.369,49.161],[7.481,49.163],[7.529,49.1],[7.636,49.054],[7.911,49.045],[8.068,48.999],[8.233,48.967],[8.169,48.927],[8.09,48.809],[7.96,48.719],[7.813,48.599],[7.736,48.336],[7.578,48.121],[7.574,48.04],[7.614,47.976],[7.538,47.793],[7.546,47.744],[7.521,47.678],[7.589,47.59],[7.555,47.565],[7.511,47.503],[7.421,47.446],[7.381,47.432],[7.337,47.441],[7.191,47.443],[7.13,47.503],[7.024,47.504],[6.939,47.434],[6.915,47.368],[7.016,47.334],[6.859,47.165],[6.637,47.007],[6.459,46.947],[6.46,46.852],[6.436,46.767],[6.139,46.594],[6.138,46.558],[6.064,46.416],[6.156,46.371],[6.126,46.317],[6.112,46.254],[5.982,46.207],[5.956,46.132],[6.144,46.147],[6.282,46.224],[6.291,46.251],[6.22,46.312],[6.318,46.394],[6.522,46.454],[6.821,46.427],[6.781,46.349],[6.854,46.274],[6.801,46.156],[6.889,46.119],[6.885,46.055],[6.95,46.047],[7.045,45.922],[6.97,45.862],[6.828,45.829],[6.802,45.779],[6.841,45.698],[6.988,45.639],[7.008,45.509],[7.105,45.468],[7.175,45.397],[7.12,45.327],[7.114,45.241],[6.978,45.208],[6.87,45.134],[6.77,45.153],[6.63,45.11],[6.679,45.027],[6.739,45.005],[6.761,44.905],[6.866,44.853],[7.002,44.838],[7.028,44.745],[7.066,44.713],[7.064,44.686],[6.993,44.686],[6.949,44.655],[6.935,44.586],[6.863,44.529],[6.924,44.438],[6.887,44.361],[7.025,44.233],[7.373,44.122],[7.665,44.174],[7.714,44.062],[7.508,43.869],[7.53,43.784],[7.437,43.752],[7.413,43.735],[7.416,43.726],[7.162,43.65],[7.112,43.574],[7.079,43.564],[7.052,43.498],[6.987,43.536],[6.931,43.48],[6.844,43.419],[6.748,43.403],[6.627,43.301],[6.666,43.25],[6.62,43.183],[6.427,43.148],[6.338,43.104],[6.22,43.105],[6.141,43.061],[5.986,43.096],[5.843,43.07],[5.672,43.179],[5.593,43.168],[5.532,43.204],[5.362,43.215],[5.35,43.323],[5.317,43.351],[5.062,43.328],[4.943,43.427],[4.866,43.405],[4.869,43.351],[4.828,43.335],[4.6,43.358],[4.573,43.381],[4.58,43.418],[4.534,43.448],[4.23,43.46],[4.137,43.493],[4.101,43.555],[4.067,43.557],[3.895,43.51],[3.541,43.301],[3.37,43.274],[3.241,43.213],[3.081,43.046],[3.043,42.838],[3.049,42.565],[3.175,42.435],[3.014,42.467],[2.875,42.462],[2.706,42.409],[2.632,42.352],[2.557,42.343],[2.268,42.425],[2.019,42.362],[1.917,42.451],[1.731,42.492],[1.726,42.504],[1.786,42.574],[1.535,42.653],[1.443,42.604],[1.349,42.714],[1.165,42.715],[1.076,42.778],[0.858,42.826],[0.677,42.843],[0.66,42.691],[0.478,42.7],[0.36,42.717],[0.295,42.684],[0.178,42.733],[-0.03,42.689],[-0.313,42.849],[-0.404,42.806],[-0.554,42.797],[-0.771,42.958],[-0.949,42.962],[-1.226,43.041],[-1.307,43.094],[-1.364,43.042],[-1.42,43.047],[-1.453,43.084],[-1.392,43.195],[-1.402,43.252],[-1.513,43.286],[-1.594,43.265],[-1.66,43.308],[-1.729,43.296],[-1.786,43.35],[-1.781,43.365],[-1.673,43.389],[-1.525,43.53],[-1.458,43.631],[-1.381,43.895],[-1.254,44.468],[-1.204,44.601],[-1.11,44.68],[-1.143,44.716],[-1.219,44.727],[-1.233,44.76],[-1.114,45.473],[-1.062,45.504],[-1.009,45.487],[-0.732,45.227],[-0.715,45.328],[-0.758,45.424],[-0.829,45.496],[-1.228,45.704],[-1.266,45.867],[-1.385,45.965],[-1.4,46.039],[-1.256,45.985],[-1.198,45.887],[-1.216,45.805],[-1.147,45.811],[-1.143,45.856],[-1.08,45.909],[-1.061,46.024],[-1.135,46.127],[-1.219,46.162],[-1.122,46.26],[-1.116,46.305],[-1.075,46.32],[-1.181,46.319],[-1.22,46.277],[-1.673,46.439],[-1.805,46.495],[-1.847,46.585],[-1.951,46.697],[-2.144,46.837],[-2.146,46.883],[-1.98,47.029],[-2.054,47.089],[-2.202,47.139],[-2.176,47.264],[-2.285,47.243],[-2.459,47.278],[-2.52,47.376],[-2.458,47.448],[-2.483,47.505],[-2.597,47.538],[-2.798,47.493],[-2.928,47.579],[-3.126,47.577],[-3.338,47.707],[-3.481,47.722],[-3.522,47.77],[-3.527,47.843],[-3.616,47.778],[-3.812,47.799],[-3.98,47.872],[-4.231,47.806],[-4.33,47.813],[-4.436,47.951],[-4.578,48.037],[-4.321,48.154],[-4.376,48.201],[-4.54,48.225],[-4.577,48.27],[-4.54,48.296],[-4.344,48.287],[-4.323,48.313],[-4.469,48.366],[-4.711,48.351],[-4.763,48.413],[-4.709,48.545],[-4.394,48.655],[-4.026,48.704],[-3.907,48.67],[-3.78,48.692],[-3.659,48.659],[-3.551,48.733],[-3.573,48.786],[-3.554,48.802],[-3.124,48.861],[-2.928,48.739],[-2.807,48.598],[-2.691,48.516],[-2.465,48.636],[-2.35,48.666],[-2.202,48.593],[-2.124,48.605],[-1.897,48.694],[-1.858,48.684],[-1.831,48.615],[-1.673,48.611],[-1.433,48.657],[-1.565,48.771],[-1.565,48.981],[-1.613,49.187],[-1.813,49.403],[-1.904,49.691],[-1.652,49.661],[-1.398,49.698],[-1.295,49.677],[-1.253,49.626],[-1.281,49.521],[-1.12,49.322],[-1.083,49.381],[-0.96,49.394],[-0.804,49.356],[-0.41,49.334],[-0.222,49.283],[-0.08,49.3],[0.141,49.405],[0.405,49.446],[0.504,49.482],[0.587,49.43],[0.636,49.439]],[[1.954,42.486],[1.945,42.454],[1.998,42.437],[1.993,42.492],[1.954,42.486]]],[[[9.543,42.125],[9.425,41.947],[9.402,41.859],[9.402,41.719],[9.339,41.619],[9.346,41.573],[9.283,41.518],[9.23,41.387],[9.192,41.371],[9.109,41.4],[9.103,41.438],[8.928,41.493],[8.797,41.575],[8.792,41.62],[8.869,41.654],[8.881,41.686],[8.704,41.744],[8.776,41.828],[8.792,41.903],[8.757,41.925],[8.627,41.907],[8.607,41.963],[8.734,42.051],[8.693,42.103],[8.591,42.141],[8.581,42.235],[8.678,42.272],[8.61,42.343],[8.563,42.345],[8.573,42.381],[8.664,42.47],[8.68,42.512],[8.816,42.598],[9.019,42.648],[9.141,42.728],[9.312,42.702],[9.349,42.97],[9.43,42.992],[9.482,42.833],[9.459,42.67],[9.526,42.54],[9.543,42.125]]],[[[-3.235,47.312],[-3.251,47.35],[-3.234,47.374],[-3.06,47.308],[-3.094,47.282],[-3.235,47.312]]],[[[-1.401,46.188],[-1.356,46.209],[-1.29,46.188],[-1.268,46.156],[-1.301,46.14],[-1.355,46.153],[-1.401,46.188]]],[[[-1.557,46.236],[-1.513,46.259],[-1.471,46.232],[-1.432,46.231],[-1.43,46.192],[-1.535,46.202],[-1.557,46.236]]],[[[-2.306,47.025],[-2.252,47.028],[-2.219,46.991],[-2.262,46.959],[-2.303,46.99],[-2.306,47.025]]],[[[-2.383,46.735],[-2.315,46.72],[-2.3,46.697],[-2.33,46.683],[-2.405,46.725],[-2.383,46.735]]],[[[-5.104,48.481],[-5.05,48.475],[-5.056,48.455],[-5.112,48.435],[-5.124,48.454],[-5.104,48.481]]],[[[6.383,43.028],[6.425,43.021],[6.418,42.983],[6.379,42.981],[6.369,43.006],[6.383,43.028]]],[[[6.219,43.035],[6.251,43.016],[6.245,42.975],[6.192,42.998],[6.219,43.035]]],[[[-3.476,47.662],[-3.429,47.637],[-3.476,47.614],[-3.513,47.644],[-3.476,47.662]]],[[[-2.194,46.97],[-2.141,46.941],[-2.161,46.896],[-2.204,46.958],[-2.194,46.97]]],[[[-3.139,47.54],[-3.106,47.482],[-3.131,47.467],[-3.166,47.534],[-3.139,47.54]]],[[[-51.63,4.185],[-51.655,4.056],[-52.337,3.153],[-52.57,2.502],[-52.913,2.191],[-53.27,2.201],[-53.241,2.261],[-53.331,2.34],[-53.516,2.253],[-53.772,2.367],[-54.122,2.119],[-54.466,2.212],[-54.588,2.322],[-54.386,2.48],[-54.211,2.782],[-54.201,3.17],[-54.069,3.32],[-53.988,3.598],[-54.351,4.057],[-54.47,4.905],[-54.413,5.079],[-54.027,5.52],[-53.968,5.736],[-52.942,5.443],[-52.37,4.933],[-51.82,4.631],[-51.63,4.185]]],[[[-61.557,16.052],[-61.707,15.95],[-61.808,16.272],[-61.742,16.361],[-61.551,16.286],[-61.472,16.509],[-61.233,16.265],[-61.583,16.234],[-61.557,16.052]]],[[[-61.009,14.567],[-61.151,14.649],[-61.204,14.862],[-61.03,14.83],[-60.913,14.696],[-60.84,14.412],[-61.082,14.471],[-61.009,14.567]]]]}},{"type":"Feature","properties":{"iso":"ES","name":"Spain"},"geometry":{"type":"MultiPolygon","coordinates":[[[[-7.633,43.738],[-7.6,43.684],[-7.547,43.725],[-7.486,43.722],[-7.362,43.668],[-7.257,43.577],[-7.032,43.544],[-6.927,43.572],[-6.369,43.552],[-6.241,43.585],[-6.113,43.558],[-5.953,43.585],[-5.845,43.648],[-5.668,43.549],[-5.322,43.535],[-5.21,43.478],[-4.512,43.393],[-4.19,43.404],[-3.836,43.477],[-3.781,43.436],[-3.578,43.502],[-3.408,43.421],[-3.259,43.398],[-3.153,43.353],[-3.027,43.333],[-3.025,43.376],[-2.944,43.429],[-2.761,43.448],[-2.413,43.321],[-2.166,43.293],[-1.831,43.376],[-1.786,43.35],[-1.729,43.296],[-1.66,43.308],[-1.594,43.265],[-1.513,43.286],[-1.402,43.252],[-1.392,43.195],[-1.453,43.084],[-1.42,43.047],[-1.364,43.042],[-1.307,43.094],[-1.226,43.041],[-0.949,42.962],[-0.771,42.958],[-0.554,42.797],[-0.404,42.806],[-0.313,42.849],[-0.03,42.689],[0.178,42.733],[0.295,42.684],[0.36,42.717],[0.478,42.7],[0.66,42.691],[0.677,42.843],[0.858,42.826],[1.076,42.778],[1.165,42.715],[1.349,42.714],[1.443,42.604],[1.447,42.461],[1.464,42.44],[1.539,42.437],[1.726,42.504],[1.731,42.492],[1.917,42.451],[2.019,42.362],[2.268,42.425],[2.557,42.343],[2.632,42.352],[2.706,42.409],[2.875,42.462],[3.014,42.467],[3.175,42.435],[3.179,42.359],[3.302,42.313],[3.266,42.261],[3.162,42.252],[3.121,42.207],[3.127,42.141],[3.202,42.053],[3.214,41.95],[3.2,41.907],[2.779,41.649],[2.281,41.463],[2.101,41.288],[1.645,41.196],[0.976,41.031],[0.712,40.802],[0.869,40.724],[0.864,40.696],[0.759,40.643],[0.602,40.617],[0.515,40.523],[0.39,40.341],[0.198,40.172],[0.124,40.072],[0.049,40.028],[-0.016,39.91],[-0.188,39.722],[-0.32,39.495],[-0.328,39.404],[-0.268,39.268],[-0.196,39.056],[-0.038,38.886],[0.173,38.815],[0.221,38.739],[-0.026,38.614],[-0.091,38.533],[-0.351,38.455],[-0.41,38.362],[-0.5,38.329],[-0.516,38.21],[-0.627,38.144],[-0.653,38.008],[-0.852,37.72],[-0.815,37.672],[-0.714,37.626],[-0.725,37.609],[-0.914,37.562],[-1.062,37.58],[-1.147,37.545],[-1.219,37.573],[-1.328,37.558],[-1.496,37.433],[-1.673,37.355],[-1.711,37.303],[-1.8,37.224],[-1.908,36.948],[-2.136,36.735],[-2.196,36.731],[-2.353,36.838],[-2.552,36.816],[-2.636,36.714],[-2.712,36.684],[-2.854,36.703],[-2.922,36.744],[-3.129,36.751],[-3.289,36.747],[-3.437,36.696],[-3.618,36.743],[-4.407,36.714],[-4.513,36.599],[-4.654,36.504],[-4.935,36.496],[-5.178,36.408],[-5.252,36.311],[-5.339,36.152],[-5.417,36.161],[-5.456,36.069],[-5.599,36.019],[-5.795,36.088],[-5.915,36.175],[-6.036,36.196],[-6.225,36.418],[-6.21,36.499],[-6.241,36.569],[-6.373,36.631],[-6.42,36.69],[-6.421,36.743],[-6.346,36.799],[-6.394,36.813],[-6.464,36.922],[-6.581,37.013],[-7.04,37.205],[-7.287,37.2],[-7.369,37.172],[-7.402,37.175],[-7.452,37.421],[-7.513,37.526],[-7.501,37.603],[-7.419,37.741],[-7.298,37.854],[-7.251,37.979],[-7.103,38.036],[-7.013,38.025],[-6.932,38.208],[-7.108,38.188],[-7.308,38.446],[-7.309,38.521],[-7.255,38.616],[-7.255,38.711],[-7.049,38.869],[-6.96,39.031],[-7.011,39.101],[-7.135,39.113],[-7.148,39.17],[-7.237,39.214],[-7.231,39.278],[-7.313,39.354],[-7.309,39.459],[-7.497,39.594],[-7.543,39.663],[-7.344,39.644],[-7.018,39.679],[-6.975,39.813],[-6.911,39.873],[-6.873,40.008],[-7.019,40.159],[-7.014,40.213],[-6.951,40.257],[-6.865,40.271],[-6.789,40.352],[-6.843,40.443],[-6.801,40.519],[-6.838,40.58],[-6.801,40.662],[-6.826,40.75],[-6.808,40.86],[-6.93,41.029],[-6.809,41.048],[-6.69,41.205],[-6.48,41.294],[-6.325,41.394],[-6.204,41.586],[-6.324,41.668],[-6.534,41.679],[-6.561,41.746],[-6.524,41.86],[-6.56,41.888],[-6.577,41.955],[-6.717,41.938],[-6.796,41.987],[-6.835,41.949],[-6.904,41.942],[-6.986,41.971],[-7.047,41.951],[-7.161,41.981],[-7.2,41.88],[-7.418,41.818],[-7.469,41.863],[-7.599,41.835],[-7.616,41.875],[-7.707,41.903],[-7.879,41.86],[-7.898,41.919],[-8.052,41.821],[-8.165,41.818],[-8.207,41.919],[-8.089,42.039],[-8.113,42.073],[-8.179,42.079],[-8.199,42.154],[-8.354,42.084],[-8.626,42.045],[-8.863,41.872],[-8.875,42.088],[-8.738,42.247],[-8.824,42.29],[-8.754,42.392],[-8.836,42.41],[-8.888,42.459],[-8.84,42.496],[-8.727,42.688],[-9.034,42.54],[-9.061,42.613],[-8.954,42.775],[-9.098,42.764],[-9.15,42.901],[-9.283,42.946],[-9.265,43.048],[-9.189,43.107],[-9.173,43.173],[-8.968,43.226],[-8.972,43.279],[-8.861,43.321],[-8.68,43.298],[-8.444,43.367],[-8.368,43.354],[-8.311,43.391],[-8.225,43.348],[-8.226,43.408],[-8.305,43.47],[-8.274,43.55],[-8.028,43.709],[-7.917,43.751],[-7.882,43.741],[-7.86,43.69],[-7.7,43.735],[-7.633,43.738]]],[[[3.446,39.743],[3.456,39.685],[3.3,39.497],[3.241,39.377],[3.053,39.273],[2.953,39.352],[2.774,39.384],[2.735,39.507],[2.692,39.544],[2.595,39.54],[2.505,39.477],[2.385,39.542],[2.365,39.579],[2.754,39.839],[2.944,39.91],[3.1,39.921],[3.107,39.875],[3.153,39.856],[3.142,39.793],[3.195,39.758],[3.253,39.735],[3.357,39.778],[3.446,39.743]]],[[[3.836,39.93],[3.803,40.021],[3.847,40.053],[4.152,40.061],[4.261,39.989],[4.312,39.866],[4.287,39.822],[4.246,39.816],[4.034,39.916],[3.836,39.93]]],[[[1.587,39.062],[1.605,39.029],[1.577,38.991],[1.533,38.982],[1.526,38.946],[1.456,38.903],[1.423,38.905],[1.404,38.877],[1.404,38.836],[1.372,38.835],[1.344,38.871],[1.303,38.864],[1.273,38.879],[1.249,38.858],[1.215,38.899],[1.236,38.938],[1.217,38.958],[1.289,38.973],[1.293,39.028],[1.363,39.073],[1.381,39.066],[1.425,39.091],[1.54,39.115],[1.556,39.093],[1.592,39.095],[1.587,39.062]]],[[[1.388,38.644],[1.383,38.719],[1.437,38.751],[1.47,38.722],[1.49,38.68],[1.451,38.685],[1.388,38.644]]],[[[0.681,40.601],[0.696,40.573],[0.62,40.547],[0.6,40.562],[0.681,40.601]]],[[[2.919,39.158],[2.967,39.171],[2.961,39.121],[2.912,39.124],[2.919,39.158]]],[[[1.559,38.696],[1.591,38.681],[1.57,38.644],[1.516,38.668],[1.559,38.696]]],[[[1.954,42.486],[1.993,42.492],[1.998,42.437],[1.945,42.454],[1.954,42.486]]],[[[3.186,39.972],[3.189,39.934],[3.154,39.916],[3.115,39.932],[3.186,39.972]]],[[[-2.952,35.32],[-2.928,35.273],[-2.951,35.27],[-2.97,35.289],[-2.952,35.32]]],[[[-5.361,35.913],[-5.339,35.899],[-5.333,35.886],[-5.343,35.871],[-5.382,35.913],[-5.361,35.913]]],[[[-16.541,28.032],[-16.644,28.004],[-16.923,28.352],[-16.523,28.417],[-16.32,28.577],[-16.121,28.555],[-16.36,28.379],[-16.541,28.032]]],[[[-14.331,28.044],[-14.499,28.1],[-14.216,28.228],[-14.016,28.716],[-13.887,28.758],[-13.822,28.592],[-13.95,28.228],[-14.222,28.162],[-14.331,28.044]]],[[[-15.6,27.736],[-15.833,27.912],[-15.821,28.014],[-15.636,28.17],[-15.468,28.126],[-15.393,28.185],[-15.386,27.858],[-15.6,27.736]]],[[[-13.868,28.864],[-13.809,29.035],[-13.537,29.128],[-13.503,29.282],[-13.426,29.194],[-13.464,29.032],[-13.783,28.85],[-13.868,28.864]]],[[[-17.834,28.458],[-18.007,28.775],[-17.857,28.833],[-17.725,28.741],[-17.834,28.458]]]]}},{"type":"Feature","properties":{"iso":"EC","name":"Ecuador"},"geometry":{"type":"Polygon","coordinates":[[[-77.497,0.609],[-77.416,0.378],[-76.578,0.244],[-76.421,0.267],[-76.383,0.381],[-76.26,0.428],[-75.561,0.0],[-80.126,0.0],[-80.018,0.533],[-80.05,0.796],[-79.172,1.108],[-78.859,1.422],[-77.866,0.803],[-77.683,0.814],[-77.668,0.721],[-77.497,0.609]]]}},{"type":"Feature","properties":{"iso":"EE","name":"Estonia"},"geometry":{"type":"MultiPolygon","coordinates":[[[[25.948,59.586],[26.04,59.622],[26.507,59.52],[26.652,59.543],[26.759,59.499],[26.954,59.438],[27.379,59.446],[27.826,59.396],[27.944,59.412],[28.042,59.47],[28.184,59.4],[28.194,59.358],[28.118,59.294],[27.925,59.251],[27.716,58.968],[27.357,58.787],[27.544,58.382],[27.49,58.247],[27.622,58.098],[27.62,58.019],[27.699,57.995],[27.671,57.94],[27.801,57.892],[27.798,57.855],[27.554,57.826],[27.518,57.777],[27.525,57.721],[27.391,57.677],[27.388,57.614],[27.33,57.573],[27.352,57.518],[27.259,57.55],[27.102,57.567],[26.914,57.627],[26.524,57.522],[26.46,57.571],[26.276,57.602],[26.189,57.717],[26.037,57.773],[26.049,57.831],[26.027,57.848],[25.9,57.849],[25.755,57.916],[25.686,57.912],[25.302,58.072],[25.277,58.062],[25.3,58.018],[25.281,57.996],[25.196,58.074],[25.114,58.075],[25.046,58.04],[24.834,57.973],[24.78,57.986],[24.697,57.952],[24.526,57.945],[24.434,57.873],[24.353,57.877],[24.452,58.048],[24.481,58.212],[24.545,58.294],[24.534,58.337],[24.377,58.372],[24.231,58.282],[24.094,58.256],[23.759,58.375],[23.545,58.608],[23.551,58.684],[23.638,58.749],[23.497,58.827],[23.466,58.896],[23.463,59.043],[23.546,59.2],[23.731,59.237],[23.895,59.292],[23.946,59.352],[23.969,59.345],[23.966,59.295],[24.066,59.295],[24.082,59.363],[24.218,59.358],[24.382,59.463],[24.781,59.458],[24.829,59.544],[24.995,59.493],[25.12,59.489],[25.208,59.517],[25.416,59.5],[25.519,59.538],[25.534,59.609],[25.667,59.584],[25.706,59.647],[25.83,59.564],[25.882,59.611],[25.948,59.586]]],[[[22.938,58.614],[23.279,58.481],[23.291,58.464],[23.251,58.451],[23.147,58.459],[23.055,58.378],[22.966,58.366],[22.895,58.299],[22.734,58.269],[22.723,58.225],[22.51,58.241],[22.29,58.188],[22.186,57.987],[22.05,57.921],[22.007,57.942],[22.007,57.981],[22.081,58.065],[22.166,58.087],[22.194,58.144],[21.874,58.279],[21.98,58.36],[21.912,58.47],[21.93,58.511],[22.014,58.496],[22.1,58.424],[22.123,58.47],[22.199,58.526],[22.284,58.507],[22.316,58.565],[22.45,58.582],[22.55,58.629],[22.674,58.583],[22.819,58.619],[22.938,58.614]]],[[[22.816,58.769],[22.735,58.791],[22.666,58.705],[22.574,58.689],[22.497,58.706],[22.445,58.847],[22.399,58.881],[22.182,58.885],[22.104,58.924],[22.112,58.935],[22.415,58.951],[22.613,59.089],[22.68,59.076],[22.724,59.012],[22.921,58.978],[22.938,58.951],[23.031,58.914],[23.054,58.838],[22.953,58.84],[22.816,58.769]]],[[[23.094,58.587],[23.075,58.609],[23.136,58.63],[23.156,58.677],[23.331,58.649],[23.394,58.553],[23.232,58.535],[23.154,58.576],[23.094,58.587]]],[[[23.117,59.023],[23.153,59.043],[23.329,59.027],[23.373,58.996],[23.275,58.966],[23.153,58.988],[23.117,59.023]]],[[[21.912,58.407],[21.917,58.363],[21.821,58.362],[21.812,58.387],[21.912,58.407]]],[[[24.474,59.571],[24.51,59.607],[24.554,59.558],[24.55,59.539],[24.5,59.547],[24.474,59.571]]],[[[23.964,58.151],[24.021,58.153],[24.011,58.116],[23.966,58.098],[23.953,58.117],[23.964,58.151]]],[[[22.503,58.182],[22.543,58.146],[22.505,58.122],[22.475,58.14],[22.503,58.182]]],[[[23.215,57.787],[23.208,57.805],[23.221,57.825],[23.275,57.804],[23.272,57.779],[23.215,57.787]]],[[[23.004,58.654],[23.042,58.655],[23.064,58.621],[23.019,58.616],[22.989,58.628],[23.004,58.654]]],[[[24.987,59.653],[25.045,59.631],[25.016,59.597],[24.978,59.622],[24.987,59.653]]]]}},{"type":"Feature","properties":{"iso":"EG","name":"Egypt"},"geometry":{"type":"Polygon","coordinates":[[[26.483,31.502],[26.959,31.442],[27.102,31.384],[27.327,31.36],[27.461,31.217],[27.684,31.183],[27.855,31.23],[27.946,31.104],[28.446,31.077],[28.671,31.0],[28.642,31.0],[29.09,30.824],[29.467,30.934],[29.57,31.0],[30.046,31.305],[30.155,31.28],[30.229,31.296],[30.385,31.456],[30.556,31.466],[31.073,31.594],[31.255,31.562],[31.558,31.453],[31.919,31.511],[32.063,31.372],[32.417,31.197],[32.56,31.082],[32.732,31.044],[32.921,31.093],[32.996,31.072],[33.019,31.127],[33.077,31.159],[33.18,31.059],[33.334,31.1],[33.738,31.131],[34.036,31.22],[34.22,31.322],[34.362,31.0],[34.34,31.0],[34.905,29.493],[34.742,29.287],[34.618,28.728],[34.421,28.319],[34.425,27.997],[34.26,27.809],[34.062,27.811],[33.802,27.993],[33.239,28.587],[33.166,28.996],[32.85,29.3],[32.559,29.936],[32.481,29.917],[32.356,29.602],[32.583,29.347],[32.631,28.984],[32.875,28.582],[33.558,27.881],[33.517,27.631],[33.837,27.234],[33.982,26.867],[33.949,26.669],[34.554,25.715],[35.161,24.5],[35.745,23.953],[35.486,23.91],[35.496,23.488],[35.622,23.146],[35.206,22.793],[34.952,22.847],[34.693,22.307],[34.171,22.204],[34.087,22.003],[31.436,22.002],[31.469,22.215],[31.282,22.0],[25.0,22.0],[24.999,29.233],[24.705,30.16],[25.013,30.772],[24.963,31.0],[24.933,31.0],[24.888,31.129],[24.872,31.409],[25.05,31.536],[25.107,31.638],[25.147,31.65],[25.188,31.541],[25.294,31.509],[25.497,31.521],[25.915,31.621],[26.483,31.502]]]}},{"type":"Feature","properties":{"iso":"EH","name":"Western Sahara"},"geometry":{"type":"Polygon","coordinates":[[[-16.761,22.212],[-16.472,22.381],[-16.292,22.871],[-16.16,22.988],[-16.177,23.132],[-15.743,23.797],[-15.789,23.916],[-14.898,24.697],[-14.822,25.295],[-14.471,26.174],[-13.573,26.741],[-13.173,27.667],[-8.667,27.662],[-8.688,26.001],[-11.998,25.99],[-12.002,23.482],[-12.589,23.28],[-13.111,22.882],[-13.01,21.338],[-16.907,21.33],[-17.066,20.923],[-17.051,20.772],[-17.098,20.844],[-16.964,21.743],[-16.761,22.212]]]}},{"type":"Feature","properties":{"iso":"GL","name":"Greenland"},"geometry":{"type":"MultiPolygon","coordinates":[[[[-21.472,73.469],[-21.691,73.378],[-22.285,73.269],[-23.071,73.359],[-23.63,73.5],[-23.848,73.555],[-24.007,73.661],[-23.903,73.756],[-24.234,73.793],[-24.403,73.737],[-24.51,73.592],[-24.657,73.579],[-25.665,73.911],[-24.973,73.535],[-25.099,73.5],[-25.118,73.5],[-25.337,73.447],[-25.712,73.278],[-26.009,73.245],[-26.2,73.259],[-26.489,73.336],[-26.829,73.354],[-27.263,73.479],[-27.286,73.452],[-27.087,73.363],[-26.583,73.294],[-26.517,73.253],[-26.765,73.156],[-27.231,73.176],[-27.449,73.108],[-27.382,73.003],[-27.192,73.117],[-26.726,73.108],[-26.35,73.181],[-25.949,73.176],[-25.123,73.038],[-25.089,72.986],[-25.194,72.938],[-25.599,72.898],[-26.086,72.803],[-26.598,72.852],[-26.66,72.832],[-26.527,72.742],[-26.415,72.707],[-26.352,72.647],[-26.162,72.71],[-25.596,72.806],[-24.793,72.637],[-24.731,72.59],[-24.734,72.54],[-24.809,72.496],[-25.41,72.422],[-25.391,72.351],[-25.465,72.225],[-25.456,72.149],[-25.333,72.261],[-25.197,72.336],[-24.865,72.413],[-24.62,72.409],[-23.883,72.248],[-23.685,72.141],[-23.228,72.077],[-23.076,72.009],[-22.713,71.914],[-22.834,71.793],[-23.056,71.693],[-23.065,71.651],[-22.575,71.734],[-22.545,71.716],[-22.572,71.641],[-22.457,71.638],[-22.234,71.72],[-22.143,71.711],[-22.137,71.675],[-22.208,71.623],[-22.485,71.533],[-22.516,71.485],[-22.513,71.422],[-22.405,71.308],[-22.284,71.405],[-22.169,71.455],[-21.802,71.416],[-21.794,71.265],[-21.749,71.192],[-21.769,71.104],[-21.692,70.654],[-21.566,70.549],[-21.663,70.472],[-21.869,70.439],[-22.071,70.49],[-22.326,70.492],[-22.433,70.638],[-22.469,70.793],[-22.509,70.823],[-22.598,70.763],[-22.617,70.564],[-22.698,70.467],[-23.414,70.484],[-23.868,70.616],[-24.04,70.7],[-24.182,70.853],[-24.298,71.047],[-24.688,71.312],[-25.075,71.317],[-25.621,71.513],[-25.948,71.554],[-26.229,71.559],[-26.411,71.592],[-26.602,71.546],[-26.865,71.551],[-27.085,71.607],[-27.303,71.72],[-27.816,71.916],[-28.248,71.969],[-28.588,72.062],[-28.629,72.051],[-28.528,71.99],[-28.462,71.906],[-28.07,71.859],[-27.46,71.656],[-27.505,71.624],[-27.7,71.606],[-27.718,71.568],[-27.296,71.547],[-27.184,71.481],[-26.988,71.496],[-26.642,71.466],[-25.81,71.457],[-25.542,71.373],[-25.48,71.294],[-25.765,71.135],[-26.781,70.932],[-27.421,70.935],[-27.811,71.084],[-27.79,70.961],[-28.058,70.921],[-27.96,70.818],[-28.087,70.653],[-28.342,70.535],[-28.795,70.433],[-28.377,70.461],[-28.04,70.367],[-26.648,70.463],[-26.501,70.441],[-26.434,70.395],[-26.579,70.317],[-27.003,70.292],[-27.744,70.122],[-28.115,70.129],[-28.221,70.095],[-28.219,70.074],[-27.878,70.023],[-27.555,70.035],[-27.359,69.987],[-27.24,70.024],[-27.065,70.168],[-26.912,70.218],[-26.296,70.211],[-25.33,70.383],[-25.226,70.31],[-24.947,70.336],[-24.409,70.222],[-23.893,70.151],[-22.298,70.061],[-22.36,70.007],[-22.992,69.913],[-23.032,69.876],[-23.023,69.813],[-23.194,69.797],[-23.288,69.696],[-23.566,69.685],[-23.664,69.594],[-23.768,69.551],[-24.066,69.55],[-24.174,69.438],[-24.358,69.391],[-24.631,69.393],[-24.676,69.307],[-24.736,69.262],[-25.104,69.255],[-25.12,69.229],[-25.078,69.17],[-25.118,69.128],[-25.362,69.042],[-25.594,69.032],[-25.805,68.888],[-26.245,68.8],[-26.451,68.719],[-26.94,68.702],[-27.101,68.64],[-27.385,68.579],[-27.606,68.578],[-27.75,68.523],[-27.991,68.554],[-28.104,68.506],[-28.319,68.5],[-28.842,68.373],[-29.127,68.395],[-29.209,68.32],[-29.442,68.266],[-29.935,68.399],[-30.0,68.352],[-30.0,68.337],[-30.206,68.142],[-30.642,68.268],[-30.557,68.132],[-31.622,68.119],[-31.758,68.186],[-31.762,68.266],[-32.04,68.32],[-32.555,68.585],[-32.642,68.513],[-32.274,68.324],[-32.282,68.198],[-32.103,68.11],[-32.177,67.921],[-33.179,67.686],[-33.622,67.096],[-33.996,66.903],[-33.976,66.789],[-34.263,66.63],[-34.456,66.651],[-34.535,66.504],[-34.762,66.371],[-35.266,66.279],[-35.785,66.388],[-35.664,66.162],[-36.098,65.957],[-36.475,66.046],[-36.606,65.845],[-36.773,65.878],[-36.947,65.596],[-37.115,65.545],[-37.139,65.675],[-36.961,65.806],[-37.079,65.917],[-37.423,65.634],[-37.755,65.593],[-37.904,65.698],[-37.665,66.068],[-37.157,66.321],[-37.905,66.369],[-37.95,66.326],[-37.797,66.254],[-38.004,65.92],[-38.337,65.909],[-38.157,65.782],[-38.208,65.669],[-38.596,65.642],[-38.825,65.528],[-39.177,65.687],[-39.278,65.568],[-39.55,65.639],[-39.918,65.505],[-39.809,65.349],[-39.638,65.316],[-40.17,65.041],[-40.492,65.048],[-40.626,65.151],[-41.056,65.077],[-41.075,64.94],[-40.681,64.693],[-40.557,64.491],[-40.378,64.35],[-40.628,64.343],[-40.881,64.213],[-40.963,64.237],[-40.937,64.322],[-41.439,64.25],[-41.277,64.151],[-40.673,64.103],[-40.597,63.733],[-40.845,63.688],[-41.454,63.823],[-41.577,63.782],[-40.784,63.582],[-41.055,63.472],[-41.068,63.384],[-41.317,63.438],[-41.173,63.271],[-41.482,63.25],[-41.333,63.153],[-41.411,63.077],[-41.796,63.056],[-42.111,63.141],[-41.996,63.032],[-41.601,62.93],[-42.142,62.651],[-42.351,62.708],[-42.412,62.873],[-42.614,62.719],[-42.83,62.675],[-42.405,62.541],[-42.346,62.389],[-42.8,62.44],[-42.616,62.344],[-42.334,62.262],[-42.356,62.032],[-42.206,61.984],[-42.19,61.802],[-42.574,61.737],[-42.43,61.604],[-42.758,61.535],[-42.485,61.423],[-42.778,61.3],[-42.753,61.21],[-42.875,61.096],[-42.755,61.005],[-42.789,60.896],[-42.923,60.848],[-42.829,60.721],[-42.856,60.629],[-43.233,60.492],[-43.643,60.612],[-43.788,60.529],[-43.183,60.335],[-43.12,60.108],[-43.3,59.947],[-43.636,59.938],[-43.996,60.041],[-44.266,59.894],[-44.472,60.006],[-44.894,60.025],[-45.147,60.184],[-44.998,60.34],[-45.102,60.407],[-44.935,60.428],[-44.847,60.578],[-45.169,60.446],[-45.378,60.502],[-45.354,60.639],[-45.607,60.526],[-45.763,60.565],[-45.908,60.551],[-46.032,60.644],[-45.597,60.772],[-45.385,60.88],[-45.391,60.941],[-45.766,60.761],[-46.372,60.708],[-45.962,60.886],[-46.015,60.964],[-45.764,61.111],[-45.857,61.242],[-45.98,61.081],[-46.608,60.941],[-46.915,60.795],[-47.045,60.911],[-47.156,60.924],[-47.858,60.704],[-48.12,60.739],[-48.164,60.827],[-47.898,61.028],[-48.167,61.005],[-48.168,61.223],[-48.364,61.153],[-48.683,61.345],[-48.713,61.42],[-48.483,61.53],[-48.909,61.477],[-49.144,61.54],[-49.08,61.86],[-49.247,61.741],[-49.423,61.755],[-49.423,61.89],[-49.051,62.093],[-49.409,61.976],[-49.605,62.016],[-49.448,62.145],[-49.62,62.257],[-50.061,62.323],[-50.252,62.501],[-50.282,62.82],[-50.501,62.89],[-50.612,63.025],[-50.956,63.119],[-51.17,63.405],[-51.491,63.64],[-51.448,63.877],[-51.532,64.016],[-50.473,64.198],[-50.55,64.268],[-51.306,64.099],[-51.597,64.134],[-51.097,64.221],[-50.821,64.397],[-50.532,64.424],[-50.738,64.606],[-50.389,64.639],[-50.1,64.452],[-49.811,64.396],[-50.076,64.538],[-50.203,64.743],[-50.647,64.814],[-51.01,64.641],[-51.258,64.704],[-51.754,64.263],[-52.019,64.153],[-52.122,64.287],[-52.145,64.585],[-51.997,64.793],[-52.142,64.879],[-52.215,65.162],[-52.522,65.256],[-52.006,65.501],[-52.615,65.427],[-52.795,65.671],[-53.007,65.467],[-53.184,65.604],[-53.105,65.802],[-52.608,65.951],[-53.323,65.844],[-53.616,66.078],[-53.641,66.442],[-53.038,66.537],[-53.402,66.626],[-52.905,66.755],[-53.741,66.974],[-53.846,67.093],[-53.836,67.315],[-53.732,67.419],[-52.893,67.725],[-52.421,67.758],[-51.808,67.648],[-51.07,67.628],[-51.024,67.752],[-51.219,67.827],[-51.133,67.909],[-51.181,67.939],[-51.374,67.913],[-51.414,67.775],[-51.691,67.709],[-52.401,67.842],[-52.979,67.743],[-53.65,67.515],[-53.738,67.751],[-53.265,67.943],[-53.173,68.056],[-53.201,68.163],[-52.769,68.163],[-52.911,68.287],[-52.986,68.199],[-53.087,68.243],[-53.023,68.282],[-53.364,68.3],[-53.157,68.36],[-53.089,68.459],[-52.623,68.451],[-52.508,68.6],[-53.005,68.628],[-52.967,68.727],[-52.371,68.714],[-51.846,68.537],[-51.212,68.568],[-51.053,68.618],[-50.874,68.768],[-51.197,68.778],[-51.03,69.096],[-50.843,69.105],[-50.451,68.954],[-50.468,69.099],[-50.101,69.172],[-50.453,69.31],[-50.777,69.2],[-51.003,69.24],[-50.724,69.709],[-50.353,69.804],[-50.553,69.857],[-50.527,69.944],[-50.357,70.018],[-52.227,70.051],[-52.903,70.276],[-54.012,70.424],[-54.497,70.636],[-54.548,70.69],[-54.059,70.824],[-52.756,70.745],[-51.027,70.361],[-50.671,70.373],[-50.672,70.449],[-50.931,70.44],[-51.217,70.546],[-50.927,70.577],[-51.037,70.707],[-50.879,70.763],[-50.934,70.836],[-51.589,70.992],[-51.312,71.008],[-51.443,71.108],[-51.974,71.146],[-51.657,71.312],[-52.367,71.198],[-52.118,71.384],[-51.539,71.475],[-52.462,71.395],[-52.691,71.445],[-52.472,71.548],[-51.841,71.614],[-51.754,71.694],[-52.241,71.632],[-53.051,71.719],[-52.888,71.925],[-53.269,71.826],[-53.44,72.034],[-53.741,72.188],[-53.471,71.855],[-53.921,71.631],[-53.965,71.464],[-54.726,71.372],[-55.49,71.49],[-55.712,71.705],[-54.621,72.053],[-55.02,71.944],[-55.49,72.01],[-55.002,72.228],[-54.946,72.33],[-55.51,72.191],[-55.565,72.226],[-55.254,72.362],[-55.508,72.455],[-54.763,72.508],[-54.778,72.702],[-54.887,72.555],[-55.185,72.589],[-55.037,72.717],[-54.521,72.897],[-54.983,73.025],[-55.242,72.947],[-55.604,73.059],[-55.52,73.162],[-55.257,73.202],[-55.255,73.391],[-55.511,73.32],[-55.394,73.424],[-55.801,73.453],[-55.62,73.548],[-55.91,73.677],[-55.788,73.876],[-56.216,74.071],[-56.181,74.238],[-56.768,74.17],[-56.471,74.273],[-56.453,74.39],[-56.534,74.451],[-56.351,74.547],[-56.974,74.713],[-56.937,74.837],[-57.017,74.892],[-57.988,75.063],[-58.055,75.178],[-58.453,75.385],[-58.235,75.487],[-58.348,75.617],[-59.013,75.725],[-59.224,75.858],[-59.657,75.827],[-59.704,75.936],[-60.15,76.023],[-60.704,76.031],[-60.947,76.154],[-61.591,76.133],[-61.801,76.207],[-62.287,76.26],[-62.704,76.169],[-62.859,76.309],[-63.351,76.366],[-64.021,76.078],[-64.283,76.333],[-64.613,76.232],[-64.635,76.151],[-65.228,76.153],[-65.428,76.028],[-65.743,76.052],[-65.789,76.109],[-65.654,76.214],[-65.696,76.26],[-66.065,76.273],[-66.405,76.099],[-66.87,76.254],[-67.147,76.194],[-66.647,75.95],[-68.414,76.086],[-69.537,76.398],[-68.001,76.644],[-69.195,76.682],[-69.961,76.793],[-69.682,76.993],[-70.468,76.801],[-71.26,77.032],[-70.694,77.204],[-68.528,77.197],[-68.652,77.281],[-68.267,77.366],[-66.824,77.357],[-66.264,77.27],[-66.47,77.38],[-66.086,77.482],[-66.243,77.602],[-66.752,77.694],[-67.503,77.54],[-68.221,77.519],[-68.645,77.642],[-68.688,77.533],[-69.127,77.475],[-69.901,77.553],[-69.957,77.577],[-69.602,77.692],[-70.362,77.699],[-70.215,77.845],[-71.186,77.777],[-71.34,77.867],[-72.07,77.928],[-72.744,78.149],[-72.724,78.353],[-72.32,78.519],[-70.806,78.607],[-70.475,78.71],[-69.355,78.802],[-68.468,79.043],[-67.302,79.131],[-65.989,79.113],[-64.749,79.529],[-64.631,79.606],[-64.675,79.683],[-64.908,79.799],[-64.406,79.909],[-64.859,80.007],[-64.173,80.164],[-65.876,80.019],[-66.966,80.073],[-67.364,80.2],[-67.412,80.298],[-66.624,80.551],[-64.104,81.093],[-63.511,80.916],[-63.689,81.1],[-63.454,81.185],[-62.11,81.066],[-61.581,81.154],[-61.706,81.327],[-61.448,81.495],[-61.836,81.702],[-61.68,81.787],[-60.596,81.889],[-59.657,81.83],[-59.328,81.676],[-58.863,81.638],[-59.297,81.855],[-59.857,81.99],[-59.604,82.067],[-56.663,82.241],[-56.051,82.188],[-55.912,82.28],[-55.201,82.316],[-54.779,82.234],[-54.514,82.068],[-54.472,81.837],[-54.737,81.659],[-54.681,81.581],[-53.994,81.769],[-53.806,81.935],[-53.607,81.969],[-52.15,81.797],[-50.929,81.533],[-51.701,81.78],[-51.037,81.896],[-51.539,82.128],[-51.725,82.393],[-50.597,82.446],[-47.202,81.954],[-45.884,81.63],[-46.296,81.779],[-45.481,81.706],[-46.165,82.037],[-47.584,82.263],[-48.103,82.523],[-47.098,82.596],[-45.712,82.433],[-45.187,82.266],[-45.749,82.115],[-45.575,81.945],[-45.494,81.975],[-45.508,82.097],[-45.319,82.165],[-44.316,82.197],[-44.592,82.322],[-46.239,82.681],[-42.898,82.691],[-42.238,82.414],[-42.35,82.652],[-41.932,82.651],[-40.711,82.485],[-40.399,82.332],[-40.172,82.319],[-40.604,82.64],[-43.027,82.796],[-45.311,82.798],[-45.992,83.049],[-45.877,83.088],[-43.949,83.066],[-44.172,83.161],[-43.002,83.219],[-41.443,82.963],[-41.787,83.102],[-40.95,83.132],[-40.185,83.021],[-40.606,82.979],[-40.566,82.939],[-39.176,82.759],[-39.547,82.956],[-38.824,83.14],[-39.196,83.138],[-39.55,83.245],[-39.616,83.402],[-38.752,83.403],[-38.814,83.492],[-38.64,83.533],[-37.466,83.425],[-37.432,83.545],[-36.414,83.605],[-35.263,83.611],[-34.635,83.519],[-34.559,83.605],[-34.275,83.639],[-31.098,83.652],[-29.731,83.562],[-29.225,83.617],[-28.967,83.497],[-28.035,83.577],[-26.3,83.484],[-25.846,83.373],[-26.903,83.225],[-33.041,83.118],[-34.377,82.919],[-34.218,82.867],[-33.932,82.956],[-32.109,82.97],[-30.507,83.158],[-26.659,83.13],[-24.662,83.234],[-24.285,83.081],[-24.524,82.887],[-23.181,82.96],[-22.864,82.843],[-22.407,82.899],[-21.082,82.812],[-19.964,82.573],[-21.558,82.313],[-24.595,82.152],[-30.01,82.154],[-30.144,82.077],[-32.552,81.847],[-32.699,81.777],[-32.498,81.645],[-31.274,81.828],[-27.51,82.03],[-24.609,81.934],[-24.711,81.778],[-26.188,81.582],[-26.409,81.474],[-26.341,81.437],[-23.399,81.73],[-23.198,81.966],[-22.693,82.026],[-21.31,82.045],[-21.024,81.897],[-21.055,81.704],[-21.352,81.446],[-23.146,80.915],[-23.537,80.671],[-23.093,80.729],[-22.78,80.895],[-20.879,81.256],[-19.896,81.529],[-19.771,81.66],[-19.369,81.577],[-19.233,81.399],[-18.405,81.483],[-17.352,81.374],[-16.71,81.602],[-16.294,81.605],[-16.227,81.746],[-15.914,81.658],[-15.194,81.758],[-14.696,81.693],[-13.662,81.746],[-11.956,81.546],[-11.586,81.373],[-11.673,81.303],[-13.385,80.985],[-14.222,80.96],[-14.335,80.903],[-14.266,80.778],[-15.515,80.628],[-17.271,80.71],[-17.983,80.573],[-19.393,80.642],[-20.224,80.537],[-19.326,80.603],[-17.786,80.479],[-16.895,80.533],[-15.879,80.417],[-16.343,80.238],[-16.824,80.175],[-19.414,80.24],[-19.985,80.106],[-20.441,79.85],[-20.468,79.759],[-20.06,79.768],[-19.671,79.951],[-18.995,80.04],[-17.649,80.075],[-17.289,80.005],[-17.955,79.717],[-19.012,79.733],[-19.345,79.648],[-19.37,79.516],[-19.59,79.383],[-19.247,79.252],[-19.16,79.098],[-18.992,79.068],[-19.144,78.979],[-19.274,78.722],[-20.619,78.835],[-21.083,78.747],[-21.105,78.67],[-20.973,78.558],[-21.237,78.276],[-21.207,78.074],[-21.57,77.935],[-21.561,77.866],[-21.862,77.622],[-21.382,77.588],[-21.235,77.755],[-20.75,77.935],[-19.138,77.678],[-18.985,77.586],[-19.246,77.542],[-20.165,77.66],[-20.374,77.595],[-20.099,77.57],[-20.373,77.461],[-20.182,77.342],[-19.681,77.315],[-19.366,77.203],[-19.057,77.197],[-18.919,77.325],[-18.42,77.268],[-18.231,77.148],[-18.207,76.975],[-18.32,76.822],[-18.58,76.744],[-20.513,76.942],[-21.127,76.853],[-21.103,76.791],[-21.281,76.729],[-21.182,76.602],[-21.247,76.565],[-21.776,76.675],[-22.168,76.851],[-22.525,76.702],[-22.356,76.582],[-21.859,76.563],[-21.639,76.391],[-21.69,76.23],[-21.23,76.338],[-20.879,76.27],[-20.551,76.347],[-20.422,76.309],[-20.42,76.238],[-19.967,76.237],[-19.799,76.126],[-19.86,76.063],[-20.879,75.969],[-19.931,75.915],[-19.588,75.768],[-19.392,75.503],[-19.441,75.246],[-19.634,75.156],[-19.878,75.172],[-20.111,75.31],[-20.793,75.324],[-21.509,75.513],[-21.272,75.361],[-20.608,75.157],[-21.637,75.013],[-21.974,75.049],[-21.717,74.967],[-21.157,75.064],[-20.749,75.047],[-20.645,74.67],[-19.784,74.6],[-19.393,74.652],[-19.11,74.462],[-19.309,74.316],[-19.723,74.252],[-20.116,74.284],[-20.422,74.431],[-20.82,74.448],[-20.531,74.37],[-20.336,74.206],[-21.062,74.102],[-21.859,74.215],[-21.986,74.311],[-22.272,74.066],[-21.981,73.961],[-21.676,74.043],[-20.378,73.874],[-20.331,73.83],[-20.476,73.718],[-20.452,73.536],[-20.492,73.5],[-20.518,73.476],[-20.701,73.452],[-21.472,73.469]]],[[[-26.343,70.526],[-26.266,70.54],[-26.25,70.576],[-26.56,70.519],[-26.931,70.517],[-27.533,70.446],[-27.919,70.416],[-28.02,70.425],[-28.057,70.456],[-27.957,70.507],[-27.984,70.561],[-27.951,70.593],[-27.65,70.636],[-27.063,70.87],[-26.466,70.899],[-25.726,71.072],[-25.69,71.054],[-25.675,70.979],[-25.386,70.91],[-25.355,70.803],[-25.394,70.777],[-25.315,70.752],[-25.281,70.701],[-25.312,70.654],[-25.781,70.593],[-26.198,70.453],[-26.349,70.481],[-26.343,70.526]]],[[[-22.597,72.604],[-22.489,72.645],[-22.459,72.599],[-22.224,72.533],[-22.184,72.491],[-21.997,72.485],[-21.958,72.425],[-22.018,72.401],[-22.652,72.457],[-22.751,72.426],[-22.697,72.359],[-22.384,72.312],[-22.301,72.273],[-22.223,72.287],[-22.117,72.264],[-22.169,72.205],[-22.154,72.163],[-22.27,72.131],[-22.485,72.14],[-22.924,72.236],[-23.157,72.33],[-23.889,72.453],[-24.12,72.545],[-24.374,72.592],[-24.414,72.623],[-24.515,72.832],[-24.102,72.88],[-23.144,72.817],[-23.02,72.754],[-22.928,72.769],[-22.863,72.693],[-22.597,72.604]]],[[[-24.242,73.297],[-24.564,73.299],[-24.69,73.31],[-24.701,73.29],[-24.564,73.268],[-23.695,73.19],[-23.228,73.184],[-22.99,73.144],[-22.976,73.131],[-23.032,73.097],[-24.546,73.034],[-25.043,73.105],[-25.42,73.117],[-25.643,73.193],[-25.345,73.313],[-25.277,73.389],[-25.203,73.406],[-24.539,73.422],[-23.764,73.352],[-23.32,73.254],[-23.322,73.236],[-23.714,73.227],[-24.242,73.297]]],[[[-21.979,72.685],[-22.102,72.706],[-22.673,72.704],[-22.806,72.798],[-22.888,72.787],[-22.929,72.837],[-23.992,72.909],[-24.512,72.892],[-24.564,72.915],[-24.587,72.953],[-24.564,72.982],[-23.119,73.061],[-22.673,73.017],[-21.959,72.912],[-21.958,72.878],[-22.098,72.806],[-21.936,72.706],[-21.979,72.685]]],[[[-27.533,70.873],[-27.284,70.869],[-27.278,70.853],[-27.333,70.798],[-27.464,70.779],[-27.533,70.749],[-27.692,70.725],[-27.717,70.83],[-27.682,70.864],[-27.533,70.873]]],[[[-24.868,72.775],[-25.019,72.786],[-25.178,72.82],[-25.326,72.828],[-25.336,72.837],[-25.325,72.847],[-25.189,72.858],[-25.138,72.884],[-25.092,72.878],[-24.913,72.907],[-24.806,72.906],[-24.817,72.881],[-24.888,72.869],[-24.901,72.832],[-24.861,72.788],[-24.868,72.775]]],[[[-30.0,68.187],[-30.0,68.253],[-29.922,68.262],[-29.867,68.247],[-29.777,68.245],[-29.732,68.231],[-29.757,68.204],[-29.807,68.181],[-29.866,68.196],[-29.904,68.175],[-30.0,68.187]]],[[[-21.261,73.145],[-21.239,73.114],[-21.393,73.086],[-21.488,73.116],[-21.45,73.143],[-21.261,73.145]]],[[[-25.448,71.145],[-25.375,71.207],[-25.352,71.187],[-25.269,71.153],[-25.292,71.134],[-25.373,71.151],[-25.409,71.13],[-25.448,71.145]]],[[[-24.914,73.017],[-24.861,73.014],[-24.852,72.941],[-24.907,72.936],[-24.942,72.955],[-24.92,72.972],[-24.914,73.017]]],[[[-25.595,71.097],[-25.58,71.113],[-25.488,71.12],[-25.456,71.109],[-25.46,71.085],[-25.516,71.091],[-25.55,71.07],[-25.595,71.097]]],[[[-25.537,71.036],[-25.537,71.015],[-25.643,71.035],[-25.605,71.082],[-25.537,71.036]]],[[[-27.762,70.687],[-27.675,70.685],[-27.685,70.658],[-27.768,70.663],[-27.774,70.673],[-27.762,70.687]]],[[[-21.718,71.29],[-21.666,71.296],[-21.647,71.268],[-21.658,71.259],[-21.732,71.27],[-21.739,71.278],[-21.718,71.29]]],[[[-21.635,70.886],[-21.632,70.856],[-21.674,70.854],[-21.714,70.873],[-21.696,70.885],[-21.635,70.886]]],[[[-22.547,73.1],[-22.549,73.079],[-22.591,73.079],[-22.62,73.102],[-22.59,73.122],[-22.547,73.1]]],[[[-21.476,70.706],[-21.468,70.655],[-21.52,70.657],[-21.516,70.693],[-21.476,70.706]]],[[[-21.611,70.958],[-21.64,70.922],[-21.682,70.943],[-21.66,70.974],[-21.611,70.958]]],[[[-25.37,71.046],[-25.301,71.022],[-25.304,71.008],[-25.359,71.01],[-25.394,71.031],[-25.37,71.046]]],[[[-54.243,69.418],[-53.636,69.442],[-53.573,69.518],[-53.777,69.475],[-53.974,69.59],[-54.585,69.571],[-54.931,69.701],[-54.524,69.713],[-54.88,69.827],[-54.788,69.937],[-54.431,69.941],[-54.769,70.06],[-54.815,70.175],[-54.391,70.319],[-53.429,70.227],[-52.554,69.881],[-52.011,69.795],[-51.89,69.639],[-52.272,69.455],[-53.542,69.244],[-54.243,69.418]]],[[[-17.388,75.156],[-17.321,75.132],[-17.359,75.023],[-17.597,74.936],[-17.609,74.994],[-17.851,75.027],[-18.461,74.968],[-18.904,75.049],[-18.832,75.332],[-18.216,75.312],[-18.055,75.423],[-17.816,75.312],[-18.11,75.228],[-17.713,75.077],[-17.388,75.156]]],[[[-53.843,82.292],[-52.209,81.942],[-52.52,81.902],[-54.049,82.069],[-54.231,82.192],[-53.843,82.292]]],[[[-47.285,82.958],[-47.186,82.999],[-46.722,83.027],[-45.842,82.914],[-45.73,82.82],[-46.885,82.792],[-47.398,82.886],[-47.234,82.906],[-47.285,82.958]]],[[[-19.105,76.718],[-18.75,76.636],[-18.484,75.957],[-19.133,76.473],[-19.007,76.572],[-19.105,76.718]]],[[[-20.457,74.739],[-20.627,74.828],[-20.555,74.994],[-20.306,75.04],[-20.015,74.99],[-20.135,74.903],[-19.775,74.841],[-20.068,74.709],[-20.457,74.739]]],[[[-19.231,82.124],[-18.577,81.834],[-19.037,81.825],[-19.597,82.05],[-19.231,82.124]]],[[[-55.618,72.633],[-55.806,72.562],[-55.769,72.669],[-55.85,72.708],[-56.116,72.609],[-56.177,72.754],[-55.841,72.811],[-55.704,72.762],[-55.693,72.679],[-55.306,72.837],[-54.976,72.8],[-55.487,72.567],[-55.618,72.633]]],[[[-50.977,69.559],[-51.212,69.521],[-51.373,69.719],[-51.053,69.885],[-51.302,69.843],[-51.409,69.908],[-50.659,69.931],[-50.752,69.889],[-50.724,69.823],[-50.971,69.738],[-50.977,69.559]]],[[[-41.409,83.341],[-39.426,83.123],[-40.87,83.231],[-41.555,83.252],[-41.409,83.341]]],[[[-52.65,71.165],[-52.953,71.157],[-53.168,71.299],[-53.082,71.426],[-53.046,71.366],[-52.411,71.347],[-52.345,71.299],[-52.65,71.165]]],[[[-72.013,77.306],[-72.521,77.412],[-71.505,77.385],[-71.316,77.386],[-72.013,77.306]]],[[[-53.625,71.303],[-53.409,71.103],[-53.707,71.034],[-54.002,71.127],[-53.625,71.303]]],[[[-17.83,77.831],[-17.616,77.862],[-17.448,77.79],[-17.698,77.619],[-18.106,77.617],[-17.837,77.758],[-17.83,77.831]]],[[[-48.682,82.82],[-48.157,82.757],[-49.009,82.72],[-49.158,82.799],[-48.682,82.82]]],[[[-40.495,64.481],[-40.583,64.701],[-40.857,64.91],[-40.73,64.931],[-40.497,64.822],[-40.446,64.737],[-40.524,64.692],[-40.362,64.592],[-40.432,64.551],[-40.166,64.469],[-40.495,64.481]]],[[[-19.231,80.206],[-18.76,80.139],[-19.664,80.042],[-19.486,80.166],[-19.231,80.206]]],[[[-19.82,77.903],[-19.142,77.781],[-20.332,77.895],[-19.82,77.903]]],[[[-17.674,81.718],[-17.238,81.576],[-17.631,81.569],[-18.145,81.697],[-17.674,81.718]]],[[[-71.215,77.444],[-70.046,77.416],[-70.963,77.372],[-71.215,77.444]]],[[[-18.122,79.011],[-17.76,79.18],[-17.576,79.116],[-17.625,79.026],[-17.903,79.028],[-18.04,78.943],[-18.122,79.011]]],[[[-56.334,73.749],[-56.278,73.841],[-56.592,73.813],[-56.655,73.892],[-55.947,73.813],[-56.251,73.78],[-56.211,73.705],[-56.334,73.749]]],[[[-52.82,71.658],[-53.134,71.547],[-53.4,71.562],[-53.443,71.67],[-52.82,71.658]]],[[[-46.575,60.672],[-46.658,60.742],[-46.9,60.719],[-46.286,60.927],[-46.141,60.888],[-46.397,60.77],[-46.432,60.824],[-46.575,60.672]]],[[[-40.193,83.407],[-39.792,83.282],[-40.439,83.313],[-40.489,83.336],[-40.193,83.407]]],[[[-48.878,82.394],[-49.12,82.319],[-49.642,82.452],[-48.878,82.394]]],[[[-57.336,74.55],[-57.101,74.529],[-56.894,74.607],[-56.537,74.512],[-57.321,74.489],[-57.336,74.55]]],[[[-50.996,64.548],[-50.851,64.527],[-51.16,64.251],[-51.333,64.237],[-51.235,64.254],[-50.996,64.548]]],[[[-43.982,59.968],[-43.7,59.873],[-44.111,59.806],[-44.119,59.864],[-43.982,59.968]]],[[[-17.486,81.92],[-17.566,81.886],[-17.893,82.022],[-17.927,82.146],[-17.486,81.92]]],[[[-45.19,60.258],[-45.403,60.162],[-45.359,60.373],[-45.152,60.358],[-45.19,60.258]]]]}},{"type":"Feature","properties":{"iso":"GM","name":"Gambia"},"geometry":{"type":"Polygon","coordinates":[[[-16.547,13.591],[-15.497,13.585],[-15.381,13.761],[-15.045,13.812],[-14.868,13.782],[-14.746,13.636],[-14.542,13.642],[-14.34,13.454],[-13.945,13.562],[-13.806,13.41],[-13.866,13.325],[-14.363,13.239],[-15.091,13.595],[-15.291,13.362],[-15.769,13.353],[-15.813,13.173],[-16.666,13.165],[-16.747,13.064],[-16.806,13.349],[-16.687,13.473],[-16.561,13.473],[-16.547,13.591]]]}},{"type":"Feature","properties":{"iso":"GN","name":"Guinea"},"geometry":{"type":"Polygon","coordinates":[[[-12.078,12.421],[-11.379,12.414],[-11.492,12.19],[-11.34,12.047],[-11.192,12.018],[-11.045,12.207],[-10.931,12.217],[-10.685,11.901],[-10.33,12.215],[-9.716,12.028],[-9.629,12.169],[-9.331,12.264],[-9.374,12.482],[-9.038,12.42],[-8.908,12.049],[-8.813,12.005],[-8.844,11.634],[-8.7,11.628],[-8.629,11.472],[-8.374,11.309],[-8.558,11.201],[-8.675,10.969],[-8.527,10.976],[-8.459,11.068],[-8.316,11.035],[-8.267,10.503],[-7.953,10.246],[-8.14,9.98],[-8.137,9.531],[-8.047,9.411],[-7.866,9.417],[-7.912,9.205],[-7.778,9.088],[-7.904,9.003],[-7.95,8.822],[-7.759,8.73],[-7.657,8.404],[-7.956,8.491],[-8.217,8.467],[-8.231,8.245],[-8.016,8.184],[-7.965,8.032],[-8.058,7.987],[-8.194,7.568],[-8.472,7.555],[-8.571,7.687],[-8.658,7.689],[-8.848,7.274],[-9.084,7.207],[-9.214,7.376],[-9.45,7.412],[-9.35,7.752],[-9.514,8.194],[-9.492,8.374],[-9.643,8.408],[-9.759,8.538],[-10.043,8.428],[-10.103,8.519],[-10.382,8.482],[-10.54,8.324],[-10.686,8.343],[-10.486,8.669],[-10.592,9.041],[-10.716,9.096],[-10.681,9.302],[-11.214,9.984],[-11.836,9.996],[-12.083,9.886],[-12.461,9.852],[-12.795,9.311],[-12.926,9.267],[-13.052,9.075],[-13.303,9.04],[-13.247,9.263],[-13.399,9.316],[-13.415,9.553],[-13.645,9.588],[-13.632,9.753],[-13.962,9.985],[-14.011,10.183],[-14.443,10.242],[-14.489,10.39],[-14.644,10.499],[-14.538,10.839],[-14.711,10.805],[-14.91,11.08],[-14.672,11.491],[-14.503,11.503],[-14.251,11.666],[-13.734,11.701],[-13.709,11.992],[-13.949,12.179],[-13.668,12.323],[-13.708,12.676],[-13.073,12.626],[-13.072,12.51],[-12.967,12.469],[-12.885,12.534],[-12.347,12.315],[-12.078,12.421]]]}},{"type":"Feature","properties":{"iso":"GQ","name":"Equatorial Guinea"},"geometry":{"type":"MultiPolygon","coordinates":[[[[10.026,0.997],[9.96,0.926],[9.748,1.059],[9.397,1.114],[9.356,1.177],[9.796,1.911],[9.786,2.296],[9.821,2.348],[9.906,2.205],[11.335,2.174],[11.325,1.006],[10.026,0.997]]],[[[8.679,3.212],[8.442,3.28],[8.44,3.439],[8.576,3.473],[8.692,3.775],[8.909,3.755],[8.931,3.636],[8.679,3.212]]]]}},{"type":"Feature","properties":{"iso":"GT","name":"Guatemala"},"geometry":{"type":"Polygon","coordinates":[[[-89.143,15.061],[-89.214,14.86],[-89.152,14.622],[-89.353,14.418],[-89.563,14.402],[-89.531,14.223],[-90.014,13.939],[-90.124,13.741],[-90.626,13.921],[-91.315,13.955],[-92.231,14.533],[-92.086,15.068],[-92.185,15.296],[-91.72,16.054],[-90.459,16.104],[-90.423,16.391],[-91.351,17.209],[-91.005,17.288],[-90.96,17.792],[-89.147,17.809],[-89.219,15.914],[-88.913,15.9],[-88.624,15.731],[-88.546,15.919],[-88.221,15.72],[-89.143,15.061]]]}},{"type":"Feature","properties":{"iso":"GW","name":"Guinea-Bissau"},"geometry":{"type":"Polygon","coordinates":[[[-13.734,11.701],[-14.251,11.666],[-14.503,11.503],[-14.672,11.491],[-14.91,11.08],[-15.002,11.044],[-14.986,11.186],[-15.142,11.172],[-15.312,11.318],[-15.227,11.657],[-15.4,11.635],[-15.486,11.726],[-15.419,11.84],[-15.116,11.939],[-15.386,11.939],[-15.863,11.788],[-15.928,11.927],[-16.155,11.943],[-16.278,12.069],[-16.125,12.252],[-15.747,12.283],[-16.086,12.371],[-16.5,12.268],[-16.707,12.339],[-16.054,12.468],[-15.682,12.428],[-15.189,12.676],[-13.708,12.676],[-13.668,12.323],[-13.949,12.179],[-13.709,11.992],[-13.734,11.701]]]}},{"type":"Feature","properties":{"iso":"HR","name":"Croatia"},"geometry":{"type":"MultiPolygon","coordinates":[[[[16.958,46.236],[17.162,46.162],[17.294,45.989],[17.377,45.938],[17.579,45.928],[17.651,45.848],[17.868,45.777],[17.912,45.791],[18.428,45.741],[18.568,45.803],[18.669,45.912],[18.783,45.887],[18.821,45.914],[18.89,45.921],[18.865,45.83],[18.906,45.766],[18.964,45.737],[18.914,45.713],[18.945,45.666],[18.916,45.578],[19.048,45.524],[19.034,45.487],[19.001,45.475],[19.005,45.435],[18.992,45.366],[19.16,45.277],[19.418,45.227],[19.425,45.168],[19.301,45.203],[19.262,45.176],[19.197,45.191],[19.15,45.14],[19.09,45.136],[19.092,44.986],[19.145,44.957],[19.069,44.911],[19.005,44.909],[19.022,44.855],[18.839,44.862],[18.77,44.911],[18.787,44.983],[18.674,45.08],[18.53,45.088],[18.491,45.063],[18.416,45.105],[18.254,45.133],[18.197,45.084],[18.139,45.081],[18.011,45.142],[17.851,45.049],[17.675,45.126],[17.524,45.113],[17.283,45.181],[17.227,45.148],[17.141,45.163],[16.952,45.234],[16.929,45.267],[16.815,45.19],[16.539,45.226],[16.4,45.108],[16.349,45.011],[16.304,45.0],[16.114,45.095],[15.997,45.218],[15.84,45.224],[15.78,45.172],[15.774,44.989],[15.737,44.936],[15.78,44.851],[15.743,44.818],[15.762,44.782],[15.826,44.731],[15.909,44.728],[16.023,44.644],[16.038,44.573],[16.113,44.509],[16.132,44.455],[16.208,44.343],[16.21,44.233],[16.172,44.209],[16.24,44.197],[16.544,43.974],[17.011,43.578],[17.145,43.502],[17.262,43.477],[17.261,43.392],[17.314,43.301],[17.451,43.177],[17.634,43.089],[17.696,42.997],[17.694,42.971],[17.581,42.938],[17.524,42.953],[17.356,43.084],[17.245,43.151],[17.134,43.201],[16.879,43.389],[16.474,43.498],[16.401,43.542],[16.333,43.537],[16.297,43.494],[16.213,43.509],[16.054,43.483],[15.935,43.564],[15.923,43.655],[15.838,43.678],[15.785,43.746],[15.63,43.784],[15.628,43.832],[15.559,43.872],[15.368,43.953],[15.196,44.185],[15.214,44.255],[15.387,44.28],[15.289,44.363],[15.108,44.496],[15.025,44.508],[15.035,44.549],[14.925,44.689],[14.896,44.773],[14.912,44.948],[14.881,45.031],[14.821,45.114],[14.634,45.2],[14.621,45.183],[14.682,45.085],[14.784,44.97],[14.705,44.95],[14.595,45.019],[14.482,45.041],[14.453,45.086],[14.53,45.15],[14.556,45.272],[14.348,45.347],[14.313,45.331],[14.226,45.154],[14.159,45.063],[14.148,44.978],[14.063,44.956],[13.961,44.821],[13.866,44.822],[13.772,44.964],[13.633,45.083],[13.513,45.487],[13.651,45.454],[13.776,45.462],[13.87,45.429],[13.975,45.457],[14.004,45.513],[14.118,45.481],[14.319,45.476],[14.474,45.533],[14.57,45.673],[14.7,45.534],[14.82,45.469],[14.896,45.481],[14.938,45.521],[15.156,45.43],[15.226,45.427],[15.347,45.484],[15.298,45.598],[15.382,45.661],[15.295,45.723],[15.331,45.763],[15.571,45.846],[15.673,45.836],[15.715,46.021],[15.704,46.059],[15.627,46.086],[15.605,46.143],[15.655,46.214],[15.771,46.21],[15.795,46.234],[15.791,46.259],[16.005,46.312],[16.109,46.397],[16.302,46.378],[16.242,46.49],[16.38,46.54],[16.597,46.476],[16.855,46.35],[16.958,46.236]]],[[[17.521,42.924],[17.631,42.884],[17.707,42.915],[17.818,42.902],[17.912,42.806],[18.215,42.625],[18.364,42.61],[18.438,42.556],[18.447,42.485],[18.525,42.42],[18.271,42.538],[18.227,42.573],[18.225,42.608],[18.079,42.648],[17.826,42.797],[17.744,42.791],[17.501,42.853],[17.238,42.967],[17.18,42.972],[17.142,42.91],[16.982,42.924],[16.792,42.897],[16.653,42.929],[16.689,42.987],[16.856,42.961],[17.042,42.983],[17.043,43.025],[17.238,43.015],[17.427,42.956],[17.457,42.931],[17.521,42.924]]],[[[14.531,44.628],[14.495,44.611],[14.42,44.667],[14.398,44.667],[14.397,44.63],[14.388,44.62],[14.345,44.667],[14.391,44.73],[14.302,44.914],[14.305,44.936],[14.319,44.945],[14.363,44.91],[14.393,44.918],[14.35,45.041],[14.28,45.105],[14.276,45.12],[14.319,45.174],[14.355,45.155],[14.402,45.013],[14.473,44.963],[14.452,44.861],[14.507,44.667],[14.531,44.628]]],[[[16.44,43.318],[16.445,43.385],[16.756,43.36],[16.87,43.327],[16.881,43.29],[16.82,43.267],[16.648,43.258],[16.485,43.29],[16.44,43.318]]],[[[17.073,43.114],[16.685,43.122],[16.424,43.161],[16.414,43.186],[16.459,43.207],[16.524,43.203],[16.564,43.18],[16.605,43.219],[16.651,43.217],[16.698,43.192],[16.696,43.17],[17.074,43.132],[17.073,43.114]]],[[[14.79,44.618],[14.783,44.653],[14.94,44.582],[14.971,44.543],[14.915,44.538],[15.115,44.432],[15.195,44.34],[15.117,44.333],[14.79,44.618]]],[[[14.839,44.702],[14.789,44.744],[14.742,44.766],[14.7,44.757],[14.656,44.789],[14.683,44.797],[14.705,44.838],[14.746,44.852],[14.748,44.887],[14.774,44.868],[14.743,44.815],[14.832,44.753],[14.868,44.706],[14.839,44.702]]],[[[16.096,43.007],[16.069,43.056],[16.083,43.07],[16.182,43.08],[16.239,43.076],[16.259,43.036],[16.229,43.015],[16.199,43.021],[16.096,43.007]]],[[[17.335,42.775],[17.328,42.784],[17.353,42.806],[17.608,42.748],[17.625,42.716],[17.567,42.721],[17.335,42.775]]],[[[15.056,43.991],[15.069,44.0],[15.211,43.919],[15.223,43.879],[15.186,43.874],[15.121,43.914],[15.056,43.991]]],[[[15.335,43.79],[15.281,43.799],[15.222,43.867],[15.273,43.881],[15.292,43.869],[15.315,43.895],[15.344,43.888],[15.34,43.846],[15.307,43.842],[15.335,43.79]]],[[[16.382,43.341],[16.36,43.334],[16.285,43.368],[16.2,43.39],[16.182,43.406],[16.202,43.416],[16.279,43.411],[16.317,43.384],[16.334,43.393],[16.382,43.341]]],[[[15.115,44.106],[15.063,44.133],[15.08,44.147],[15.213,44.079],[15.235,44.029],[15.22,44.02],[15.115,44.106]]],[[[16.787,42.762],[16.856,42.778],[16.944,42.766],[16.906,42.726],[16.824,42.732],[16.787,42.762]]],[[[15.693,43.644],[15.66,43.623],[15.63,43.653],[15.669,43.679],[15.677,43.714],[15.771,43.691],[15.756,43.668],[15.694,43.674],[15.693,43.644]]],[[[14.456,44.527],[14.463,44.545],[14.512,44.522],[14.542,44.476],[14.575,44.452],[14.532,44.433],[14.519,44.475],[14.456,44.527]]],[[[14.992,44.096],[15.057,44.012],[15.038,43.997],[14.958,44.083],[14.992,44.096]]],[[[14.761,44.417],[14.81,44.401],[14.796,44.383],[14.823,44.351],[14.795,44.34],[14.761,44.367],[14.761,44.417]]],[[[17.853,42.756],[17.921,42.715],[17.904,42.7],[17.826,42.737],[17.853,42.756]]],[[[14.67,44.424],[14.722,44.4],[14.698,44.372],[14.643,44.402],[14.67,44.424]]],[[[14.515,45.002],[14.574,44.947],[14.543,44.942],[14.491,44.981],[14.515,45.002]]],[[[14.884,44.246],[14.922,44.209],[14.901,44.19],[14.844,44.23],[14.884,44.246]]],[[[17.665,42.734],[17.733,42.723],[17.719,42.689],[17.648,42.719],[17.665,42.734]]],[[[14.799,44.283],[14.834,44.239],[14.802,44.221],[14.768,44.274],[14.799,44.283]]],[[[14.408,44.615],[14.429,44.57],[14.366,44.561],[14.39,44.615],[14.408,44.615]]],[[[15.043,44.183],[15.039,44.13],[15.022,44.123],[14.981,44.155],[15.043,44.183]]],[[[16.107,43.45],[16.18,43.462],[16.18,43.427],[16.115,43.427],[16.107,43.45]]],[[[16.039,42.98],[16.024,42.946],[15.981,42.94],[16.005,43.003],[16.039,42.98]]],[[[15.448,43.753],[15.498,43.732],[15.468,43.701],[15.422,43.729],[15.448,43.753]]],[[[14.755,44.944],[14.84,44.906],[14.82,44.884],[14.752,44.925],[14.755,44.944]]],[[[15.065,44.092],[15.114,44.07],[15.107,44.029],[15.042,44.082],[15.065,44.092]]],[[[16.32,42.408],[16.335,42.373],[16.273,42.368],[16.252,42.389],[16.32,42.408]]],[[[15.012,44.326],[15.073,44.321],[15.09,44.302],[15.067,44.282],[15.026,44.299],[15.012,44.326]]],[[[14.276,44.687],[14.288,44.667],[14.256,44.647],[14.252,44.667],[14.276,44.687]]],[[[14.257,44.644],[14.27,44.631],[14.257,44.613],[14.238,44.63],[14.257,44.644]]]]}},{"type":"Feature","properties":{"iso":"HT","name":"Haiti"},"geometry":{"type":"MultiPolygon","coordinates":[[[[-71.681,19.437],[-71.773,19.323],[-71.623,19.19],[-71.861,18.97],[-71.727,18.872],[-71.741,18.736],[-71.825,18.636],[-71.979,18.627],[-71.892,18.459],[-71.705,18.338],[-71.754,18.031],[-72.065,18.234],[-72.835,18.144],[-73.43,18.262],[-73.691,18.223],[-73.825,18.132],[-73.794,18.037],[-73.875,18.026],[-74.08,18.236],[-74.44,18.354],[-74.408,18.624],[-74.22,18.672],[-73.627,18.504],[-72.872,18.435],[-72.711,18.436],[-72.595,18.557],[-72.352,18.556],[-72.335,18.68],[-72.811,19.046],[-72.716,19.116],[-72.788,19.224],[-72.701,19.442],[-73.072,19.633],[-73.396,19.641],[-73.452,19.729],[-73.392,19.838],[-73.161,19.924],[-72.775,19.946],[-72.323,19.723],[-72.225,19.782],[-71.758,19.702],[-71.681,19.437]]],[[[-73.2,18.971],[-72.846,18.836],[-72.818,18.712],[-73.036,18.758],[-73.303,18.927],[-73.2,18.971]]]]}},{"type":"Feature","properties":{"iso":"HU","name":"Hungary"},"geometry":{"type":"Polygon","coordinates":[[[21.599,48.504],[21.692,48.39],[21.788,48.345],[22.002,48.385],[22.121,48.378],[22.155,48.403],[22.248,48.412],[22.364,48.255],[22.501,48.24],[22.608,48.107],[22.821,48.11],[22.871,48.042],[22.849,47.991],[22.896,47.954],[22.663,47.786],[22.564,47.774],[22.472,47.806],[22.42,47.747],[22.321,47.755],[22.223,47.678],[22.181,47.6],[22.128,47.598],[22.021,47.51],[22.02,47.393],[21.929,47.357],[21.795,47.121],[21.688,47.054],[21.659,47.022],[21.668,46.978],[21.602,46.875],[21.53,46.835],[21.496,46.775],[21.518,46.716],[21.446,46.689],[21.441,46.651],[21.32,46.616],[21.268,46.509],[21.304,46.427],[21.215,46.402],[21.174,46.313],[21.086,46.256],[20.776,46.276],[20.705,46.161],[20.627,46.135],[20.511,46.184],[20.457,46.15],[20.349,46.165],[20.264,46.126],[19.986,46.176],[19.798,46.136],[19.698,46.188],[19.546,46.166],[19.424,46.053],[19.3,46.021],[19.303,45.992],[19.166,45.997],[19.111,46.035],[19.065,45.967],[18.89,45.921],[18.821,45.914],[18.783,45.887],[18.669,45.912],[18.568,45.803],[18.428,45.741],[17.912,45.791],[17.868,45.777],[17.651,45.848],[17.579,45.928],[17.377,45.938],[17.294,45.989],[17.162,46.162],[16.958,46.236],[16.855,46.35],[16.597,46.476],[16.403,46.634],[16.42,46.685],[16.32,46.767],[16.341,46.827],[16.317,46.858],[16.114,46.869],[16.295,46.998],[16.472,47.002],[16.498,47.06],[16.474,47.093],[16.519,47.134],[16.436,47.194],[16.481,47.285],[16.434,47.353],[16.472,47.401],[16.646,47.447],[16.702,47.539],[16.655,47.611],[16.422,47.665],[16.605,47.756],[16.71,47.733],[16.77,47.683],[16.861,47.71],[16.906,47.689],[17.057,47.708],[17.063,47.811],[17.034,47.86],[17.095,47.903],[17.109,47.975],[17.161,48.007],[17.247,48.012],[17.347,47.982],[17.46,47.889],[17.705,47.759],[17.894,47.739],[18.639,47.76],[18.76,47.813],[18.848,47.818],[18.768,47.88],[18.767,47.973],[18.837,48.046],[19.014,48.078],[19.234,48.058],[19.472,48.102],[19.526,48.196],[19.636,48.245],[19.923,48.136],[20.052,48.168],[20.151,48.246],[20.32,48.277],[20.522,48.532],[20.736,48.572],[20.813,48.578],[21.127,48.507],[21.448,48.572],[21.599,48.504]]]}},{"type":"Feature","properties":{"iso":"GY","name":"Guyana"},"geometry":{"type":"Polygon","coordinates":[[[-57.295,5.159],[-57.301,5.025],[-57.681,5.002],[-57.877,4.885],[-57.915,4.809],[-57.835,4.644],[-58.039,4.185],[-58.022,3.994],[-57.821,3.666],[-57.646,3.535],[-57.673,3.403],[-57.301,3.37],[-57.193,2.854],[-56.682,2.029],[-56.477,1.946],[-56.803,1.869],[-57.093,2.013],[-57.312,1.983],[-57.548,1.704],[-57.989,1.657],[-58.024,1.504],[-58.324,1.581],[-58.491,1.445],[-58.508,1.264],[-58.688,1.282],[-58.839,1.191],[-58.94,1.304],[-59.24,1.393],[-59.746,1.861],[-59.727,2.263],[-59.898,2.373],[-59.991,2.802],[-59.805,3.368],[-59.855,3.579],[-59.676,3.701],[-59.528,3.939],[-59.722,4.185],[-59.687,4.38],[-60.158,4.532],[-60.034,4.712],[-59.976,5.055],[-60.125,5.232],[-60.732,5.196],[-61.359,5.905],[-61.385,5.964],[-61.121,6.215],[-61.209,6.564],[-61.149,6.706],[-60.887,6.821],[-60.713,6.781],[-60.303,7.062],[-60.365,7.176],[-60.605,7.198],[-60.596,7.344],[-60.706,7.533],[-60.52,7.823],[-60.038,8.036],[-59.96,8.191],[-59.823,8.258],[-59.994,8.533],[-59.842,8.366],[-59.734,8.386],[-59.154,8.051],[-58.508,7.377],[-58.472,7.119],[-58.321,6.889],[-57.985,6.769],[-57.527,6.268],[-57.419,6.307],[-57.269,6.213],[-57.171,6.087],[-57.161,5.614],[-57.326,5.333],[-57.187,5.167],[-57.295,5.159]]]}},{"type":"Feature","properties":{"iso":"HK","name":"Hong Kong"},"geometry":{"type":"Polygon","coordinates":[[[113.862,22.214],[114.006,22.33],[113.927,22.405],[114.161,22.56],[114.386,22.414],[114.159,22.242],[114.079,22.336],[113.862,22.214]]]}},{"type":"Feature","properties":{"iso":"HN","name":"Honduras"},"geometry":{"type":"Polygon","coordinates":[[[-83.963,15.512],[-84.081,15.46],[-84.079,15.356],[-83.962,15.375],[-83.734,15.233],[-83.654,15.359],[-83.414,15.251],[-83.145,14.998],[-83.505,14.988],[-83.82,14.782],[-84.242,14.742],[-84.273,14.667],[-84.366,14.698],[-84.464,14.622],[-84.896,14.803],[-85.052,14.574],[-85.142,14.561],[-85.216,14.374],[-85.178,14.266],[-85.333,14.242],[-85.422,14.118],[-85.737,13.971],[-85.758,13.841],[-86.039,14.071],[-86.349,13.769],[-86.748,13.773],[-86.716,13.297],[-86.888,13.271],[-87.011,13.002],[-87.311,12.983],[-87.489,13.252],[-87.46,13.357],[-87.622,13.327],[-87.637,13.442],[-87.711,13.376],[-87.817,13.407],[-87.723,13.478],[-87.785,13.539],[-87.719,13.805],[-87.806,13.909],[-88.008,13.882],[-88.086,13.991],[-88.216,13.989],[-88.475,13.859],[-88.517,13.975],[-88.829,14.115],[-89.101,14.388],[-89.353,14.418],[-89.152,14.622],[-89.214,14.86],[-89.143,15.061],[-88.221,15.72],[-87.911,15.857],[-87.74,15.898],[-87.575,15.793],[-86.891,15.765],[-86.343,15.802],[-85.873,15.988],[-85.454,15.872],[-84.999,15.97],[-84.287,15.788],[-83.963,15.512]]]}},{"type":"Feature","properties":{"iso":"KH","name":"Cambodia"},"geometry":{"type":"Polygon","coordinates":[[[107.493,12.962],[107.578,12.628],[107.541,12.365],[107.422,12.264],[107.192,12.288],[106.995,12.099],[106.691,11.973],[106.446,11.971],[106.421,11.686],[106.066,11.765],[105.839,11.633],[105.884,11.289],[106.186,11.044],[106.177,10.802],[105.88,10.86],[105.756,11.018],[105.33,10.878],[105.101,10.946],[105.074,10.721],[104.89,10.55],[104.59,10.514],[104.502,10.419],[103.899,10.631],[103.78,10.473],[103.627,10.514],[103.528,10.647],[103.687,10.843],[103.642,11.054],[103.52,11.132],[103.381,10.911],[103.146,10.906],[103.107,11.339],[103.056,11.384],[103.002,11.305],[102.911,11.753],[102.722,12.155],[102.777,12.452],[102.515,12.687],[102.513,13.003],[102.36,13.276],[102.351,13.541],[102.591,13.598],[102.574,13.671],[102.728,13.774],[102.963,14.196],[103.168,14.321],[103.677,14.433],[103.918,14.334],[104.809,14.425],[104.99,14.365],[105.082,14.212],[105.2,14.343],[105.37,14.11],[105.567,14.149],[105.765,14.09],[105.91,13.935],[106.088,13.921],[106.175,14.061],[106.006,14.348],[106.198,14.369],[106.262,14.473],[106.406,14.458],[106.522,14.584],[106.827,14.309],[107.222,14.447],[107.303,14.581],[107.438,14.538],[107.556,14.687],[107.348,14.115],[107.626,13.471],[107.493,12.962]]]}},{"type":"Feature","properties":{"iso":"KP","name":"North Korea"},"geometry":{"type":"Polygon","coordinates":[[[129.722,40.859],[129.234,40.687],[129.099,40.502],[128.66,40.307],[128.639,40.196],[128.305,40.011],[127.961,39.997],[127.511,39.709],[127.523,39.43],[127.415,39.382],[127.383,39.217],[127.749,39.105],[127.986,38.873],[128.327,38.688],[128.361,38.615],[128.214,38.376],[128.056,38.309],[127.127,38.301],[126.685,37.947],[126.69,37.846],[126.582,37.776],[126.355,37.867],[126.137,37.772],[125.65,38.012],[125.61,37.805],[125.37,37.721],[125.452,37.884],[125.323,37.838],[125.046,37.926],[125.203,38.068],[124.754,38.125],[125.024,38.549],[125.462,38.7],[125.263,38.724],[125.16,38.849],[125.397,39.276],[125.384,39.527],[124.804,39.708],[124.643,39.63],[124.542,39.786],[124.368,39.867],[124.417,40.138],[125.047,40.537],[125.41,40.644],[125.714,40.861],[126.018,40.927],[126.51,41.371],[126.579,41.606],[126.707,41.732],[126.939,41.79],[127.143,41.54],[127.297,41.48],[128.123,41.38],[128.297,41.581],[128.114,41.801],[128.097,41.983],[128.918,42.025],[129.165,42.179],[129.332,42.432],[129.543,42.384],[129.727,42.47],[129.793,42.791],[129.928,42.999],[130.0,42.99],[130.0,41.986],[129.659,41.54],[129.79,41.359],[129.722,40.859]]]}},{"type":"Feature","properties":{"iso":"KW","name":"Kuwait"},"geometry":{"type":"Polygon","coordinates":[[[48.365,29.723],[48.238,29.596],[48.151,29.63],[48.161,29.541],[47.957,29.555],[47.732,29.381],[48.085,29.329],[48.172,29.002],[48.433,28.531],[47.708,28.522],[47.469,28.996],[46.553,29.101],[46.863,29.438],[47.178,30.018],[47.68,30.104],[48.056,29.981],[48.075,29.868],[48.097,29.952],[48.224,29.94],[48.365,29.723]]]}},{"type":"Feature","properties":{"iso":"NP","name":"Nepal"},"geometry":{"type":"Polygon","coordinates":[[[88.093,26.448],[88.013,26.378],[87.882,26.465],[87.322,26.369],[87.116,26.436],[87.059,26.58],[86.729,26.434],[86.325,26.617],[86.028,26.661],[85.869,26.583],[85.637,26.864],[85.241,26.758],[85.175,26.866],[84.669,27.04],[84.613,27.334],[84.309,27.387],[84.136,27.515],[83.851,27.438],[83.857,27.361],[83.412,27.475],[83.316,27.338],[83.183,27.449],[82.777,27.505],[82.697,27.713],[82.455,27.689],[82.049,27.921],[81.882,27.865],[81.442,28.156],[81.325,28.146],[81.221,28.347],[80.573,28.68],[80.504,28.567],[80.065,28.868],[80.153,29.102],[80.293,29.217],[80.25,29.428],[80.407,29.603],[80.379,29.747],[80.895,30.202],[81.037,30.203],[81.112,30.048],[81.209,30.019],[81.386,30.219],[81.43,30.407],[81.647,30.436],[82.089,30.338],[82.199,30.077],[82.55,29.95],[82.818,29.707],[83.229,29.584],[83.587,29.192],[83.921,29.32],[84.09,29.29],[84.184,29.226],[84.238,28.917],[84.443,28.748],[84.851,28.584],[85.15,28.647],[85.134,28.341],[85.606,28.281],[85.708,28.366],[86.008,27.918],[86.102,27.94],[86.092,28.068],[86.171,28.131],[86.231,27.996],[86.41,27.921],[86.574,28.085],[86.689,28.093],[87.184,27.826],[87.703,27.816],[87.847,27.935],[88.18,27.848],[88.005,27.128],[88.18,26.775],[88.093,26.448]]]}},{"type":"Feature","properties":{"iso":"IT","name":"Italy"},"geometry":{"type":"MultiPolygon","coordinates":[[[[12.293,46.789],[12.478,46.68],[12.691,46.657],[12.731,46.634],[13.14,46.593],[13.257,46.553],[13.504,46.566],[13.714,46.523],[13.684,46.437],[13.604,46.436],[13.452,46.357],[13.398,46.294],[13.436,46.232],[13.655,46.173],[13.631,46.131],[13.497,46.051],[13.5,46.021],[13.49,46.001],[13.529,45.973],[13.635,45.975],[13.584,45.863],[13.596,45.808],[13.797,45.738],[13.906,45.634],[13.837,45.587],[13.722,45.595],[13.77,45.616],[13.75,45.676],[13.58,45.787],[13.538,45.777],[13.5,45.713],[13.126,45.761],[13.077,45.712],[13.112,45.677],[13.099,45.645],[12.808,45.565],[12.598,45.486],[12.581,45.498],[12.62,45.533],[12.568,45.56],[12.404,45.534],[12.182,45.401],[12.133,45.3],[12.14,45.268],[12.2,45.257],[12.226,45.208],[12.294,45.217],[12.331,45.161],[12.281,45.093],[12.322,45.008],[12.422,45.01],[12.482,44.954],[12.457,44.884],[12.401,44.868],[12.399,44.793],[12.292,44.833],[12.25,44.754],[12.25,44.667],[12.27,44.63],[12.29,44.472],[12.384,44.225],[12.45,44.162],[12.751,43.97],[12.808,43.961],[13.394,43.633],[13.527,43.618],[13.618,43.546],[13.642,43.474],[13.743,43.294],[13.849,43.067],[13.916,42.895],[14.006,42.699],[14.147,42.531],[14.254,42.445],[14.384,42.375],[14.527,42.245],[14.702,42.174],[14.727,42.106],[14.78,42.07],[14.995,42.003],[15.092,41.938],[15.138,41.927],[15.411,41.903],[15.6,41.924],[15.701,41.916],[16.012,41.949],[16.09,41.938],[16.172,41.887],[16.186,41.783],[15.924,41.629],[15.899,41.588],[15.932,41.489],[16.025,41.426],[16.542,41.229],[17.08,41.067],[17.5,40.822],[18.013,40.638],[18.097,40.515],[18.24,40.443],[18.411,40.302],[18.512,40.13],[18.412,39.977],[18.374,39.805],[18.19,39.845],[18.057,39.925],[18.007,39.987],[17.999,40.117],[17.91,40.235],[17.857,40.28],[17.764,40.296],[17.519,40.298],[17.384,40.339],[17.243,40.4],[17.231,40.469],[17.112,40.518],[17.003,40.495],[16.867,40.398],[16.604,40.057],[16.619,39.953],[16.496,39.804],[16.53,39.668],[16.623,39.624],[16.771,39.617],[16.882,39.532],[17.025,39.484],[17.147,39.393],[17.11,39.277],[17.137,39.219],[17.115,39.116],[17.176,39.027],[17.153,38.943],[17.097,38.903],[16.891,38.927],[16.63,38.824],[16.555,38.741],[16.582,38.47],[16.497,38.361],[16.333,38.294],[16.183,38.149],[16.135,38.018],[16.071,37.934],[15.754,37.922],[15.646,38.004],[15.638,38.217],[15.805,38.294],[15.919,38.507],[15.917,38.554],[15.838,38.618],[15.852,38.655],[16.0,38.723],[16.133,38.721],[16.214,38.81],[16.211,38.92],[16.093,39.049],[16.068,39.129],[16.059,39.219],[15.999,39.43],[15.875,39.562],[15.816,39.689],[15.756,39.923],[15.645,40.043],[15.586,40.068],[15.365,40.007],[15.142,40.155],[14.946,40.229],[14.936,40.271],[14.985,40.401],[14.876,40.585],[14.778,40.665],[14.55,40.613],[14.469,40.62],[14.332,40.579],[14.348,40.624],[14.467,40.701],[14.456,40.74],[14.284,40.834],[14.185,40.804],[14.1,40.825],[14.058,40.794],[14.032,40.899],[13.761,41.223],[13.622,41.255],[13.546,41.218],[13.284,41.295],[13.062,41.229],[12.921,41.378],[12.616,41.457],[12.447,41.631],[12.238,41.742],[12.174,41.876],[12.089,41.938],[11.924,42.031],[11.836,42.039],[11.636,42.29],[11.45,42.378],[11.296,42.408],[11.184,42.377],[11.123,42.391],[11.111,42.434],[11.169,42.47],[11.157,42.55],[10.968,42.715],[10.788,42.79],[10.767,42.888],[10.706,42.942],[10.532,42.929],[10.498,42.949],[10.534,43.077],[10.532,43.196],[10.508,43.275],[10.322,43.492],[10.258,43.815],[10.143,43.975],[10.019,44.045],[9.955,44.044],[9.853,44.103],[9.828,44.093],[9.843,44.056],[9.82,44.057],[9.279,44.331],[9.186,44.311],[9.06,44.379],[8.759,44.423],[8.633,44.38],[8.473,44.302],[8.4,44.187],[8.266,44.131],[8.135,43.939],[7.956,43.851],[7.669,43.782],[7.53,43.784],[7.508,43.869],[7.714,44.062],[7.665,44.174],[7.373,44.122],[7.025,44.233],[6.887,44.361],[6.924,44.438],[6.863,44.529],[6.935,44.586],[6.949,44.655],[6.993,44.686],[7.064,44.686],[7.066,44.713],[7.028,44.745],[7.002,44.838],[6.866,44.853],[6.761,44.905],[6.739,45.005],[6.679,45.027],[6.63,45.11],[6.77,45.153],[6.87,45.134],[6.978,45.208],[7.114,45.241],[7.12,45.327],[7.175,45.397],[7.105,45.468],[7.008,45.509],[6.988,45.639],[6.841,45.698],[6.802,45.779],[6.828,45.829],[6.97,45.862],[7.045,45.922],[7.111,45.87],[7.187,45.867],[7.295,45.915],[7.397,45.904],[7.562,45.978],[7.864,45.917],[7.877,45.927],[7.904,45.986],[7.996,46.006],[8.037,46.093],[8.147,46.148],[8.155,46.195],[8.098,46.27],[8.275,46.356],[8.307,46.416],[8.385,46.452],[8.462,46.435],[8.437,46.296],[8.465,46.243],[8.618,46.124],[8.714,46.097],[8.745,46.112],[8.839,46.072],[8.795,45.998],[8.887,45.954],[8.935,45.872],[8.912,45.83],[9.04,45.841],[9.075,45.896],[9.009,45.952],[9.017,46.037],[9.159,46.17],[9.249,46.234],[9.292,46.33],[9.259,46.446],[9.302,46.497],[9.412,46.476],[9.456,46.496],[9.468,46.38],[9.538,46.315],[9.617,46.292],[9.955,46.379],[10.055,46.236],[10.142,46.235],[10.167,46.267],[10.114,46.347],[10.156,46.409],[10.046,46.46],[10.056,46.529],[10.106,46.602],[10.232,46.628],[10.306,46.552],[10.453,46.531],[10.479,46.612],[10.39,46.679],[10.47,46.855],[10.665,46.869],[10.812,46.782],[11.006,46.769],[11.164,46.966],[11.328,46.99],[11.411,46.971],[11.482,47.003],[11.546,46.989],[11.627,47.013],[11.751,46.976],[12.136,47.081],[12.241,47.069],[12.132,47.009],[12.156,46.916],[12.275,46.874],[12.293,46.789]],[[12.511,43.943],[12.505,43.987],[12.412,43.953],[12.418,43.899],[12.494,43.916],[12.511,43.943]],[[12.471,41.929],[12.443,41.922],[12.408,41.894],[12.422,41.886],[12.486,41.891],[12.471,41.929]]],[[[15.219,37.756],[15.17,37.58],[15.092,37.488],[15.091,37.358],[15.117,37.309],[15.229,37.269],[15.193,37.191],[15.227,37.13],[15.293,37.095],[15.283,37.055],[15.318,37.019],[15.17,36.925],[15.111,36.841],[15.123,36.677],[15.081,36.659],[15.0,36.703],[14.876,36.728],[14.713,36.72],[14.496,36.791],[14.338,37.002],[14.194,37.082],[14.036,37.106],[13.9,37.1],[13.748,37.155],[13.555,37.28],[13.452,37.297],[13.285,37.385],[13.165,37.489],[13.027,37.502],[12.896,37.577],[12.69,37.564],[12.641,37.589],[12.597,37.644],[12.481,37.699],[12.437,37.794],[12.511,38.019],[12.717,38.12],[12.748,38.176],[12.869,38.04],[12.977,38.04],[13.065,38.088],[13.064,38.144],[13.104,38.183],[13.204,38.176],[13.313,38.216],[13.357,38.187],[13.388,38.112],[13.529,38.104],[13.567,38.041],[13.728,37.976],[13.998,38.036],[14.183,38.019],[14.506,38.043],[14.632,38.078],[14.751,38.156],[14.876,38.177],[15.104,38.138],[15.235,38.205],[15.503,38.281],[15.594,38.266],[15.49,38.077],[15.219,37.756]]],[[[9.77,40.407],[9.657,40.302],[9.627,40.225],[9.647,40.158],[9.725,40.071],[9.692,39.967],[9.651,39.549],[9.584,39.268],[9.568,39.159],[9.522,39.124],[9.429,39.132],[9.239,39.223],[9.07,39.195],[9.015,39.129],[9.037,39.052],[9.013,38.995],[8.86,38.885],[8.726,38.929],[8.633,38.896],[8.612,38.958],[8.526,39.054],[8.48,39.056],[8.423,38.966],[8.365,39.033],[8.366,39.085],[8.458,39.093],[8.389,39.205],[8.418,39.281],[8.393,39.447],[8.459,39.583],[8.458,39.722],[8.502,39.713],[8.546,39.872],[8.503,39.904],[8.428,39.886],[8.398,39.929],[8.414,40.03],[8.484,40.092],[8.461,40.167],[8.476,40.281],[8.393,40.343],[8.4,40.408],[8.295,40.583],[8.151,40.6],[8.195,40.675],[8.146,40.734],[8.215,40.874],[8.192,40.951],[8.223,40.957],[8.312,40.85],[8.468,40.822],[8.803,40.931],[9.004,41.11],[9.12,41.15],[9.176,41.229],[9.229,41.241],[9.439,41.134],[9.539,41.126],[9.541,41.046],[9.593,40.995],[9.587,40.931],[9.667,40.862],[9.745,40.66],[9.817,40.509],[9.77,40.407]]],[[[10.434,42.72],[10.38,42.717],[10.357,42.759],[10.293,42.754],[10.286,42.737],[10.239,42.748],[10.236,42.727],[10.137,42.733],[10.104,42.784],[10.123,42.803],[10.186,42.811],[10.243,42.788],[10.27,42.825],[10.332,42.817],[10.356,42.799],[10.412,42.872],[10.442,42.847],[10.428,42.816],[10.434,42.778],[10.406,42.763],[10.434,42.72]]],[[[11.925,36.816],[11.953,36.839],[12.013,36.825],[12.051,36.799],[12.049,36.75],[11.993,36.737],[11.927,36.802],[11.925,36.816]]],[[[12.47,45.477],[12.488,45.5],[12.548,45.509],[12.554,45.47],[12.431,45.424],[12.41,45.457],[12.47,45.477]]],[[[8.249,39.134],[8.22,39.146],[8.226,39.162],[8.31,39.188],[8.31,39.113],[8.278,39.094],[8.247,39.111],[8.249,39.134]]],[[[13.862,40.758],[13.954,40.742],[13.966,40.713],[13.923,40.697],[13.851,40.711],[13.862,40.758]]],[[[14.903,38.516],[14.961,38.526],[14.965,38.448],[14.895,38.479],[14.903,38.516]]],[[[9.384,41.209],[9.37,41.23],[9.401,41.257],[9.461,41.223],[9.493,41.219],[9.466,41.189],[9.435,41.216],[9.384,41.209]]],[[[8.272,41.097],[8.318,41.112],[8.351,41.089],[8.339,41.06],[8.289,41.062],[8.272,41.097]]],[[[15.485,42.133],[15.503,42.13],[15.521,42.167],[15.549,42.135],[15.467,42.086],[15.451,42.104],[15.485,42.133]]],[[[14.805,38.584],[14.874,38.582],[14.873,38.536],[14.794,38.561],[14.805,38.584]]],[[[10.88,42.391],[10.905,42.384],[10.933,42.335],[10.921,42.315],[10.875,42.36],[10.88,42.391]]],[[[9.827,43.076],[9.851,43.045],[9.81,43.001],[9.789,43.022],[9.827,43.076]]],[[[12.855,35.888],[12.89,35.881],[12.895,35.857],[12.852,35.841],[12.828,35.871],[12.855,35.888]]],[[[13.185,38.732],[13.219,38.715],[13.172,38.68],[13.136,38.694],[13.185,38.732]]],[[[12.566,35.516],[12.604,35.531],[12.64,35.521],[12.638,35.49],[12.603,35.491],[12.566,35.516]]],[[[14.948,38.419],[14.998,38.398],[15.01,38.372],[14.976,38.367],[14.935,38.404],[14.948,38.419]]],[[[9.879,43.451],[9.93,43.448],[9.906,43.401],[9.866,43.418],[9.879,43.451]]],[[[14.547,38.597],[14.599,38.576],[14.552,38.545],[14.521,38.582],[14.547,38.597]]],[[[14.343,38.569],[14.385,38.561],[14.37,38.516],[14.319,38.543],[14.343,38.569]]],[[[10.294,42.358],[10.335,42.347],[10.341,42.321],[10.292,42.309],[10.279,42.334],[10.294,42.358]]],[[[12.019,37.995],[12.066,38.0],[12.08,37.944],[12.042,37.954],[12.019,37.995]]],[[[12.337,38.037],[12.369,37.988],[12.325,37.975],[12.306,38.002],[12.337,38.037]]],[[[12.309,37.961],[12.327,37.915],[12.282,37.91],[12.261,37.938],[12.309,37.961]]],[[[8.228,41.031],[8.273,40.999],[8.252,40.979],[8.201,40.987],[8.228,41.031]]],[[[12.348,45.454],[12.401,45.445],[12.379,45.406],[12.323,45.436],[12.348,45.454]]],[[[14.186,40.568],[14.24,40.567],[14.251,40.544],[14.185,40.527],[14.186,40.568]]],[[[10.086,42.613],[10.116,42.586],[10.094,42.554],[10.049,42.577],[10.086,42.613]]],[[[9.333,41.27],[9.382,41.242],[9.333,41.21],[9.315,41.236],[9.333,41.27]]],[[[15.222,38.819],[15.253,38.807],[15.217,38.765],[15.177,38.79],[15.222,38.819]]],[[[12.34,37.934],[12.387,37.927],[12.354,37.892],[12.329,37.916],[12.34,37.934]]]]}},{"type":"Feature","properties":{"iso":"LC","name":"Saint Lucia"},"geometry":{"type":"Polygon","coordinates":[[[-60.951,13.717],[-61.078,13.807],[-60.944,14.11],[-60.884,14.053],[-60.951,13.717]]]}},{"type":"Feature","properties":{"iso":"LI","name":"Liechtenstein"},"geometry":{"type":"Polygon","coordinates":[[[9.511,47.105],[9.493,47.184],[9.531,47.271],[9.621,47.152],[9.607,47.061],[9.476,47.052],[9.511,47.105]]]}},{"type":"Feature","properties":{"iso":"MR","name":"Mauritania"},"geometry":{"type":"Polygon","coordinates":[[[-5.51,15.518],[-9.296,15.497],[-9.333,15.681],[-9.435,15.596],[-9.427,15.436],[-10.096,15.361],[-10.711,15.431],[-10.901,15.116],[-11.459,15.644],[-11.706,15.527],[-11.831,15.177],[-11.82,14.89],[-12.066,14.727],[-12.239,14.759],[-12.864,15.229],[-12.965,15.488],[-13.229,15.633],[-13.396,16.058],[-13.513,16.133],[-13.849,16.132],[-14.364,16.633],[-14.978,16.674],[-15.705,16.483],[-16.155,16.542],[-16.284,16.491],[-16.415,16.219],[-16.44,16.382],[-16.509,16.057],[-16.443,16.589],[-16.093,17.506],[-16.062,18.452],[-16.189,18.914],[-16.486,19.327],[-16.328,19.49],[-16.409,19.494],[-16.429,19.685],[-16.392,19.806],[-16.278,19.784],[-16.226,20.207],[-16.484,20.672],[-16.563,20.606],[-16.652,20.677],[-16.919,21.134],[-17.051,20.772],[-16.945,21.304],[-13.01,21.338],[-13.111,22.882],[-12.589,23.28],[-12.002,23.482],[-11.998,25.99],[-8.688,26.001],[-8.667,27.313],[-4.833,24.998],[-6.558,24.987],[-5.606,16.531],[-5.334,16.316],[-5.51,15.518]]]}},{"type":"Feature","properties":{"iso":"KR","name":"South Korea"},"geometry":{"type":"MultiPolygon","coordinates":[[[[129.463,36.758],[129.4,36.037],[129.57,36.008],[129.346,35.361],[129.062,35.061],[128.602,35.159],[128.586,35.085],[128.481,35.08],[128.446,34.896],[128.694,34.993],[128.727,34.811],[128.621,34.718],[128.566,34.822],[128.471,34.846],[128.387,34.776],[128.325,34.92],[128.134,34.906],[128.009,35.012],[127.911,34.944],[127.944,34.828],[128.054,34.867],[128.021,34.719],[127.857,34.75],[127.833,34.939],[127.602,34.9],[127.758,34.835],[127.743,34.584],[127.686,34.718],[127.583,34.658],[127.49,34.846],[127.38,34.774],[127.483,34.597],[127.32,34.459],[127.142,34.549],[127.317,34.698],[127.248,34.749],[127.0,34.615],[126.889,34.37],[126.773,34.384],[126.76,34.527],[126.675,34.408],[126.726,34.299],[126.52,34.318],[126.489,34.547],[126.358,34.546],[126.284,34.393],[126.12,34.401],[126.276,34.576],[126.294,34.728],[126.401,34.607],[126.544,34.654],[126.32,34.851],[126.393,34.852],[126.399,34.944],[126.317,34.897],[126.313,34.947],[126.436,35.075],[126.329,35.24],[126.581,35.555],[126.489,35.644],[126.758,35.787],[126.742,35.885],[126.62,35.915],[126.667,36.012],[126.538,36.163],[126.495,36.665],[126.324,36.696],[126.383,36.417],[126.264,36.685],[126.139,36.78],[126.221,36.888],[126.342,36.832],[126.385,36.99],[126.482,36.907],[126.541,37.022],[126.763,36.962],[126.84,36.854],[126.942,36.916],[126.777,37.033],[126.789,37.155],[126.674,37.156],[126.803,37.281],[126.623,37.448],[126.644,37.568],[126.404,37.603],[126.31,37.728],[126.409,37.807],[126.672,37.772],[126.685,37.947],[127.127,38.301],[128.056,38.309],[128.278,38.434],[128.361,38.615],[128.63,38.125],[129.037,37.678],[129.414,37.053],[129.463,36.758]]],[[[126.513,33.514],[126.767,33.564],[126.914,33.5],[126.835,33.304],[126.273,33.192],[126.166,33.333],[126.513,33.514]]]]}},{"type":"Feature","properties":{"iso":"LA","name":"Laos"},"geometry":{"type":"Polygon","coordinates":[[[102.989,21.557],[102.821,21.268],[103.126,20.887],[103.761,20.778],[104.088,20.966],[104.198,20.949],[104.544,20.669],[104.584,20.538],[104.461,20.477],[104.479,20.402],[104.749,20.383],[104.772,20.288],[104.681,20.224],[104.978,20.099],[104.78,19.88],[104.831,19.805],[104.634,19.631],[104.046,19.686],[104.111,19.502],[103.89,19.31],[104.185,19.193],[104.729,18.811],[105.154,18.67],[105.112,18.441],[105.346,18.181],[105.49,18.183],[105.756,17.68],[106.086,17.363],[106.299,17.283],[106.424,17.017],[106.544,16.973],[106.576,16.631],[106.69,16.449],[106.756,16.425],[106.857,16.537],[106.897,16.403],[107.133,16.275],[107.175,16.161],[107.446,16.12],[107.425,15.928],[107.224,15.77],[107.386,15.513],[107.691,15.321],[107.589,15.255],[107.582,15.042],[107.477,15.004],[107.579,14.878],[107.516,14.795],[107.556,14.687],[107.438,14.538],[107.303,14.581],[107.222,14.447],[106.827,14.309],[106.522,14.584],[106.406,14.458],[106.262,14.473],[106.198,14.369],[106.006,14.348],[106.175,14.061],[106.088,13.921],[105.91,13.935],[105.765,14.09],[105.37,14.11],[105.27,14.195],[105.2,14.343],[105.418,14.41],[105.534,14.558],[105.614,14.973],[105.482,15.18],[105.586,15.289],[105.474,15.354],[105.59,15.433],[105.625,15.676],[105.399,15.8],[105.347,15.922],[105.404,16.012],[105.052,16.107],[104.748,16.525],[104.796,17.388],[104.276,17.871],[103.98,18.326],[103.862,18.295],[103.397,18.445],[103.269,18.396],[103.278,18.304],[103.164,18.243],[103.044,17.99],[102.849,17.966],[102.676,17.813],[102.596,17.846],[102.59,17.956],[102.102,18.211],[101.901,18.036],[101.78,18.054],[101.722,17.926],[101.153,17.477],[100.976,17.583],[101.004,17.81],[101.177,18.064],[101.18,18.321],[101.063,18.447],[101.244,18.656],[101.252,18.886],[101.348,19.034],[101.202,19.381],[101.278,19.569],[100.894,19.624],[100.777,19.499],[100.503,19.536],[100.414,19.759],[100.571,20.16],[100.478,20.179],[100.328,20.394],[100.155,20.25],[100.085,20.353],[100.267,20.758],[100.631,20.866],[100.521,20.914],[100.728,21.291],[100.999,21.39],[101.143,21.564],[101.275,21.197],[101.535,21.248],[101.831,21.165],[101.732,21.36],[101.826,21.621],[101.762,21.837],[101.612,21.981],[101.558,22.244],[101.759,22.492],[101.865,22.4],[102.032,22.453],[102.627,21.871],[102.947,21.763],[102.989,21.557]]]}},{"type":"Feature","properties":{"iso":"JP","name":"Japan"},"geometry":{"type":"MultiPolygon","coordinates":[[[[129.48,33.275],[129.583,33.373],[129.765,33.372],[129.879,33.502],[130.0,33.492],[130.0,32.73],[129.827,32.643],[129.662,32.923],[129.701,33.127],[129.48,33.275]]],[[[127.864,26.332],[127.763,26.198],[127.831,26.16],[127.659,26.087],[127.639,26.194],[127.755,26.289],[127.717,26.432],[127.973,26.549],[127.885,26.7],[128.059,26.634],[128.264,26.87],[128.324,26.743],[127.841,26.43],[127.919,26.291],[127.864,26.332]]],[[[129.395,34.298],[129.282,34.129],[129.173,34.106],[129.207,34.326],[129.295,34.326],[129.326,34.639],[129.496,34.661],[129.376,34.448],[129.395,34.298]]],[[[129.717,28.46],[129.359,28.133],[129.191,28.236],[129.558,28.454],[129.645,28.424],[129.684,28.516],[129.717,28.46]]]]}},{"type":"Feature","properties":{"iso":"KG","name":"Kyrgyzstan"},"geometry":{"type":"Polygon","coordinates":[[[75.71,42.803],[75.872,42.949],[76.357,42.869],[76.908,42.982],[78.062,42.847],[78.491,42.899],[79.165,42.777],[79.51,42.464],[79.937,42.429],[80.126,42.214],[80.246,42.221],[80.266,42.06],[79.883,42.034],[79.669,41.793],[79.418,41.839],[78.404,41.409],[78.39,41.286],[78.062,41.042],[76.874,41.02],[76.646,40.762],[76.514,40.462],[76.346,40.372],[76.29,40.452],[75.712,40.287],[75.658,40.381],[75.713,40.473],[75.581,40.652],[75.212,40.446],[74.836,40.513],[74.876,40.332],[74.711,40.339],[74.355,40.095],[73.968,40.025],[73.839,39.784],[73.929,39.594],[73.842,39.472],[73.461,39.46],[73.175,39.358],[72.486,39.364],[72.239,39.186],[72.035,39.349],[71.797,39.291],[71.78,39.43],[71.58,39.46],[71.504,39.6],[70.881,39.391],[70.521,39.606],[70.293,39.54],[69.345,39.559],[69.315,39.886],[69.366,39.99],[69.508,39.93],[69.562,40.096],[70.042,40.227],[70.528,40.039],[70.508,39.936],[70.948,40.166],[70.993,40.271],[71.24,40.329],[71.581,40.196],[71.653,40.247],[71.741,40.157],[71.966,40.244],[72.11,40.454],[72.215,40.496],[72.417,40.424],[72.388,40.611],[72.63,40.528],[73.123,40.83],[72.664,40.862],[72.364,41.058],[72.195,41.015],[72.177,41.154],[71.889,41.18],[71.921,41.313],[71.789,41.449],[71.714,41.418],[71.711,41.548],[71.634,41.504],[71.61,41.328],[71.461,41.291],[71.433,41.132],[71.291,41.116],[71.245,41.182],[70.797,41.187],[70.702,41.461],[70.5,41.402],[70.19,41.528],[70.673,41.899],[70.843,41.938],[70.868,42.038],[71.25,42.175],[70.885,42.32],[70.974,42.47],[71.071,42.485],[71.035,42.575],[71.288,42.771],[71.839,42.827],[73.471,42.418],[73.425,42.607],[73.578,43.029],[74.264,43.233],[74.554,43.151],[74.742,43.002],[75.217,42.841],[75.71,42.803]],[[71.056,39.895],[71.18,39.876],[71.22,39.957],[70.996,40.169],[71.095,39.971],[71.056,39.895]],[[70.648,39.797],[70.717,39.903],[70.506,39.895],[70.504,39.884],[70.648,39.797]],[[71.819,39.989],[71.688,39.94],[71.775,39.902],[71.819,39.989]]]}},{"type":"Feature","properties":{"iso":"ID","name":"Indonesia"},"geometry":{"type":"MultiPolygon","coordinates":[[[[117.586,4.178],[117.474,4.082],[117.793,3.747],[117.575,3.634],[117.436,3.45],[117.615,3.398],[117.63,3.318],[117.379,3.2],[117.587,3.078],[118.044,2.327],[117.852,2.035],[117.863,1.921],[118.95,0.987],[118.79,0.835],[118.432,0.822],[117.98,0.981],[117.987,0.829],[117.74,0.705],[117.543,0.323],[117.493,0.0],[109.167,0.0],[109.082,0.242],[108.927,0.34],[108.859,0.794],[108.961,0.955],[108.923,1.153],[109.055,1.514],[109.249,1.678],[109.338,1.932],[109.643,2.076],[109.553,1.883],[109.667,1.775],[109.675,1.617],[110.284,1.013],[110.572,0.864],[111.201,1.071],[111.543,0.971],[111.829,1.002],[112.124,1.154],[112.226,1.44],[112.514,1.567],[112.99,1.559],[113.05,1.427],[113.654,1.246],[113.993,1.441],[114.407,1.504],[114.562,1.454],[114.729,1.822],[114.864,1.941],[114.786,2.209],[115.213,2.504],[115.108,2.647],[115.157,2.896],[115.514,3.087],[115.632,3.461],[115.59,3.92],[115.696,4.159],[115.886,4.36],[116.067,4.305],[116.348,4.376],[116.453,4.316],[116.574,4.379],[117.228,4.353],[117.586,4.178]]],[[[98.218,4.407],[98.268,4.132],[99.781,3.126],[100.028,2.722],[100.243,2.627],[100.542,2.2],[100.721,2.126],[100.827,2.248],[101.069,2.232],[101.277,2.036],[101.435,1.727],[101.414,2.019],[101.699,2.095],[101.787,1.962],[101.738,1.77],[101.489,1.698],[101.792,1.62],[102.075,1.408],[102.236,1.037],[102.383,0.887],[102.263,1.081],[102.227,1.405],[102.048,1.583],[102.452,1.496],[102.485,1.127],[102.628,1.047],[102.889,1.113],[103.13,0.902],[103.006,0.72],[102.687,0.74],[102.949,0.629],[103.02,0.367],[103.173,0.449],[103.227,0.643],[103.659,0.313],[103.758,0.032],[99.67,0.0],[99.235,0.233],[98.792,1.42],[98.766,1.703],[98.407,2.0],[97.756,2.324],[97.582,2.831],[96.921,3.607],[96.445,3.827],[95.56,4.648],[95.262,5.218],[95.304,5.564],[95.636,5.597],[96.094,5.311],[96.394,5.228],[96.858,5.255],[97.579,5.153],[98.218,4.407]]],[[[123.279,0.323],[123.048,0.504],[121.818,0.432],[121.545,0.53],[121.05,0.418],[120.562,0.526],[120.339,0.43],[120.083,0.0],[119.856,0.0],[119.804,0.201],[119.877,0.249],[119.89,0.438],[120.033,0.537],[120.06,0.702],[120.21,0.796],[120.257,0.933],[120.571,0.799],[120.795,1.057],[120.868,1.324],[121.433,1.274],[121.58,1.066],[122.47,1.005],[122.841,0.842],[123.006,0.949],[123.868,0.839],[124.57,1.211],[124.556,1.356],[124.795,1.469],[124.982,1.723],[125.138,1.672],[125.235,1.426],[125.103,1.388],[124.971,1.082],[124.66,0.802],[124.493,0.499],[123.623,0.285],[123.279,0.323]]],[[[128.443,1.534],[128.675,1.563],[128.73,1.358],[128.678,1.096],[128.238,0.783],[128.349,0.653],[128.635,0.555],[128.71,0.341],[127.956,0.452],[127.888,0.344],[127.898,0.0],[127.69,0.0],[127.699,0.297],[127.547,0.572],[127.591,0.821],[127.414,1.206],[127.536,1.709],[127.971,2.175],[128.012,2.12],[127.873,1.881],[128.009,1.662],[128.008,1.375],[127.673,1.0],[127.769,0.832],[128.154,1.17],[128.197,1.376],[128.443,1.534]]],[[[97.812,0.566],[97.704,0.579],[97.615,0.807],[97.402,0.945],[97.304,1.172],[97.037,1.41],[97.27,1.418],[97.35,1.526],[97.524,1.418],[97.923,0.981],[97.883,0.629],[97.812,0.566]]],[[[128.288,2.035],[128.197,2.291],[128.456,2.594],[128.577,2.636],[128.689,2.423],[128.567,2.107],[128.288,2.035]]],[[[96.338,2.347],[96.072,2.563],[95.795,2.635],[95.707,2.792],[95.788,2.907],[95.88,2.895],[96.502,2.421],[96.478,2.354],[96.338,2.347]]],[[[108.05,3.852],[107.99,4.006],[108.217,4.231],[108.402,3.857],[108.294,3.67],[108.102,3.679],[108.193,3.788],[108.05,3.852]]],[[[104.458,0.875],[104.465,1.038],[104.252,0.98],[104.23,1.065],[104.382,1.189],[104.581,1.211],[104.695,0.872],[104.59,0.762],[104.458,0.875]]],[[[104.267,0.702],[104.056,0.973],[103.933,0.92],[103.837,1.039],[104.109,1.185],[104.093,0.965],[104.255,0.861],[104.267,0.702]]],[[[126.691,4.36],[126.753,4.543],[126.86,4.476],[126.91,4.29],[126.755,3.997],[126.682,4.053],[126.791,4.219],[126.691,4.36]]],[[[125.416,3.737],[125.506,3.73],[125.675,3.443],[125.58,3.379],[125.416,3.737]]],[[[103.45,0.94],[103.546,0.773],[103.484,0.626],[103.393,0.675],[103.361,0.827],[103.45,0.94]]]]}},{"type":"Feature","properties":{"iso":"IE","name":"Ireland"},"geometry":{"type":"MultiPolygon","coordinates":[[[[-7.415,54.949],[-7.448,54.935],[-7.452,54.865],[-7.56,54.752],[-7.743,54.71],[-7.838,54.729],[-7.9,54.679],[-7.848,54.64],[-7.703,54.608],[-7.86,54.536],[-7.999,54.54],[-8.149,54.456],[-8.063,54.376],[-7.872,54.277],[-7.828,54.21],[-7.703,54.201],[-7.554,54.134],[-7.36,54.124],[-7.269,54.152],[-7.217,54.21],[-7.151,54.233],[-7.198,54.299],[-7.189,54.338],[-7.018,54.416],[-6.864,54.33],[-6.799,54.215],[-6.644,54.18],[-6.657,54.071],[-6.595,54.045],[-6.268,54.102],[-6.115,54.007],[-6.17,53.983],[-6.326,54.006],[-6.348,53.983],[-6.35,53.902],[-6.248,53.839],[-6.215,53.633],[-6.106,53.574],[-6.085,53.527],[-6.137,53.458],[-6.134,53.394],[-6.207,53.339],[-6.107,53.278],[-6.103,53.211],[-6.045,53.116],[-6.042,53.001],[-6.01,52.954],[-6.131,52.805],[-6.145,52.738],[-6.216,52.644],[-6.223,52.531],[-6.372,52.36],[-6.434,52.335],[-6.336,52.239],[-6.369,52.187],[-6.564,52.18],[-6.794,52.235],[-6.873,52.171],[-6.957,52.229],[-6.988,52.162],[-7.064,52.137],[-7.361,52.137],[-7.59,52.095],[-7.614,52.079],[-7.587,52.031],[-7.611,51.991],[-7.728,51.95],[-7.842,51.954],[-8.021,51.846],[-8.263,51.81],[-8.41,51.71],[-8.697,51.607],[-9.298,51.497],[-9.652,51.52],[-9.598,51.675],[-9.969,51.637],[-9.992,51.678],[-9.947,51.778],[-10.133,51.789],[-10.331,51.861],[-10.301,51.93],[-10.049,52.038],[-10.017,52.082],[-10.354,52.126],[-10.387,52.158],[-10.369,52.194],[-10.192,52.262],[-9.907,52.266],[-9.797,52.463],[-9.597,52.555],[-9.365,52.572],[-9.659,52.663],[-9.452,52.835],[-9.387,52.997],[-9.31,53.079],[-9.017,53.143],[-8.983,53.195],[-9.051,53.251],[-9.688,53.249],[-9.731,53.322],[-9.84,53.327],[-9.906,53.387],[-10.077,53.424],[-10.11,53.532],[-9.931,53.622],[-9.864,53.743],[-9.719,53.791],[-9.687,53.831],[-9.779,53.885],[-9.963,53.886],[-10.152,53.979],[-10.139,54.005],[-10.057,54.014],[-9.932,53.97],[-9.894,53.991],[-9.895,54.053],[-9.946,54.1],[-9.959,54.152],[-9.979,54.177],[-10.075,54.162],[-10.032,54.265],[-9.898,54.261],[-9.762,54.331],[-9.356,54.313],[-9.225,54.267],[-9.132,54.162],[-9.001,54.285],[-8.611,54.258],[-8.575,54.293],[-8.608,54.372],[-8.293,54.497],[-8.226,54.555],[-8.222,54.617],[-8.578,54.62],[-8.732,54.705],[-8.424,54.857],[-8.425,54.997],[-8.265,55.137],[-7.998,55.202],[-7.876,55.188],[-7.675,55.255],[-7.568,55.151],[-7.54,55.064],[-7.502,55.109],[-7.514,55.237],[-7.34,55.352],[-7.007,55.243],[-7.256,55.067],[-7.343,55.05],[-7.397,55.012],[-7.415,54.949]]],[[[-9.573,53.066],[-9.624,53.072],[-9.601,53.106],[-9.548,53.09],[-9.491,53.056],[-9.521,53.035],[-9.564,53.043],[-9.573,53.066]]],[[[-8.538,55.022],[-8.495,55.002],[-8.494,54.97],[-8.568,54.976],[-8.538,55.022]]],[[[-9.709,53.146],[-9.647,53.133],[-9.651,53.099],[-9.733,53.125],[-9.709,53.146]]],[[[-9.971,53.836],[-9.94,53.804],[-9.985,53.784],[-10.018,53.802],[-9.971,53.836]]],[[[-10.145,51.632],[-10.112,51.625],[-10.108,51.588],[-10.14,51.577],[-10.162,51.604],[-10.145,51.632]]],[[[-6.07,53.398],[-6.03,53.378],[-6.079,53.352],[-6.116,53.385],[-6.07,53.398]]],[[[-10.215,53.645],[-10.163,53.636],[-10.187,53.597],[-10.227,53.601],[-10.215,53.645]]],[[[-10.142,53.727],[-10.091,53.719],[-10.086,53.69],[-10.137,53.681],[-10.142,53.727]]],[[[-9.807,53.16],[-9.74,53.151],[-9.754,53.112],[-9.821,53.149],[-9.807,53.16]]]]}},{"type":"Feature","properties":{"iso":"IL","name":"Israel"},"geometry":{"type":"Polygon","coordinates":[[[35.643,32.701],[35.672,32.691],[35.576,32.642],[35.555,32.389],[35.442,32.423],[35.36,32.506],[35.256,32.532],[35.08,32.443],[34.973,32.16],[35.006,31.906],[34.981,31.841],[35.084,31.833],[35.203,31.8],[35.22,31.77],[35.0,31.642],[34.886,31.385],[34.938,31.349],[35.164,31.362],[35.249,31.387],[35.397,31.487],[35.476,31.491],[35.412,31.218],[35.451,31.099],[35.424,31.0],[35.417,31.0],[35.412,30.958],[35.205,30.578],[35.155,30.102],[34.905,29.493],[34.35,31.0],[34.362,31.0],[34.269,31.221],[34.36,31.296],[34.388,31.395],[34.553,31.527],[34.491,31.596],[34.71,31.965],[34.78,32.117],[34.955,32.809],[35.061,32.855],[35.103,33.094],[35.302,33.101],[35.36,33.063],[35.416,33.066],[35.512,33.107],[35.563,33.275],[35.669,33.228],[35.621,32.906],[35.657,32.778],[35.643,32.701]]]}},{"type":"Feature","properties":{"iso":"IM","name":"Isle of Man"},"geometry":{"type":"Polygon","coordinates":[[[-4.767,54.074],[-4.711,54.21],[-4.505,54.381],[-4.374,54.41],[-4.377,54.335],[-4.33,54.287],[-4.387,54.21],[-4.497,54.132],[-4.62,54.075],[-4.767,54.074]]]}},{"type":"Feature","properties":{"iso":"IN","name":"India"},"geometry":{"type":"MultiPolygon","coordinates":[[[[78.395,32.703],[78.296,32.457],[78.399,32.521],[78.498,32.298],[78.459,32.15],[78.769,31.938],[78.702,31.776],[78.834,31.606],[78.734,31.494],[78.772,31.333],[79.014,31.05],[79.239,30.956],[79.422,31.064],[79.581,30.949],[79.868,30.968],[80.218,30.583],[81.013,30.258],[81.037,30.203],[80.895,30.202],[80.379,29.747],[80.407,29.603],[80.25,29.428],[80.293,29.217],[80.153,29.102],[80.08,28.834],[80.504,28.567],[80.573,28.68],[81.221,28.347],[81.325,28.146],[81.442,28.156],[81.882,27.865],[82.049,27.921],[82.455,27.689],[82.697,27.713],[82.777,27.505],[83.183,27.449],[83.316,27.338],[83.412,27.475],[83.857,27.361],[83.851,27.438],[84.136,27.515],[84.309,27.387],[84.613,27.334],[84.669,27.04],[85.175,26.866],[85.241,26.758],[85.637,26.864],[85.869,26.583],[86.028,26.661],[86.325,26.617],[86.729,26.434],[87.059,26.58],[87.116,26.436],[87.322,26.369],[87.882,26.465],[88.013,26.378],[88.18,26.775],[88.005,27.128],[88.184,27.791],[88.151,27.952],[88.63,28.102],[88.776,28.057],[88.881,27.865],[88.779,27.567],[88.923,27.273],[88.774,27.121],[89.139,26.817],[89.368,26.854],[89.636,26.728],[90.152,26.762],[90.388,26.901],[90.69,26.775],[91.338,26.784],[91.462,26.872],[91.699,26.801],[92.621,26.951],[93.132,26.889],[93.559,26.943],[93.835,27.061],[93.888,27.216],[94.258,27.565],[94.889,27.752],[95.259,27.933],[95.425,28.155],[95.821,28.29],[95.994,28.21],[96.243,28.226],[97.025,27.816],[97.058,27.744],[96.908,27.62],[96.908,27.481],[97.138,27.165],[97.062,27.105],[96.908,27.169],[96.724,27.358],[96.285,27.28],[96.087,27.214],[95.422,26.701],[95.161,26.611],[95.074,26.326],[95.161,26.049],[95.033,25.914],[95.013,25.719],[94.634,25.375],[94.592,25.218],[94.72,25.123],[94.73,25.015],[94.156,23.872],[93.732,23.994],[93.504,23.964],[93.342,24.058],[93.427,23.675],[93.375,23.182],[93.298,23.021],[93.139,23.017],[93.105,22.688],[93.192,22.3],[92.903,21.97],[92.707,22.139],[92.607,21.971],[92.282,23.687],[92.161,23.727],[92.051,23.645],[91.949,23.706],[91.96,23.48],[91.776,23.263],[91.811,23.086],[91.607,22.957],[91.447,23.243],[91.392,23.248],[91.396,23.057],[91.35,23.089],[91.157,23.63],[91.236,23.896],[91.399,24.101],[91.613,24.091],[91.758,24.224],[91.902,24.154],[91.937,24.334],[92.12,24.403],[92.276,24.831],[92.477,24.913],[92.381,25.035],[92.058,25.182],[91.654,25.127],[91.243,25.199],[90.384,25.163],[89.853,25.318],[89.854,25.934],[89.68,26.198],[89.568,25.992],[89.349,26.024],[89.173,26.154],[89.06,26.401],[88.928,26.408],[89.022,26.252],[88.84,26.257],[88.384,26.574],[88.359,26.49],[88.498,26.376],[88.193,26.136],[88.12,25.827],[88.289,25.779],[88.558,25.518],[88.795,25.511],[88.973,25.281],[88.903,25.196],[88.478,25.192],[88.388,24.961],[88.177,24.929],[88.057,24.68],[88.18,24.495],[88.709,24.282],[88.747,23.976],[88.611,23.837],[88.587,23.674],[88.776,23.473],[88.738,23.279],[88.961,23.199],[88.883,22.997],[89.08,22.155],[89.048,21.947],[88.91,21.99],[89.063,21.635],[88.871,21.711],[88.73,21.595],[88.728,21.978],[88.631,21.988],[88.527,21.577],[88.575,21.788],[88.508,21.901],[88.436,21.642],[88.272,21.597],[88.184,21.784],[88.144,21.639],[88.054,21.645],[88.131,21.869],[88.189,21.817],[88.162,22.173],[88.095,21.967],[87.79,21.708],[87.165,21.524],[86.974,21.396],[86.835,21.165],[86.98,20.708],[86.767,20.486],[86.744,20.327],[86.408,20.011],[85.428,19.622],[84.927,19.263],[84.116,18.319],[83.598,18.021],[83.182,17.583],[82.361,17.087],[82.262,16.905],[82.234,16.545],[81.752,16.335],[81.337,16.326],[80.947,15.743],[80.648,15.868],[80.275,15.661],[80.059,15.06],[80.182,14.569],[80.147,14.092],[80.337,13.277],[80.173,12.536],[79.888,12.051],[79.774,11.655],[79.862,10.337],[79.311,10.25],[78.933,9.561],[79.061,9.288],[78.285,9.011],[78.051,8.389],[77.496,8.097],[77.031,8.347],[76.541,8.942],[75.741,11.319],[75.152,12.12],[74.824,12.865],[74.65,13.708],[74.37,14.463],[73.961,15.053],[73.846,15.441],[73.467,16.062],[72.971,18.199],[73.046,18.232],[72.929,18.376],[72.876,18.667],[72.894,18.769],[72.988,18.799],[72.983,19.022],[72.817,18.985],[72.819,19.511],[72.678,19.796],[72.883,20.576],[72.811,20.937],[72.633,21.162],[72.685,21.653],[72.567,21.701],[72.606,21.877],[72.519,21.966],[72.588,22.181],[72.791,22.237],[72.539,22.33],[72.114,21.993],[72.245,21.876],[72.29,21.637],[72.079,21.199],[71.401,20.863],[70.827,20.702],[70.264,20.972],[70.052,21.155],[68.955,22.324],[69.027,22.435],[69.17,22.392],[69.231,22.267],[69.799,22.406],[69.974,22.581],[70.173,22.567],[70.726,23.156],[71.258,23.197],[71.321,23.326],[71.267,23.542],[71.08,23.623],[71.026,23.784],[71.25,24.043],[71.1,24.233],[70.899,24.261],[71.083,24.404],[70.994,24.532],[71.068,24.708],[70.678,25.395],[70.646,25.689],[70.307,25.705],[70.121,25.913],[70.166,26.531],[69.519,26.753],[69.578,27.154],[70.384,28.006],[70.57,28.007],[70.751,27.741],[70.862,27.712],[71.883,27.97],[72.365,28.736],[72.954,29.057],[73.264,29.541],[73.406,29.932],[73.933,30.172],[73.901,30.4],[74.56,31.043],[74.663,31.055],[74.542,31.164],[74.628,31.46],[74.555,31.813],[74.914,32.043],[75.252,32.107],[75.363,32.229],[75.334,32.327],[75.479,32.335],[75.51,32.27],[75.826,32.498],[75.94,32.731],[75.854,32.88],[76.006,32.889],[76.494,33.169],[76.81,33.147],[77.03,32.952],[77.463,32.831],[77.76,32.974],[78.0,32.628],[78.395,32.703]]],[[[69.748,24.041],[69.948,23.895],[69.918,23.627],[70.072,23.5],[70.224,23.485],[70.617,23.756],[70.592,23.935],[70.897,23.867],[70.876,23.76],[71.137,23.472],[70.732,23.215],[70.305,23.181],[70.2,22.976],[69.684,22.751],[69.18,22.852],[68.633,23.19],[68.671,23.302],[68.497,23.556],[68.699,23.809],[68.987,23.787],[69.291,23.87],[69.708,23.788],[69.687,24.005],[69.386,24.012],[68.958,24.259],[69.571,24.279],[69.726,24.183],[70.083,24.226],[70.007,24.076],[69.748,24.041]]],[[[92.882,12.954],[92.964,12.514],[92.731,11.956],[92.783,11.864],[92.704,11.501],[92.557,11.557],[92.62,11.624],[92.523,11.864],[92.656,12.189],[92.743,12.237],[92.704,12.793],[92.79,12.888],[92.813,13.444],[93.011,13.564],[93.073,13.335],[92.994,13.326],[93.023,13.07],[92.882,12.954]]],[[[93.927,6.987],[93.824,6.764],[93.661,7.12],[93.837,7.229],[93.927,6.987]]],[[[92.519,10.896],[92.597,10.697],[92.499,10.514],[92.385,10.543],[92.377,10.776],[92.519,10.896]]]]}},{"type":"Feature","properties":{"iso":"IQ","name":"Iraq"},"geometry":{"type":"Polygon","coordinates":[[[44.212,37.279],[44.249,37.251],[44.261,37.202],[44.205,37.085],[44.253,36.998],[44.303,36.978],[44.36,37.038],[44.614,37.176],[44.793,37.176],[44.776,37.095],[44.896,36.986],[44.902,36.892],[44.858,36.797],[45.036,36.716],[45.065,36.647],[45.025,36.528],[45.092,36.433],[45.213,36.419],[45.257,36.383],[45.382,35.991],[45.566,35.977],[45.781,35.821],[46.07,35.856],[46.311,35.797],[46.251,35.729],[46.059,35.694],[46.017,35.658],[46.007,35.488],[46.126,35.318],[46.172,35.193],[46.167,35.13],[46.063,35.061],[45.917,35.051],[45.861,34.922],[45.685,34.769],[45.717,34.565],[45.556,34.571],[45.471,34.461],[45.478,34.39],[45.552,34.317],[45.577,34.227],[45.563,34.158],[45.481,34.066],[45.446,33.968],[45.522,33.919],[45.748,33.644],[45.915,33.601],[45.929,33.514],[46.019,33.472],[46.151,33.295],[46.164,33.178],[46.087,33.111],[46.132,33.056],[46.137,32.984],[46.455,32.923],[46.713,32.784],[47.0,32.574],[47.0,32.566],[47.108,32.495],[47.432,32.412],[47.844,31.795],[47.693,31.395],[47.702,31.028],[48.014,30.97],[48.039,30.499],[48.372,30.229],[48.506,29.932],[47.68,30.104],[47.178,30.018],[46.863,29.438],[46.553,29.101],[46.426,29.061],[44.714,29.206],[42.239,31.0],[42.116,31.089],[41.432,31.379],[40.411,31.946],[39.201,32.154],[39.288,32.224],[39.288,32.265],[39.246,32.348],[39.063,32.312],[39.037,32.328],[38.994,32.467],[39.071,32.521],[38.793,33.375],[41.015,34.428],[41.231,34.782],[41.228,35.217],[41.286,35.484],[41.391,35.64],[41.378,35.835],[41.263,36.057],[41.297,36.351],[41.416,36.519],[41.827,36.596],[41.936,36.67],[42.368,37.055],[42.356,37.108],[42.567,37.16],[42.713,37.332],[42.784,37.371],[42.956,37.33],[43.173,37.364],[43.421,37.279],[43.615,37.232],[43.86,37.228],[44.029,37.314],[44.212,37.279]]]}},{"type":"Feature","properties":{"iso":"IS","name":"Iceland"},"geometry":{"type":"MultiPolygon","coordinates":[[[[-14.979,66.205],[-15.072,66.106],[-14.978,66.044],[-14.758,66.035],[-14.684,66.003],[-14.67,65.929],[-14.771,65.823],[-14.778,65.77],[-14.408,65.764],[-14.225,65.664],[-13.702,65.517],[-13.667,65.432],[-13.72,65.314],[-13.605,65.128],[-13.559,65.097],[-13.682,65.007],[-13.836,65.004],[-13.808,64.93],[-13.824,64.854],[-14.087,64.714],[-14.34,64.713],[-14.37,64.657],[-14.521,64.569],[-14.51,64.497],[-14.546,64.441],[-14.724,64.398],[-14.966,64.268],[-15.378,64.268],[-15.937,64.134],[-16.681,63.805],[-17.599,63.726],[-17.741,63.679],[-17.955,63.536],[-18.165,63.47],[-18.7,63.402],[-19.119,63.407],[-19.778,63.523],[-20.172,63.543],[-20.688,63.736],[-21.197,63.869],[-21.608,63.828],[-21.796,63.859],[-22.007,63.836],[-22.345,63.851],[-22.702,63.807],[-22.727,63.88],[-22.698,63.933],[-22.734,63.983],[-22.679,64.078],[-22.581,64.042],[-22.525,63.988],[-22.444,63.973],[-22.024,64.054],[-21.967,64.14],[-21.817,64.186],[-21.86,64.251],[-21.746,64.33],[-21.602,64.369],[-21.373,64.38],[-21.642,64.388],[-21.978,64.33],[-21.983,64.425],[-21.939,64.517],[-22.228,64.51],[-22.334,64.594],[-22.371,64.745],[-22.472,64.79],[-23.298,64.819],[-23.793,64.74],[-23.908,64.77],[-23.986,64.842],[-23.85,64.911],[-23.636,64.904],[-23.383,64.954],[-23.253,64.95],[-23.166,64.983],[-23.073,64.958],[-22.758,65.049],[-22.63,65.027],[-22.438,65.067],[-21.883,65.038],[-21.757,65.152],[-21.813,65.185],[-22.083,65.128],[-22.143,65.128],[-22.457,65.197],[-22.409,65.25],[-22.17,65.349],[-21.995,65.434],[-22.064,65.48],[-22.278,65.471],[-22.509,65.566],[-22.7,65.579],[-22.79,65.556],[-22.899,65.581],[-23.29,65.495],[-23.842,65.425],[-24.317,65.559],[-24.249,65.609],[-24.01,65.597],[-23.999,65.652],[-24.043,65.737],[-24.013,65.764],[-23.702,65.71],[-23.54,65.65],[-23.474,65.659],[-23.444,65.747],[-23.663,65.791],[-23.791,65.873],[-23.677,65.924],[-23.699,66.026],[-23.472,66.159],[-23.199,66.137],[-22.873,66.003],[-22.685,66.003],[-22.578,65.931],[-22.437,65.908],[-22.428,65.971],[-22.502,66.054],[-22.868,66.194],[-22.799,66.244],[-22.653,66.261],[-22.652,66.298],[-22.74,66.329],[-22.984,66.32],[-23.05,66.361],[-23.033,66.412],[-22.958,66.441],[-22.479,66.436],[-22.17,66.284],[-21.914,66.224],[-21.678,66.083],[-21.406,65.978],[-21.335,65.872],[-21.373,65.79],[-21.603,65.725],[-21.629,65.692],[-21.579,65.649],[-21.356,65.565],[-21.125,65.284],[-21.068,65.387],[-20.975,65.418],[-20.944,65.511],[-20.858,65.6],[-20.713,65.654],[-20.547,65.617],[-20.336,65.668],[-20.303,65.764],[-20.394,66.001],[-20.319,66.089],[-20.195,66.11],[-20.102,66.093],[-19.643,65.78],[-19.51,65.754],[-19.402,65.816],[-19.439,65.951],[-19.378,66.039],[-18.979,66.16],[-18.795,66.163],[-18.62,66.103],[-18.475,65.979],[-18.251,65.865],[-18.121,65.756],[-18.108,65.852],[-18.265,66.037],[-18.281,66.091],[-18.254,66.129],[-17.963,66.134],[-17.657,66.016],[-17.49,66.006],[-17.164,66.179],[-17.04,66.184],[-16.841,66.143],[-16.549,66.205],[-16.47,66.287],[-16.479,66.476],[-16.089,66.515],[-15.783,66.403],[-15.666,66.251],[-15.461,66.189],[-14.937,66.322],[-14.979,66.205]]],[[[-20.302,63.447],[-20.236,63.446],[-20.232,63.428],[-20.28,63.408],[-20.307,63.434],[-20.302,63.447]]],[[[-14.606,66.386],[-14.585,66.354],[-14.65,66.342],[-14.669,66.361],[-14.606,66.386]]],[[[-18.397,66.025],[-18.343,65.993],[-18.38,65.97],[-18.415,65.991],[-18.397,66.025]]],[[[-18.031,66.582],[-17.97,66.541],[-17.991,66.521],[-18.044,66.552],[-18.031,66.582]]]]}},{"type":"Feature","properties":{"iso":"JE","name":"Jersey"},"geometry":{"type":"Polygon","coordinates":[[[-2.092,49.253],[-2.026,49.221],[-2.034,49.167],[-2.079,49.164],[-2.148,49.197],[-2.171,49.18],[-2.22,49.176],[-2.223,49.207],[-2.253,49.252],[-2.183,49.248],[-2.159,49.261],[-2.092,49.253]]]}},{"type":"Feature","properties":{"iso":"JM","name":"Jamaica"},"geometry":{"type":"Polygon","coordinates":[[[-76.934,18.414],[-76.781,18.275],[-76.337,18.15],[-76.187,17.914],[-76.53,17.853],[-76.832,17.982],[-76.95,17.841],[-77.121,17.896],[-77.178,17.711],[-77.409,17.863],[-77.738,17.858],[-78.075,18.212],[-78.238,18.197],[-78.34,18.294],[-78.212,18.453],[-77.822,18.524],[-76.934,18.414]]]}},{"type":"Feature","properties":{"iso":"JO","name":"Jordan"},"geometry":{"type":"Polygon","coordinates":[[[38.998,32.0],[37.003,31.501],[37.5,31.0],[37.498,31.0],[37.986,30.506],[37.67,30.329],[37.495,30.006],[36.758,29.864],[36.494,29.498],[36.068,29.19],[34.957,29.357],[35.205,30.578],[35.404,31.0],[35.424,31.0],[35.451,31.099],[35.412,31.218],[35.476,31.491],[35.494,31.63],[35.553,31.769],[35.524,32.037],[35.569,32.2],[35.555,32.389],[35.576,32.642],[35.785,32.751],[35.927,32.723],[36.029,32.65],[36.1,32.523],[36.219,32.518],[36.421,32.383],[36.831,32.322],[38.793,33.375],[39.071,32.521],[38.994,32.467],[39.037,32.328],[39.063,32.312],[39.246,32.348],[39.288,32.265],[39.288,32.224],[39.173,32.136],[39.13,32.135],[39.104,32.082],[38.998,32.0]]]}},{"type":"Feature","properties":{"iso":"IR","name":"Iran"},"geometry":{"type":"MultiPolygon","coordinates":[[[[45.16,39.216],[45.34,39.162],[45.469,38.989],[45.895,38.884],[46.075,38.878],[46.141,38.845],[46.349,38.91],[46.546,38.878],[46.845,39.131],[47.0,39.165],[47.0,39.189],[47.399,39.462],[47.988,39.698],[48.353,39.391],[48.144,39.276],[48.329,39.028],[48.037,38.909],[48.042,38.826],[48.322,38.608],[48.449,38.6],[48.625,38.41],[48.888,38.441],[48.931,37.992],[49.14,37.627],[49.459,37.492],[50.152,37.39],[50.414,37.084],[51.125,36.729],[51.981,36.586],[53.491,36.881],[53.945,36.81],[54.004,37.002],[53.907,37.34],[54.241,37.319],[54.682,37.446],[54.797,37.53],[54.848,37.747],[55.121,37.941],[55.763,38.124],[56.323,38.082],[56.338,38.193],[56.472,38.264],[57.048,38.188],[57.223,38.272],[57.474,37.925],[58.13,37.794],[58.408,37.64],[58.833,37.681],[59.349,37.529],[59.408,37.313],[59.562,37.138],[60.041,37.019],[60.387,36.629],[61.152,36.627],[61.222,36.15],[61.141,35.962],[61.257,35.837],[61.273,35.523],[61.099,35.255],[61.135,35.089],[60.994,34.641],[60.753,34.519],[60.89,34.316],[60.683,34.298],[60.485,34.082],[60.644,33.56],[60.934,33.512],[60.591,33.121],[60.877,32.211],[60.817,31.85],[60.859,31.498],[61.698,31.374],[61.835,31.043],[61.793,30.829],[60.873,29.858],[61.358,29.357],[61.425,29.141],[61.815,28.635],[62.407,28.422],[62.593,28.262],[62.78,28.271],[62.854,27.493],[62.795,27.243],[63.183,27.237],[63.308,27.151],[63.158,26.651],[62.447,26.568],[62.314,26.52],[62.276,26.366],[62.143,26.381],[61.857,26.232],[61.777,25.826],[61.692,25.781],[61.61,25.195],[61.362,25.081],[60.645,25.287],[60.531,25.435],[60.403,25.32],[59.214,25.503],[59.049,25.419],[58.558,25.617],[58.11,25.572],[57.943,25.689],[57.335,25.793],[57.075,26.399],[56.943,27.0],[56.743,27.141],[56.139,27.15],[55.634,26.97],[55.492,26.778],[55.258,26.778],[54.767,26.507],[54.4,26.61],[54.282,26.72],[53.709,26.722],[53.437,26.976],[52.699,27.294],[52.613,27.369],[52.657,27.447],[52.445,27.631],[52.039,27.83],[51.682,27.836],[51.412,27.945],[51.111,28.483],[51.02,28.816],[50.837,28.904],[50.917,28.971],[50.871,29.093],[50.677,29.144],[50.649,29.423],[50.172,29.918],[50.075,30.181],[49.945,30.2],[49.568,30.015],[49.469,30.141],[49.272,30.151],[48.924,30.382],[48.907,30.037],[48.484,29.979],[48.372,30.229],[48.039,30.499],[48.014,30.97],[47.702,31.028],[47.693,31.395],[47.844,31.795],[47.432,32.412],[47.108,32.495],[47.0,32.566],[47.0,32.574],[46.713,32.784],[46.455,32.923],[46.137,32.984],[46.132,33.056],[46.087,33.111],[46.164,33.178],[46.151,33.295],[46.019,33.472],[45.929,33.514],[45.915,33.601],[45.748,33.644],[45.522,33.919],[45.446,33.968],[45.481,34.066],[45.563,34.158],[45.577,34.227],[45.552,34.317],[45.478,34.39],[45.471,34.461],[45.556,34.571],[45.717,34.565],[45.685,34.769],[45.861,34.922],[45.917,35.051],[46.063,35.061],[46.167,35.13],[46.172,35.193],[46.126,35.318],[46.007,35.488],[46.017,35.658],[46.059,35.694],[46.251,35.729],[46.311,35.797],[46.07,35.856],[45.781,35.821],[45.566,35.977],[45.382,35.991],[45.257,36.383],[45.213,36.419],[45.092,36.433],[45.025,36.528],[45.065,36.647],[45.036,36.716],[44.858,36.797],[44.902,36.892],[44.896,36.986],[44.776,37.095],[44.818,37.297],[44.803,37.32],[44.65,37.427],[44.589,37.444],[44.585,37.614],[44.599,37.69],[44.617,37.719],[44.576,37.767],[44.231,37.911],[44.475,38.338],[44.435,38.388],[44.309,38.405],[44.316,38.604],[44.269,38.723],[44.295,38.826],[44.213,38.896],[44.175,38.976],[44.21,39.133],[44.05,39.363],[44.087,39.41],[44.31,39.392],[44.41,39.426],[44.502,39.717],[44.609,39.778],[44.736,39.702],[44.812,39.632],[44.896,39.593],[44.977,39.424],[45.064,39.369],[45.139,39.276],[45.16,39.216]]],[[[55.266,26.577],[55.256,26.656],[55.639,26.77],[55.698,26.932],[55.762,26.802],[55.754,26.953],[55.869,26.899],[56.259,26.971],[55.947,26.7],[55.852,26.742],[55.266,26.577]]]]}},{"type":"Feature","properties":{"iso":"KE","name":"Kenya"},"geometry":{"type":"Polygon","coordinates":[[[39.872,3.866],[40.767,4.278],[41.196,3.943],[41.91,3.982],[41.001,2.781],[40.996,0.0],[33.945,0.0],[33.922,0.096],[34.161,0.569],[34.529,1.085],[34.807,1.262],[34.794,1.421],[34.962,1.627],[35.024,1.894],[34.925,2.498],[34.453,3.225],[34.444,3.653],[34.12,3.887],[33.994,4.214],[34.378,4.62],[35.948,4.62],[36.063,4.456],[36.832,4.447],[38.126,3.615],[38.534,3.644],[39.54,3.408],[39.872,3.866]]]}},{"type":"Feature","properties":{"iso":"OM","name":"Oman"},"geometry":{"type":"MultiPolygon","coordinates":[[[[57.145,23.957],[58.304,23.61],[58.572,23.624],[58.756,23.505],[59.281,22.777],[59.517,22.561],[59.778,22.518],[59.805,22.233],[59.342,21.443],[58.854,21.063],[58.471,20.394],[58.242,20.394],[58.248,20.568],[58.169,20.592],[57.848,20.217],[57.693,19.698],[57.789,18.983],[57.213,18.903],[56.833,18.764],[56.645,18.558],[56.533,18.13],[56.339,17.939],[55.452,17.817],[55.245,17.542],[55.246,17.241],[55.023,17.019],[54.8,16.955],[54.567,17.025],[54.102,16.993],[53.609,16.769],[53.107,16.654],[52.0,19.0],[54.987,19.998],[55.661,21.993],[55.208,22.708],[55.238,23.114],[55.569,23.635],[55.498,23.948],[56.01,24.079],[55.948,24.214],[55.77,24.251],[55.833,24.348],[55.769,24.546],[55.824,24.921],[56.007,24.989],[56.052,24.932],[55.993,24.871],[56.112,24.744],[56.374,24.98],[56.603,24.508],[57.145,23.957]]],[[[56.448,26.073],[56.214,25.614],[56.146,25.818],[56.183,25.989],[56.085,26.051],[56.193,26.236],[56.293,26.218],[56.354,26.368],[56.447,26.333],[56.464,26.135],[56.332,26.209],[56.448,26.073]]],[[[58.631,20.342],[58.906,20.691],[58.958,20.512],[58.822,20.417],[58.779,20.275],[58.635,20.166],[58.631,20.342]]]]}},{"type":"Feature","properties":{"iso":"LB","name":"Lebanon"},"geometry":{"type":"Polygon","coordinates":[[[35.416,33.066],[35.36,33.063],[35.302,33.101],[35.103,33.094],[35.197,33.196],[35.278,33.44],[35.397,33.613],[35.489,33.895],[35.57,33.913],[35.629,33.995],[35.632,34.173],[35.664,34.289],[35.806,34.409],[35.822,34.455],[35.974,34.522],[35.976,34.633],[36.332,34.65],[36.398,34.619],[36.452,34.629],[36.456,34.592],[36.403,34.58],[36.381,34.516],[36.53,34.419],[36.596,34.2],[36.502,34.066],[36.41,34.028],[36.322,33.948],[36.329,33.843],[36.162,33.84],[36.056,33.79],[35.965,33.662],[36.027,33.595],[36.024,33.556],[35.624,33.242],[35.563,33.275],[35.512,33.107],[35.416,33.066]]]}},{"type":"Feature","properties":{"iso":"LT","name":"Lithuania"},"geometry":{"type":"Polygon","coordinates":[[[25.322,56.149],[25.672,56.14],[25.708,56.083],[25.821,56.052],[25.869,56.002],[26.046,55.944],[26.385,55.711],[26.63,55.681],[26.621,55.583],[26.539,55.504],[26.54,55.408],[26.506,55.354],[26.79,55.298],[26.644,55.159],[26.273,55.117],[26.196,55.002],[25.883,54.927],[25.781,54.848],[25.744,54.783],[25.748,54.583],[25.65,54.492],[25.57,54.343],[25.724,54.281],[25.774,54.163],[25.645,54.135],[25.55,54.157],[25.557,54.251],[25.476,54.299],[25.231,54.25],[25.063,54.14],[24.953,54.166],[24.836,54.149],[24.793,54.109],[24.819,54.015],[24.711,53.965],[24.692,54.006],[24.621,54.005],[24.422,53.904],[24.34,53.903],[24.192,53.963],[24.007,53.928],[23.917,53.962],[23.821,53.944],[23.792,53.906],[23.515,53.957],[23.492,53.993],[23.521,54.069],[23.475,54.158],[23.321,54.253],[23.069,54.308],[22.982,54.385],[22.848,54.402],[22.792,54.363],[22.704,54.474],[22.696,54.588],[22.747,54.64],[22.753,54.729],[22.849,54.776],[22.875,54.818],[22.832,54.902],[22.634,54.984],[22.589,55.07],[22.466,55.048],[22.192,55.057],[22.082,55.029],[22.025,55.077],[21.87,55.094],[21.651,55.18],[21.494,55.195],[21.383,55.286],[21.274,55.246],[21.229,55.475],[21.171,55.57],[21.003,55.274],[20.956,55.282],[21.036,55.387],[21.097,55.611],[21.064,56.069],[21.2,56.085],[21.245,56.162],[21.525,56.303],[21.688,56.312],[21.978,56.385],[22.011,56.414],[22.123,56.429],[22.636,56.368],[22.856,56.368],[22.921,56.399],[22.988,56.405],[23.029,56.338],[23.096,56.312],[23.195,56.367],[23.316,56.381],[23.542,56.337],[23.745,56.369],[23.781,56.338],[24.007,56.327],[24.152,56.253],[24.301,56.297],[24.433,56.265],[24.569,56.292],[24.638,56.37],[24.892,56.442],[25.095,56.192],[25.236,56.185],[25.322,56.149]]]}},{"type":"Feature","properties":{"iso":"LU","name":"Luxembourg"},"geometry":{"type":"Polygon","coordinates":[[[6.327,49.845],[6.475,49.821],[6.511,49.783],[6.501,49.719],[6.433,49.662],[6.38,49.551],[6.367,49.47],[6.216,49.508],[6.102,49.46],[6.0,49.456],[5.893,49.497],[5.818,49.546],[5.861,49.574],[5.899,49.657],[5.871,49.715],[5.759,49.802],[5.746,49.854],[5.776,49.948],[5.869,50.047],[5.901,50.108],[6.025,50.183],[6.138,50.13],[6.128,50.047],[6.253,49.891],[6.327,49.845]]]}},{"type":"Feature","properties":{"iso":"LV","name":"Latvia"},"geometry":{"type":"Polygon","coordinates":[[[25.277,58.062],[25.302,58.072],[25.686,57.912],[25.755,57.916],[25.9,57.849],[26.027,57.848],[26.049,57.831],[26.037,57.773],[26.189,57.717],[26.276,57.602],[26.46,57.571],[26.524,57.522],[26.914,57.627],[27.102,57.567],[27.259,57.55],[27.352,57.518],[27.545,57.534],[27.561,57.506],[27.533,57.426],[27.844,57.309],[27.867,57.269],[27.819,57.156],[27.753,57.113],[27.723,57.02],[27.757,56.973],[27.684,56.901],[27.667,56.846],[27.843,56.872],[27.9,56.831],[27.965,56.825],[27.913,56.747],[28.002,56.675],[28.046,56.598],[28.127,56.571],[28.108,56.511],[28.184,56.443],[28.175,56.376],[28.23,56.291],[28.155,56.17],[27.979,56.116],[27.801,55.99],[27.66,55.93],[27.603,55.79],[27.259,55.792],[27.127,55.846],[26.983,55.816],[26.867,55.718],[26.782,55.685],[26.673,55.705],[26.63,55.681],[26.385,55.711],[26.046,55.944],[25.869,56.002],[25.821,56.052],[25.708,56.083],[25.672,56.14],[25.322,56.149],[25.236,56.185],[25.095,56.192],[24.892,56.442],[24.638,56.37],[24.569,56.292],[24.433,56.265],[24.301,56.297],[24.152,56.253],[24.007,56.327],[23.781,56.338],[23.745,56.369],[23.542,56.337],[23.316,56.381],[23.195,56.367],[23.096,56.312],[23.029,56.338],[22.988,56.405],[22.921,56.399],[22.856,56.368],[22.636,56.368],[22.123,56.429],[22.011,56.414],[21.978,56.385],[21.688,56.312],[21.525,56.303],[21.245,56.162],[21.2,56.085],[21.064,56.069],[20.987,56.222],[20.991,56.525],[21.053,56.686],[21.061,56.831],[21.231,56.912],[21.397,57.037],[21.419,57.274],[21.688,57.556],[22.052,57.617],[22.572,57.753],[22.586,57.654],[22.645,57.582],[22.963,57.408],[23.115,57.363],[23.147,57.316],[23.251,57.106],[23.315,57.062],[23.484,57.029],[23.619,56.967],[23.935,57.006],[24.119,57.086],[24.343,57.2],[24.406,57.267],[24.365,57.553],[24.379,57.623],[24.346,57.71],[24.353,57.877],[24.434,57.873],[24.526,57.945],[24.697,57.952],[24.78,57.986],[24.834,57.973],[25.046,58.04],[25.114,58.075],[25.196,58.074],[25.281,57.996],[25.3,58.018],[25.277,58.062]]]}},{"type":"Feature","properties":{"iso":"LY","name":"Libya"},"geometry":{"type":"Polygon","coordinates":[[[20.2,32.266],[20.56,32.532],[21.035,32.746],[21.42,32.799],[21.72,32.928],[21.916,32.903],[22.154,32.916],[23.056,32.633],[23.133,32.472],[23.109,32.339],[23.282,32.208],[23.776,32.16],[24.15,32.008],[24.527,31.988],[24.728,32.013],[24.934,31.973],[25.024,31.922],[25.044,31.833],[25.147,31.65],[25.107,31.638],[25.05,31.536],[24.872,31.409],[24.888,31.129],[24.933,31.0],[24.963,31.0],[25.013,30.772],[24.705,30.16],[24.999,29.233],[24.994,20.007],[24.013,19.994],[24.0,19.5],[16.017,23.429],[14.191,22.652],[13.422,23.207],[11.999,23.513],[11.608,24.25],[11.421,24.207],[10.998,24.47],[10.716,24.561],[10.433,24.481],[10.264,24.6],[10.212,24.748],[10.055,24.854],[10.016,25.346],[9.409,26.19],[9.53,26.381],[9.865,26.532],[9.913,26.646],[9.785,27.29],[9.957,27.884],[9.841,28.29],[9.901,28.8],[9.78,29.428],[9.403,30.167],[9.911,30.367],[10.22,30.727],[10.303,30.91],[10.277,31.0],[10.292,31.0],[10.281,31.09],[10.141,31.476],[10.293,31.686],[10.359,31.724],[10.542,31.765],[10.625,31.865],[10.658,31.962],[10.784,32.01],[10.961,32.169],[11.435,32.354],[11.534,32.428],[11.575,32.53],[11.501,32.691],[11.497,32.864],[11.564,33.165],[11.652,33.097],[11.877,33.059],[12.329,32.829],[12.752,32.794],[12.965,32.826],[13.205,32.909],[13.37,32.896],[13.59,32.798],[13.804,32.798],[14.217,32.699],[14.501,32.509],[14.747,32.443],[15.193,32.379],[15.269,32.315],[15.351,32.164],[15.358,31.982],[15.478,31.696],[15.645,31.47],[15.996,31.29],[16.384,31.22],[16.725,31.214],[16.984,31.166],[17.375,31.076],[17.603,31.0],[17.567,31.0],[17.828,30.926],[18.958,30.286],[19.152,30.267],[19.638,30.432],[20.035,30.824],[20.115,31.0],[20.131,31.0],[20.17,31.12],[20.156,31.218],[20.029,31.402],[19.969,31.58],[19.924,31.776],[19.964,31.971],[20.2,32.266]]]}},{"type":"Feature","properties":{"iso":"MA","name":"Morocco"},"geometry":{"type":"Polygon","coordinates":[[[-5.319,35.684],[-5.274,35.685],[-5.283,35.664],[-5.24,35.55],[-5.174,35.532],[-5.152,35.504],[-5.106,35.476],[-5.062,35.408],[-5.017,35.403],[-4.926,35.317],[-4.868,35.301],[-4.818,35.258],[-4.753,35.226],[-4.68,35.205],[-4.65,35.213],[-4.613,35.189],[-4.494,35.176],[-4.444,35.158],[-4.356,35.148],[-4.287,35.181],[-4.139,35.199],[-4.042,35.235],[-3.981,35.236],[-3.929,35.261],[-3.916,35.255],[-3.925,35.244],[-3.907,35.214],[-3.854,35.198],[-3.818,35.2],[-3.772,35.222],[-3.751,35.273],[-3.707,35.288],[-3.678,35.285],[-3.662,35.267],[-3.568,35.22],[-3.489,35.2],[-3.452,35.205],[-3.425,35.192],[-3.335,35.186],[-3.304,35.204],[-3.188,35.23],[-3.068,35.3],[-2.978,35.427],[-2.958,35.411],[-2.97,35.289],[-2.951,35.27],[-2.928,35.273],[-2.905,35.166],[-2.814,35.106],[-2.568,35.084],[-2.41,35.14],[-2.21,35.085],[-2.091,34.97],[-1.988,34.924],[-1.77,34.752],[-1.827,34.628],[-1.714,34.5],[-1.764,34.385],[-1.65,34.098],[-1.693,33.882],[-1.679,33.779],[-1.724,33.709],[-1.618,33.62],[-1.598,33.56],[-1.655,33.374],[-1.654,33.274],[-1.479,33.059],[-1.518,32.934],[-1.396,32.767],[-1.021,32.515],[-1.077,32.448],[-1.193,32.391],[-1.236,32.321],[-1.269,32.185],[-1.196,32.156],[-1.186,32.106],[-1.297,32.081],[-2.015,32.168],[-2.878,32.112],[-2.917,32.03],[-2.842,31.868],[-2.849,31.802],[-3.656,31.614],[-3.673,31.403],[-3.75,31.329],[-3.774,31.226],[-3.755,31.14],[-3.692,31.149],[-3.544,31.021],[-3.547,31.0],[-3.551,31.0],[-3.647,30.706],[-4.312,30.526],[-4.947,30.13],[-5.274,29.899],[-5.555,29.508],[-5.804,29.606],[-6.794,29.469],[-7.143,29.513],[-7.612,29.355],[-8.644,28.712],[-8.667,27.662],[-13.173,27.667],[-12.91,27.951],[-12.102,28.083],[-11.505,28.312],[-11.061,28.748],[-10.61,28.968],[-10.23,29.301],[-9.648,30.155],[-9.61,30.406],[-9.882,30.646],[-9.813,30.815],[-9.818,31.0],[-9.827,31.0],[-9.838,31.127],[-9.801,31.311],[-9.831,31.399],[-9.689,31.607],[-9.666,31.702],[-9.353,32.027],[-9.259,32.187],[-9.251,32.298],[-9.282,32.365],[-9.237,32.469],[-9.271,32.548],[-8.789,32.946],[-8.545,33.242],[-8.429,33.261],[-8.29,33.366],[-7.78,33.541],[-7.658,33.606],[-7.529,33.627],[-7.403,33.712],[-7.016,33.888],[-6.8,34.076],[-6.511,34.493],[-6.321,34.83],[-6.264,34.836],[-6.29,34.896],[-6.02,35.499],[-5.926,35.784],[-5.875,35.8],[-5.779,35.784],[-5.715,35.828],[-5.589,35.835],[-5.473,35.906],[-5.382,35.913],[-5.343,35.871],[-5.353,35.848],[-5.328,35.697],[-5.319,35.684]]]}},{"type":"Feature","properties":{"iso":"MC","name":"Monaco"},"geometry":{"type":"Polygon","coordinates":[[[7.413,43.735],[7.437,43.752],[7.416,43.726],[7.413,43.735]]]}},{"type":"Feature","properties":{"iso":"MM","name":"Myanmar/Burma"},"geometry":{"type":"MultiPolygon","coordinates":[[[[98.692,27.537],[98.77,26.595],[98.713,26.16],[98.596,26.09],[98.688,25.864],[98.515,25.808],[98.358,25.589],[98.185,25.595],[98.078,25.336],[97.806,25.198],[97.728,25.038],[97.764,24.86],[97.562,24.708],[97.551,24.472],[97.675,24.414],[97.743,24.23],[97.566,23.934],[97.675,23.877],[98.126,24.091],[98.864,24.122],[98.69,23.86],[98.859,23.646],[98.906,23.201],[99.136,23.1],[99.451,23.094],[99.542,22.956],[99.346,22.743],[99.365,22.515],[99.189,22.149],[99.949,22.049],[99.979,21.745],[100.146,21.673],[100.126,21.539],[100.225,21.485],[100.412,21.527],[100.606,21.467],[101.102,21.757],[101.156,21.639],[101.135,21.506],[100.999,21.39],[100.728,21.291],[100.521,20.914],[100.631,20.866],[100.267,20.758],[100.085,20.353],[99.934,20.447],[99.753,20.337],[99.506,20.361],[99.518,20.151],[99.1,20.092],[98.946,19.774],[98.314,19.687],[98.058,19.783],[97.808,19.398],[97.829,19.126],[97.698,18.935],[97.751,18.605],[97.385,18.516],[97.484,18.309],[97.617,18.288],[97.79,17.697],[98.481,16.965],[98.492,16.713],[98.679,16.315],[98.841,16.398],[98.912,16.357],[98.838,16.138],[98.586,16.025],[98.562,15.385],[98.273,15.268],[98.2,15.086],[98.267,14.82],[98.59,14.354],[98.945,14.091],[99.108,13.855],[99.204,13.253],[99.124,13.071],[99.24,12.749],[99.414,12.58],[99.476,12.189],[99.643,11.806],[99.216,11.112],[98.795,10.688],[98.808,10.514],[98.552,10.02],[98.477,10.694],[98.691,10.963],[98.79,11.697],[98.649,11.719],[98.597,11.848],[98.481,11.874],[98.449,12.011],[98.69,11.999],[98.557,12.348],[98.664,12.709],[98.365,13.576],[98.232,13.738],[98.146,13.633],[98.093,13.752],[98.076,14.158],[97.83,14.78],[97.721,15.771],[97.59,16.037],[97.619,16.341],[97.546,16.261],[97.468,16.359],[97.56,16.503],[97.371,16.545],[97.153,17.09],[96.888,17.369],[96.887,16.993],[96.735,16.669],[96.515,16.523],[96.287,16.553],[96.282,16.412],[95.784,16.152],[95.429,15.741],[95.313,15.745],[95.272,15.881],[95.146,15.82],[95.094,16.039],[94.937,15.771],[94.78,15.813],[94.779,15.916],[94.42,15.921],[94.524,16.167],[94.244,16.007],[94.269,16.461],[94.564,17.383],[94.364,18.36],[94.063,18.883],[94.032,19.14],[93.887,18.899],[93.689,19.03],[93.522,19.299],[93.561,19.398],[93.754,19.26],[93.873,19.275],[93.667,19.455],[93.7,19.531],[93.808,19.529],[93.749,19.666],[93.48,19.713],[93.322,20.036],[93.159,20.048],[93.077,19.95],[93.001,20.225],[92.897,20.147],[92.81,20.188],[92.796,20.471],[92.688,20.349],[92.385,20.727],[92.202,21.151],[92.221,21.335],[92.366,21.454],[92.602,21.266],[92.669,21.295],[92.607,21.971],[92.707,22.139],[92.903,21.97],[92.99,21.999],[93.054,22.184],[93.152,22.199],[93.192,22.3],[93.105,22.688],[93.139,23.017],[93.298,23.021],[93.375,23.182],[93.427,23.675],[93.342,24.058],[93.504,23.964],[93.732,23.994],[94.156,23.872],[94.73,25.015],[94.72,25.123],[94.592,25.218],[94.634,25.375],[95.013,25.719],[95.033,25.914],[95.161,26.049],[95.074,26.326],[95.161,26.611],[95.422,26.701],[96.087,27.214],[96.285,27.28],[96.724,27.358],[96.908,27.169],[97.135,27.108],[96.908,27.481],[96.908,27.62],[97.269,27.901],[97.378,27.893],[97.347,28.208],[97.586,28.528],[98.123,28.139],[98.33,27.544],[98.469,27.64],[98.692,27.537]]],[[[98.345,12.319],[98.318,12.672],[98.412,12.556],[98.468,12.586],[98.512,12.392],[98.345,12.319]]],[[[93.741,18.872],[93.753,18.747],[93.666,18.669],[93.546,18.766],[93.483,18.867],[93.741,18.872]]]]}},{"type":"Feature","properties":{"iso":"NO","name":"Norway"},"geometry":{"type":"MultiPolygon","coordinates":[[[[25.632,70.733],[25.215,70.545],[25.19,70.41],[24.959,70.168],[24.997,70.107],[25.133,70.1],[25.405,70.244],[25.518,70.394],[25.92,70.593],[26.155,70.759],[26.562,70.917],[26.652,70.909],[26.68,70.856],[26.651,70.769],[26.556,70.678],[26.584,70.586],[26.577,70.469],[26.612,70.456],[26.938,70.494],[27.09,70.619],[27.157,70.715],[27.392,70.837],[27.403,70.86],[27.374,70.891],[27.209,70.935],[27.215,70.973],[27.27,71.003],[27.494,71.007],[27.569,71.071],[27.66,71.095],[27.864,71.056],[28.157,71.063],[28.452,70.931],[28.323,70.836],[28.048,70.778],[28.062,70.709],[28.18,70.69],[28.215,70.65],[28.143,70.588],[27.96,70.517],[27.947,70.484],[28.408,70.496],[28.598,70.754],[28.762,70.839],[28.933,70.867],[29.221,70.819],[29.367,70.693],[29.664,70.714],[29.844,70.672],[30.076,70.68],[30.222,70.617],[30.239,70.538],[30.522,70.53],[30.935,70.413],[30.991,70.346],[30.941,70.291],[30.563,70.236],[30.264,70.129],[30.029,70.085],[28.929,70.149],[28.876,70.127],[29.169,70.031],[29.541,69.973],[29.755,69.867],[29.895,69.867],[29.997,69.756],[30.078,69.761],[30.229,69.847],[30.423,69.778],[30.57,69.798],[30.865,69.76],[30.939,69.644],[30.897,69.553],[30.553,69.542],[30.147,69.65],[30.171,69.555],[30.077,69.453],[29.983,69.415],[29.775,69.395],[29.578,69.325],[29.317,69.297],[29.291,69.272],[29.288,69.19],[29.211,69.1],[29.056,69.025],[28.93,69.052],[28.83,69.121],[28.853,69.218],[29.2,69.39],[29.3,69.479],[29.158,69.658],[28.415,69.823],[28.045,69.986],[27.915,70.086],[27.646,70.072],[27.087,69.922],[26.814,69.956],[26.51,69.939],[26.341,69.84],[25.963,69.69],[25.945,69.604],[25.861,69.523],[25.824,69.386],[25.723,69.255],[25.729,68.99],[25.606,68.899],[25.446,68.893],[25.24,68.832],[25.152,68.773],[25.087,68.643],[24.895,68.577],[24.728,68.646],[24.303,68.72],[23.907,68.829],[23.784,68.809],[23.627,68.703],[23.219,68.64],[23.034,68.686],[22.795,68.691],[22.548,68.738],[22.402,68.727],[22.312,68.843],[21.984,69.073],[21.625,69.271],[21.304,69.307],[21.027,69.211],[21.078,69.111],[21.048,69.059],[20.733,69.109],[20.549,69.06],[20.197,69.024],[20.288,68.914],[20.307,68.802],[20.194,68.672],[20.026,68.569],[20.127,68.462],[19.94,68.377],[19.029,68.508],[18.628,68.513],[18.409,68.572],[18.126,68.537],[18.104,68.404],[18.143,68.197],[17.908,67.98],[17.313,68.112],[17.272,68.112],[17.169,68.048],[16.772,67.925],[16.479,67.583],[16.398,67.535],[16.167,67.516],[16.102,67.446],[16.392,67.212],[16.381,67.05],[16.051,66.917],[15.63,66.602],[15.387,66.481],[15.454,66.345],[15.46,66.277],[15.047,66.158],[14.532,66.13],[14.588,65.895],[14.618,65.813],[14.543,65.696],[14.507,65.557],[14.503,65.321],[14.365,65.214],[14.326,65.119],[13.667,64.589],[14.112,64.454],[14.151,64.198],[13.977,64.021],[13.215,64.094],[12.827,64.024],[12.682,63.971],[12.161,63.594],[12.2,63.469],[11.986,63.271],[12.197,63.007],[12.092,62.901],[12.125,62.749],[12.073,62.602],[12.299,62.267],[12.145,61.73],[12.416,61.569],[12.579,61.56],[12.856,61.364],[12.826,61.249],[12.715,61.145],[12.67,61.056],[12.235,61.01],[12.325,60.895],[12.395,60.74],[12.603,60.51],[12.6,60.406],[12.504,60.312],[12.536,60.19],[12.494,60.093],[12.343,59.971],[12.176,59.895],[11.971,59.895],[11.84,59.841],[11.927,59.79],[11.93,59.702],[11.802,59.645],[11.722,59.621],[11.699,59.581],[11.814,59.338],[11.826,59.238],[11.788,59.203],[11.772,59.094],[11.684,58.952],[11.635,58.904],[11.507,58.883],[11.463,58.897],[11.461,58.989],[11.425,59.04],[11.425,59.062],[11.37,59.109],[11.329,59.116],[11.226,59.098],[11.166,59.147],[11.117,59.111],[10.969,59.17],[10.977,59.093],[11.054,59.085],[11.077,59.022],[11.043,58.998],[10.855,59.078],[10.842,59.106],[10.897,59.127],[10.897,59.16],[10.877,59.174],[10.813,59.164],[10.751,59.216],[10.743,59.231],[10.749,59.292],[10.741,59.333],[10.682,59.32],[10.65,59.412],[10.604,59.433],[10.642,59.481],[10.686,59.489],[10.635,59.645],[10.573,59.739],[10.633,59.836],[10.675,59.852],[10.719,59.776],[10.765,59.83],[10.761,59.873],[10.642,59.912],[10.599,59.873],[10.511,59.844],[10.497,59.788],[10.596,59.64],[10.574,59.558],[10.451,59.544],[10.412,59.677],[10.336,59.712],[10.32,59.691],[10.381,59.657],[10.394,59.577],[10.368,59.536],[10.301,59.517],[10.377,59.455],[10.48,59.428],[10.508,59.265],[10.47,59.227],[10.474,59.173],[10.429,59.14],[10.475,59.116],[10.422,59.065],[10.32,59.144],[10.198,59.028],[10.048,59.034],[10.035,58.992],[9.994,58.978],[9.872,58.97],[9.839,59.044],[9.606,58.936],[9.51,58.848],[9.366,58.771],[9.178,58.739],[9.203,58.683],[8.903,58.47],[8.741,58.407],[8.521,58.263],[8.397,58.236],[8.264,58.137],[8.185,58.143],[8.12,58.106],[8.03,58.122],[8.012,58.065],[7.767,58.058],[7.548,57.98],[7.181,58.03],[7.076,58.004],[6.935,58.058],[6.634,58.085],[6.612,58.134],[6.677,58.206],[6.562,58.219],[6.438,58.291],[6.297,58.308],[5.882,58.445],[5.666,58.572],[5.549,58.714],[5.625,58.998],[5.721,58.996],[5.791,58.943],[6.003,58.943],[5.943,59.065],[6.002,59.152],[5.944,59.22],[5.986,59.264],[6.074,59.29],[5.941,59.461],[5.865,59.478],[5.815,59.353],[5.677,59.283],[5.579,59.291],[5.446,59.211],[5.398,59.269],[5.356,59.277],[5.242,59.181],[5.203,59.237],[5.216,59.355],[5.303,59.481],[5.258,59.549],[5.514,59.711],[5.526,59.572],[5.457,59.498],[5.547,59.55],[5.563,59.644],[5.596,59.672],[5.824,59.646],[5.907,59.754],[5.765,59.778],[5.749,59.85],[6.031,60.025],[6.298,60.348],[6.19,60.33],[6.036,60.227],[5.977,60.126],[5.871,60.039],[5.702,59.964],[5.605,59.887],[5.532,59.877],[5.472,59.801],[5.366,59.77],[5.218,59.662],[5.176,59.859],[5.407,60.031],[5.623,60.069],[5.687,60.127],[5.594,60.243],[5.408,60.177],[5.203,60.279],[5.1,60.224],[5.01,60.246],[4.995,60.359],[5.085,60.447],[4.893,60.773],[4.997,60.805],[5.263,60.759],[5.244,60.794],[5.14,60.84],[4.889,60.879],[4.825,60.947],[5.115,61.053],[5.461,61.038],[5.914,61.119],[6.407,61.067],[6.716,61.153],[6.84,61.132],[7.01,61.05],[7.055,61.086],[6.592,61.247],[6.512,61.156],[6.43,61.126],[5.911,61.171],[5.411,61.089],[5.111,61.186],[5.029,61.243],[5.014,61.317],[4.968,61.363],[5.222,61.514],[5.168,61.58],[5.023,61.646],[5.022,61.707],[5.08,61.785],[4.919,61.786],[4.911,61.848],[5.059,61.992],[5.275,62.023],[5.261,62.072],[5.17,62.128],[5.189,62.174],[5.284,62.156],[5.491,62.015],[5.496,62.14],[5.61,62.298],[5.92,62.402],[5.987,62.388],[6.007,62.337],[5.844,62.203],[5.952,62.135],[6.082,62.276],[6.258,62.332],[6.44,62.297],[6.496,62.376],[6.662,62.422],[6.85,62.399],[6.978,62.284],[7.034,62.271],[7.031,62.313],[6.928,62.394],[6.768,62.459],[6.298,62.419],[6.209,62.455],[6.343,62.58],[6.698,62.629],[7.027,62.633],[7.486,62.578],[7.521,62.697],[7.326,62.747],[7.064,62.754],[7.002,62.876],[7.192,62.974],[7.56,63.079],[7.801,63.098],[7.812,63.071],[7.762,63.011],[7.767,62.98],[8.011,62.94],[8.201,62.821],[8.215,62.84],[7.997,63.005],[7.987,63.047],[8.098,63.068],[8.351,62.911],[8.437,62.888],[8.424,62.955],[8.268,63.04],[8.174,63.131],[8.007,63.182],[8.398,63.28],[8.526,63.356],[8.755,63.424],[8.886,63.418],[9.052,63.453],[9.158,63.386],[9.106,63.318],[9.119,63.301],[9.254,63.357],[9.204,63.405],[9.213,63.445],[9.176,63.482],[9.199,63.503],[9.368,63.534],[9.71,63.626],[9.944,63.436],[9.905,63.329],[10.143,63.334],[10.11,63.397],[10.219,63.446],[10.854,63.439],[10.773,63.609],[10.93,63.68],[11.188,63.731],[11.348,63.798],[11.324,63.884],[11.19,63.896],[11.256,63.998],[11.191,64.003],[11.059,63.95],[10.994,63.827],[10.88,63.733],[10.17,63.526],[9.966,63.521],[9.851,63.622],[9.875,63.716],[9.617,63.701],[9.626,63.776],[9.961,63.931],[9.988,64.062],[10.126,64.101],[10.223,64.202],[10.481,64.332],[10.514,64.371],[10.494,64.409],[10.51,64.429],[10.637,64.463],[10.722,64.532],[10.899,64.53],[10.975,64.584],[11.086,64.565],[11.113,64.624],[11.24,64.671],[11.31,64.66],[11.293,64.59],[11.331,64.571],[11.606,64.789],[11.566,64.805],[11.386,64.771],[11.237,64.839],[10.866,64.855],[10.784,64.887],[10.764,64.933],[10.884,64.974],[11.07,64.972],[11.273,64.924],[11.486,64.953],[11.739,65.024],[11.939,65.149],[12.006,65.149],[12.015,65.083],[11.976,65.073],[12.046,65.062],[12.181,65.177],[12.347,65.111],[12.432,65.125],[12.362,65.293],[12.204,65.267],[12.142,65.286],[12.2,65.438],[12.288,65.519],[12.461,65.461],[12.56,65.474],[12.542,65.516],[12.423,65.568],[12.387,65.616],[12.601,65.856],[12.498,65.932],[12.605,65.996],[12.788,66.047],[12.975,66.255],[13.024,66.256],[12.998,66.214],[13.017,66.197],[13.195,66.269],[13.195,66.302],[13.075,66.385],[13.112,66.474],[13.375,66.538],[13.253,66.615],[13.338,66.74],[13.533,66.75],[13.625,66.821],[13.6,66.904],[13.617,66.935],[13.964,67.017],[14.11,67.127],[14.293,67.15],[14.48,67.211],[15.037,67.23],[15.427,67.156],[15.43,67.194],[15.386,67.237],[15.114,67.304],[14.782,67.263],[14.417,67.293],[14.724,67.489],[15.025,67.569],[15.234,67.494],[15.418,67.493],[15.275,67.566],[15.231,67.625],[15.309,67.699],[15.486,67.746],[15.5,67.77],[15.475,67.795],[15.364,67.807],[15.039,67.705],[14.87,67.696],[14.869,67.834],[15.075,67.898],[14.986,67.927],[14.995,67.955],[15.084,67.985],[15.158,67.977],[15.22,68.012],[15.263,67.983],[15.223,67.941],[15.242,67.913],[15.832,67.949],[15.859,67.977],[15.779,68.006],[15.516,68.038],[15.403,68.017],[15.371,68.063],[15.467,68.134],[15.584,68.152],[15.772,68.125],[16.0,68.222],[16.076,68.184],[16.135,68.049],[16.226,67.974],[16.376,68.122],[16.375,68.189],[16.287,68.274],[16.356,68.36],[16.62,68.407],[16.928,68.367],[17.113,68.375],[17.314,68.434],[16.963,68.492],[16.218,68.422],[16.173,68.442],[16.144,68.506],[15.986,68.43],[15.658,68.348],[15.344,68.382],[15.091,68.312],[14.984,68.328],[14.811,68.229],[14.698,68.287],[14.569,68.243],[14.263,68.21],[14.38,68.346],[14.605,68.413],[14.879,68.428],[15.204,68.505],[15.42,68.656],[15.566,68.845],[15.578,68.919],[15.487,68.945],[15.538,69.046],[15.887,69.241],[16.077,69.285],[16.11,69.25],[16.079,69.189],[15.834,68.99],[15.895,68.906],[15.925,68.799],[16.006,68.756],[16.062,68.726],[16.187,68.827],[16.339,68.851],[16.531,68.791],[16.671,68.667],[17.145,68.717],[17.329,68.813],[17.21,68.84],[17.201,68.893],[17.429,68.922],[17.689,69.09],[18.007,69.161],[18.061,69.32],[18.184,69.445],[18.336,69.44],[18.517,69.308],[18.66,69.339],[18.448,69.522],[18.211,69.542],[18.11,69.622],[18.25,69.717],[18.374,69.758],[18.692,69.763],[18.74,69.847],[18.814,69.884],[18.787,69.996],[18.718,70.056],[18.829,70.138],[19.009,70.052],[19.192,70.067],[19.347,70.023],[19.526,70.02],[19.616,69.969],[19.798,69.976],[19.685,69.87],[19.363,69.85],[19.081,69.794],[19.022,69.747],[19.065,69.707],[19.276,69.77],[19.656,69.779],[19.695,69.519],[19.772,69.584],[19.818,69.699],[19.878,69.765],[20.16,69.916],[20.305,69.925],[20.341,69.82],[20.283,69.625],[20.126,69.397],[20.134,69.37],[20.229,69.399],[20.329,69.478],[20.507,69.588],[20.518,69.715],[20.601,69.885],[20.658,69.907],[20.736,69.861],[20.771,69.888],[20.682,70.024],[20.438,70.101],[20.451,70.159],[20.559,70.206],[20.724,70.204],[20.821,70.136],[20.974,69.835],[21.359,69.997],[21.952,69.829],[21.896,70.022],[21.757,70.073],[21.485,70.115],[21.312,70.212],[21.542,70.281],[21.785,70.228],[22.056,70.293],[22.207,70.258],[22.301,70.183],[22.469,70.23],[22.849,70.185],[23.11,69.99],[23.287,69.987],[23.317,70.009],[23.277,70.086],[23.3,70.222],[23.733,70.48],[23.679,70.626],[23.717,70.714],[23.825,70.728],[23.986,70.684],[24.056,70.621],[24.081,70.535],[24.153,70.514],[24.28,70.641],[24.532,70.678],[24.503,70.724],[24.367,70.766],[24.329,70.804],[24.399,70.843],[24.551,70.845],[24.608,70.937],[24.649,70.966],[24.947,70.943],[25.275,70.865],[25.395,70.973],[25.358,71.047],[25.372,71.077],[25.714,71.153],[25.901,71.119],[25.977,71.048],[26.06,71.02],[26.03,70.994],[25.75,70.973],[25.584,70.921],[25.738,70.863],[25.757,70.829],[25.632,70.733]],[[16.551,68.617],[16.509,68.607],[16.489,68.572],[16.457,68.557],[16.612,68.539],[16.618,68.556],[16.551,68.617]]],[[[18.042,69.418],[18.053,69.371],[17.933,69.317],[17.943,69.18],[17.58,69.159],[17.454,69.184],[17.12,69.017],[17.044,69.068],[16.82,69.078],[16.845,69.117],[17.037,69.158],[17.008,69.217],[17.094,69.261],[16.978,69.317],[16.972,69.391],[17.289,69.426],[17.272,69.478],[17.377,69.518],[17.51,69.51],[17.523,69.567],[17.63,69.533],[17.72,69.572],[17.874,69.556],[18.001,69.478],[17.978,69.435],[18.042,69.418]]],[[[15.011,68.562],[14.935,68.583],[14.927,68.566],[14.971,68.551],[14.962,68.534],[14.827,68.497],[14.656,68.551],[14.68,68.583],[14.874,68.579],[14.853,68.642],[15.123,68.717],[15.132,68.746],[15.047,68.757],[14.986,68.72],[14.772,68.669],[14.683,68.674],[14.592,68.626],[14.447,68.618],[14.414,68.68],[14.468,68.762],[14.536,68.805],[14.599,68.774],[14.677,68.816],[14.719,68.774],[14.749,68.827],[14.807,68.837],[14.899,68.763],[14.923,68.832],[14.869,68.889],[14.875,68.918],[14.965,68.911],[15.036,68.834],[15.066,68.884],[15.025,68.982],[15.116,69.015],[15.172,68.999],[15.186,68.934],[15.281,68.92],[15.304,68.861],[15.37,68.842],[15.32,68.767],[15.402,68.705],[15.011,68.562]]],[[[23.078,70.592],[22.927,70.541],[22.64,70.541],[22.496,70.503],[22.177,70.491],[22.16,70.517],[22.213,70.593],[22.04,70.611],[22.032,70.62],[22.057,70.644],[22.343,70.641],[22.388,70.691],[22.533,70.708],[22.609,70.656],[22.718,70.639],[22.761,70.67],[22.717,70.746],[22.886,70.735],[22.927,70.769],[22.975,70.763],[22.927,70.711],[22.987,70.684],[23.1,70.733],[23.062,70.793],[23.068,70.841],[23.246,70.794],[23.349,70.848],[23.445,70.8],[23.275,70.698],[23.166,70.677],[23.078,70.592]]],[[[9.015,63.622],[9.059,63.67],[9.149,63.665],[9.157,63.64],[9.111,63.608],[9.167,63.563],[9.13,63.48],[9.072,63.513],[8.451,63.418],[8.331,63.448],[8.331,63.514],[8.45,63.553],[8.448,63.571],[8.372,63.579],[8.396,63.607],[8.466,63.62],[8.459,63.57],[8.47,63.56],[8.635,63.614],[8.595,63.666],[8.42,63.676],[8.419,63.694],[8.539,63.72],[8.688,63.814],[8.791,63.816],[8.812,63.804],[8.822,63.713],[8.692,63.676],[8.679,63.629],[8.825,63.659],[9.015,63.622]]],[[[23.087,70.289],[23.048,70.345],[22.906,70.361],[22.877,70.421],[22.889,70.451],[23.014,70.498],[23.087,70.501],[23.191,70.537],[23.269,70.485],[23.28,70.545],[23.431,70.566],[23.422,70.617],[23.443,70.623],[23.563,70.604],[23.556,70.529],[23.622,70.462],[23.283,70.302],[23.087,70.289]]],[[[14.256,68.299],[14.245,68.269],[14.132,68.241],[14.026,68.19],[13.88,68.19],[13.852,68.133],[13.8,68.109],[13.749,68.132],[13.719,68.085],[13.612,68.125],[13.573,68.122],[13.538,68.056],[13.471,68.087],[13.532,68.153],[13.52,68.213],[13.598,68.23],[13.571,68.268],[13.612,68.295],[13.805,68.292],[13.923,68.344],[13.992,68.335],[14.04,68.277],[14.108,68.343],[14.256,68.299]]],[[[13.226,68.021],[13.153,67.957],[13.087,67.95],[13.072,67.911],[12.866,67.829],[12.832,67.838],[12.853,67.901],[12.872,67.911],[12.97,68.021],[13.097,68.104],[13.153,68.095],[13.16,68.053],[13.226,68.093],[13.329,68.089],[13.313,68.133],[13.334,68.159],[13.424,68.139],[13.373,68.035],[13.288,68.009],[13.226,68.021]]],[[[19.773,70.164],[19.841,70.202],[19.946,70.143],[20.008,70.176],[20.039,70.159],[20.017,70.128],[20.057,70.108],[20.055,70.091],[19.934,70.052],[19.738,70.06],[19.659,70.165],[19.516,70.226],[19.583,70.285],[19.644,70.282],[19.685,70.237],[19.761,70.248],[19.773,70.164]]],[[[8.242,63.322],[8.205,63.302],[8.185,63.345],[8.164,63.344],[8.156,63.3],[8.09,63.318],[8.09,63.295],[7.992,63.285],[7.939,63.344],[7.815,63.319],[7.821,63.344],[7.79,63.367],[7.784,63.405],[7.951,63.446],[7.978,63.485],[8.09,63.466],[8.196,63.399],[8.208,63.352],[8.239,63.352],[8.242,63.322]]],[[[22.975,70.274],[22.971,70.258],[22.755,70.247],[22.525,70.274],[22.403,70.297],[22.352,70.336],[22.483,70.37],[22.525,70.357],[22.674,70.386],[22.724,70.352],[22.772,70.387],[22.807,70.343],[22.897,70.328],[22.975,70.274]]],[[[5.077,61.124],[4.901,61.051],[4.772,61.051],[4.768,61.095],[4.831,61.107],[4.825,61.144],[4.89,61.209],[5.012,61.178],[5.055,61.192],[5.077,61.124]]],[[[24.07,70.97],[24.141,70.972],[24.206,70.963],[24.205,70.945],[24.082,70.931],[24.047,70.913],[23.926,70.933],[23.908,70.984],[23.878,70.987],[23.889,71.024],[23.952,71.033],[23.956,71.076],[24.002,71.061],[24.023,71.082],[24.071,71.093],[24.112,71.084],[24.11,71.051],[24.055,71.033],[24.07,70.97]]],[[[12.396,66.096],[12.509,66.146],[12.49,66.191],[12.559,66.218],[12.602,66.218],[12.648,66.105],[12.523,66.054],[12.402,66.022],[12.346,66.038],[12.396,66.096]]],[[[16.86,68.77],[16.92,68.778],[16.923,68.793],[16.979,68.842],[17.033,68.868],[17.112,68.802],[17.185,68.782],[17.171,68.763],[17.117,68.749],[16.988,68.742],[16.89,68.726],[16.841,68.734],[16.86,68.77]]],[[[16.616,68.961],[16.63,68.938],[16.616,68.897],[16.591,68.883],[16.466,68.885],[16.28,68.965],[16.316,68.99],[16.547,68.953],[16.569,68.988],[16.616,68.961]]],[[[11.807,65.684],[11.947,65.723],[12.021,65.698],[12.026,65.66],[11.947,65.61],[11.871,65.593],[11.767,65.626],[11.807,65.684]]],[[[19.123,70.203],[19.114,70.233],[19.155,70.24],[19.193,70.268],[19.245,70.231],[19.254,70.176],[19.226,70.157],[19.228,70.133],[19.19,70.117],[19.117,70.11],[19.028,70.152],[19.123,70.203]]],[[[6.656,62.676],[6.693,62.699],[6.679,62.731],[6.709,62.74],[6.744,62.728],[6.905,62.748],[6.94,62.733],[6.93,62.705],[6.679,62.661],[6.656,62.676]]],[[[11.607,65.044],[11.544,65.036],[11.512,65.07],[11.577,65.108],[11.688,65.12],[11.735,65.137],[11.741,65.085],[11.712,65.062],[11.649,65.04],[11.636,65.06],[11.607,65.044]]],[[[17.353,69.032],[17.403,69.074],[17.44,69.084],[17.546,69.086],[17.552,69.066],[17.525,69.044],[17.462,69.03],[17.413,68.995],[17.374,68.987],[17.344,68.999],[17.353,69.032]]],[[[5.776,59.082],[5.687,59.088],[5.698,59.055],[5.67,59.029],[5.638,59.038],[5.604,59.096],[5.564,59.108],[5.604,59.143],[5.7,59.117],[5.745,59.126],[5.776,59.082]]],[[[12.956,66.68],[13.088,66.695],[13.037,66.565],[12.985,66.556],[12.987,66.613],[12.956,66.68]]],[[[5.203,59.982],[5.142,59.972],[5.121,59.993],[5.208,60.014],[5.2,60.047],[5.221,60.065],[5.202,60.102],[5.221,60.123],[5.292,60.081],[5.275,60.014],[5.258,60.0],[5.22,60.009],[5.203,59.982]]],[[[19.366,70.113],[19.341,70.13],[19.398,70.163],[19.574,70.112],[19.554,70.096],[19.366,70.113]]],[[[6.817,62.848],[6.929,62.852],[6.959,62.827],[6.891,62.777],[6.792,62.802],[6.817,62.848]]],[[[4.798,60.661],[4.837,60.63],[4.907,60.524],[4.892,60.49],[4.782,60.601],[4.798,60.661]]],[[[21.696,70.373],[21.784,70.359],[21.8,70.329],[21.731,70.269],[21.686,70.281],[21.696,70.373]]],[[[12.828,66.295],[12.828,66.315],[12.888,66.266],[12.841,66.222],[12.774,66.219],[12.732,66.264],[12.828,66.295]]],[[[24.669,71.086],[24.719,71.087],[24.722,71.115],[24.803,71.09],[24.805,71.074],[24.722,71.031],[24.641,71.064],[24.669,71.086]]],[[[16.464,69.037],[16.498,69.05],[16.506,69.073],[16.539,69.059],[16.548,69.03],[16.537,68.988],[16.475,68.982],[16.442,68.997],[16.464,69.037]]],[[[12.875,66.453],[12.951,66.425],[12.903,66.384],[12.827,66.378],[12.842,66.442],[12.875,66.453]]],[[[14.339,67.433],[14.382,67.441],[14.413,67.423],[14.384,67.395],[14.261,67.377],[14.248,67.39],[14.339,67.433]]],[[[4.685,61.095],[4.699,61.095],[4.736,61.018],[4.692,60.987],[4.65,61.047],[4.685,61.095]]],[[[12.598,66.585],[12.663,66.621],[12.684,66.59],[12.664,66.567],[12.691,66.525],[12.683,66.511],[12.609,66.567],[12.598,66.585]]],[[[20.169,70.301],[20.192,70.309],[20.282,70.256],[20.235,70.227],[20.207,70.226],[20.169,70.301]]],[[[6.055,62.56],[6.119,62.599],[6.156,62.504],[6.096,62.496],[6.114,62.537],[6.055,62.56]]],[[[21.578,70.02],[21.625,70.046],[21.716,70.02],[21.689,69.99],[21.578,70.02]]],[[[13.84,67.093],[13.825,67.112],[13.847,67.135],[13.883,67.128],[13.883,67.097],[13.818,67.055],[13.769,67.055],[13.777,67.081],[13.84,67.093]]],[[[5.808,59.172],[5.811,59.205],[5.879,59.187],[5.872,59.15],[5.794,59.137],[5.768,59.155],[5.808,59.172]]],[[[13.358,66.812],[13.348,66.82],[13.363,66.835],[13.428,66.846],[13.542,66.843],[13.533,66.824],[13.358,66.812]]],[[[5.133,60.118],[5.085,60.107],[5.059,60.132],[5.092,60.147],[5.143,60.142],[5.193,60.102],[5.17,60.072],[5.133,60.118]]],[[[30.007,69.861],[30.041,69.895],[30.089,69.873],[30.076,69.852],[30.096,69.814],[30.049,69.805],[30.051,69.835],[30.007,69.861]]],[[[18.501,69.864],[18.568,69.856],[18.574,69.822],[18.462,69.821],[18.453,69.831],[18.501,69.864]]],[[[20.978,70.053],[21.003,70.043],[20.995,70.008],[21.021,69.984],[20.977,69.975],[20.926,70.021],[20.978,70.053]]],[[[4.86,60.428],[4.85,60.449],[4.921,60.469],[4.939,60.505],[4.97,60.491],[4.942,60.431],[4.923,60.442],[4.86,60.428]]],[[[9.889,64.05],[9.936,64.024],[9.904,63.996],[9.845,63.991],[9.842,64.033],[9.889,64.05]]],[[[4.768,61.353],[4.795,61.327],[4.741,61.288],[4.701,61.288],[4.693,61.313],[4.768,61.353]]],[[[5.77,59.25],[5.788,59.27],[5.842,59.261],[5.864,59.29],[5.898,59.27],[5.867,59.239],[5.808,59.232],[5.77,59.25]]],[[[12.202,65.832],[12.23,65.867],[12.279,65.884],[12.278,65.853],[12.239,65.835],[12.243,65.786],[12.212,65.799],[12.202,65.832]]],[[[11.055,63.8],[11.117,63.8],[11.123,63.784],[11.035,63.744],[11.007,63.752],[11.055,63.8]]],[[[13.722,67.143],[13.698,67.154],[13.705,67.183],[13.754,67.197],[13.761,67.18],[13.81,67.176],[13.801,67.14],[13.757,67.164],[13.722,67.143]]],[[[25.275,70.289],[25.335,70.302],[25.337,70.266],[25.295,70.243],[25.247,70.254],[25.275,70.289]]],[[[24.972,71.05],[25.023,71.037],[25.019,71.003],[24.954,71.001],[24.928,71.026],[24.972,71.05]]],[[[12.241,65.987],[12.326,66.01],[12.338,65.981],[12.24,65.96],[12.228,65.97],[12.241,65.987]]],[[[12.681,66.173],[12.701,66.185],[12.783,66.161],[12.769,66.141],[12.701,66.143],[12.681,66.173]]],[[[7.268,62.682],[7.331,62.67],[7.329,62.652],[7.237,62.65],[7.215,62.664],[7.268,62.682]]],[[[25.778,70.692],[25.853,70.71],[25.874,70.687],[25.808,70.665],[25.778,70.676],[25.778,70.692]]],[[[6.449,62.79],[6.492,62.752],[6.453,62.721],[6.419,62.742],[6.449,62.79]]],[[[12.872,66.519],[12.827,66.518],[12.808,66.554],[12.824,66.584],[12.842,66.554],[12.875,66.554],[12.872,66.519]]],[[[12.037,65.382],[12.026,65.413],[12.092,65.433],[12.123,65.416],[12.095,65.394],[12.068,65.407],[12.037,65.382]]],[[[5.06,60.065],[5.084,60.048],[5.089,59.992],[5.032,60.014],[5.06,60.065]]],[[[12.065,65.488],[12.139,65.496],[12.137,65.453],[12.053,65.473],[12.065,65.488]]],[[[6.202,62.695],[6.208,62.674],[6.263,62.644],[6.25,62.632],[6.157,62.668],[6.202,62.695]]],[[[16.096,68.358],[16.159,68.356],[16.168,68.333],[16.084,68.332],[16.064,68.343],[16.096,68.358]]],[[[15.046,67.663],[15.051,67.637],[15.0,67.621],[14.992,67.673],[15.046,67.663]]],[[[16.723,68.905],[16.742,68.872],[16.681,68.858],[16.669,68.887],[16.723,68.905]]],[[[5.372,62.26],[5.436,62.279],[5.448,62.236],[5.396,62.239],[5.372,62.26]]],[[[4.791,61.679],[4.837,61.63],[4.785,61.622],[4.766,61.644],[4.791,61.679]]],[[[5.927,59.16],[5.951,59.143],[5.889,59.102],[5.869,59.123],[5.927,59.16]]],[[[10.54,64.823],[10.568,64.801],[10.515,64.773],[10.487,64.801],[10.54,64.823]]],[[[12.149,65.956],[12.176,65.932],[12.134,65.888],[12.114,65.922],[12.149,65.956]]],[[[16.675,68.968],[16.731,68.968],[16.735,68.951],[16.674,68.927],[16.66,68.953],[16.675,68.968]]],[[[21.294,70.129],[21.381,70.111],[21.365,70.086],[21.28,70.115],[21.294,70.129]]],[[[18.961,70.204],[19.01,70.186],[18.964,70.148],[18.939,70.178],[18.961,70.204]]],[[[18.504,70.013],[18.538,69.982],[18.528,69.953],[18.475,69.972],[18.504,70.013]]],[[[13.918,67.422],[13.954,67.437],[13.978,67.412],[13.939,67.387],[13.913,67.39],[13.918,67.422]]],[[[4.749,60.719],[4.776,60.671],[4.743,60.66],[4.708,60.689],[4.749,60.719]]],[[[12.484,65.806],[12.485,65.775],[12.409,65.754],[12.399,65.769],[12.484,65.806]]],[[[14.062,67.464],[14.103,67.46],[14.109,67.441],[14.076,67.415],[14.047,67.424],[14.062,67.464]]],[[[18.515,70.057],[18.57,70.057],[18.578,70.035],[18.548,70.014],[18.518,70.027],[18.515,70.057]]],[[[11.668,65.578],[11.702,65.596],[11.728,65.564],[11.7,65.547],[11.661,65.553],[11.668,65.578]]],[[[23.175,70.155],[23.237,70.152],[23.244,70.124],[23.191,70.124],[23.162,70.141],[23.175,70.155]]],[[[12.701,67.699],[12.702,67.656],[12.647,67.648],[12.629,67.663],[12.701,67.699]]],[[[5.994,62.495],[6.002,62.464],[5.941,62.454],[5.951,62.501],[5.994,62.495]]],[[[11.735,65.773],[11.725,65.738],[11.655,65.733],[11.642,65.747],[11.735,65.773]]],[[[11.988,65.36],[11.986,65.32],[11.947,65.307],[11.931,65.349],[11.988,65.36]]],[[[4.754,60.777],[4.758,60.757],[4.698,60.744],[4.694,60.791],[4.754,60.777]]],[[[12.559,67.661],[12.604,67.662],[12.619,67.636],[12.571,67.622],[12.543,67.644],[12.559,67.661]]],[[[21.435,70.393],[21.455,70.362],[21.422,70.326],[21.394,70.355],[21.435,70.393]]],[[[16.235,68.902],[16.27,68.928],[16.304,68.89],[16.296,68.877],[16.242,68.886],[16.235,68.902]]],[[[13.96,67.168],[14.008,67.172],[14.009,67.127],[13.96,67.128],[13.96,67.168]]],[[[5.049,61.501],[5.115,61.51],[5.117,61.474],[5.048,61.477],[5.049,61.501]]],[[[19.858,70.014],[19.873,70.029],[19.945,70.011],[19.942,69.989],[19.868,70.002],[19.858,70.014]]],[[[10.796,64.778],[10.82,64.762],[10.783,64.72],[10.744,64.735],[10.796,64.778]]],[[[4.778,60.899],[4.793,60.87],[4.737,60.856],[4.709,60.881],[4.778,60.899]]],[[[12.11,65.704],[12.13,65.684],[12.062,65.644],[12.062,65.682],[12.11,65.704]]],[[[4.918,61.519],[4.94,61.538],[4.976,61.522],[4.971,61.486],[4.931,61.493],[4.918,61.519]]],[[[13.131,66.643],[13.132,66.585],[13.112,66.571],[13.084,66.617],[13.131,66.643]]],[[[5.388,59.087],[5.423,59.069],[5.413,59.022],[5.364,59.058],[5.388,59.087]]],[[[5.37,62.233],[5.436,62.2],[5.39,62.179],[5.356,62.216],[5.37,62.233]]],[[[11.087,65.041],[11.149,65.017],[11.11,64.99],[11.066,65.023],[11.087,65.041]]],[[[12.521,66.317],[12.548,66.308],[12.53,66.263],[12.479,66.271],[12.521,66.317]]],[[[4.806,61.23],[4.847,61.222],[4.822,61.181],[4.773,61.193],[4.806,61.23]]],[[[7.568,63.227],[7.612,63.213],[7.606,63.198],[7.551,63.182],[7.531,63.196],[7.568,63.227]]],[[[9.182,64.076],[9.226,64.04],[9.219,64.018],[9.164,64.028],[9.182,64.076]]],[[[20.348,69.693],[20.399,69.679],[20.363,69.646],[20.319,69.658],[20.348,69.693]]],[[[12.693,66.345],[12.743,66.347],[12.723,66.32],[12.683,66.302],[12.658,66.313],[12.693,66.345]]],[[[4.881,61.717],[4.892,61.677],[4.87,61.658],[4.824,61.683],[4.881,61.717]]],[[[24.254,70.908],[24.276,70.872],[24.219,70.847],[24.207,70.866],[24.254,70.908]]],[[[12.048,67.539],[12.097,67.511],[12.106,67.495],[12.075,67.479],[12.049,67.494],[12.048,67.539]]],[[[12.172,65.658],[12.187,65.64],[12.156,65.602],[12.121,65.591],[12.124,65.618],[12.172,65.658]]],[[[14.002,67.27],[13.966,67.232],[13.931,67.226],[13.965,67.288],[14.002,67.27]]],[[[12.344,65.885],[12.364,65.868],[12.347,65.828],[12.319,65.818],[12.314,65.857],[12.344,65.885]]],[[[19.343,70.083],[19.383,70.084],[19.405,70.06],[19.368,70.045],[19.328,70.057],[19.343,70.083]]],[[[12.069,65.791],[12.074,65.752],[12.038,65.737],[12.011,65.774],[12.069,65.791]]],[[[4.875,59.332],[4.917,59.327],[4.93,59.299],[4.898,59.282],[4.869,59.303],[4.875,59.332]]],[[[14.691,67.847],[14.73,67.832],[14.719,67.792],[14.668,67.81],[14.691,67.847]]],[[[13.101,66.807],[13.144,66.789],[13.135,66.736],[13.087,66.787],[13.101,66.807]]],[[[12.447,65.875],[12.446,65.824],[12.406,65.815],[12.385,65.833],[12.447,65.875]]],[[[21.665,69.95],[21.746,69.939],[21.732,69.911],[21.652,69.934],[21.665,69.95]]],[[[12.081,65.848],[12.114,65.839],[12.113,65.797],[12.074,65.791],[12.071,65.825],[12.081,65.848]]],[[[5.649,59.751],[5.705,59.737],[5.683,59.703],[5.636,59.718],[5.649,59.751]]],[[[5.615,62.42],[5.653,62.401],[5.636,62.359],[5.59,62.389],[5.615,62.42]]],[[[6.615,62.694],[6.64,62.694],[6.645,62.661],[6.593,62.651],[6.573,62.663],[6.615,62.694]]],[[[21.045,69.967],[21.065,69.936],[20.99,69.915],[20.977,69.927],[21.045,69.967]]],[[[4.872,61.627],[4.884,61.586],[4.839,61.556],[4.832,61.597],[4.872,61.627]]],[[[11.963,65.238],[12.005,65.239],[12.044,65.213],[12.023,65.203],[11.962,65.213],[11.963,65.238]]],[[[14.594,67.543],[14.65,67.567],[14.663,67.54],[14.619,67.518],[14.591,67.524],[14.594,67.543]]],[[[12.162,66.012],[12.206,66.014],[12.182,65.965],[12.136,65.98],[12.162,66.012]]],[[[5.074,59.929],[5.111,59.888],[5.093,59.873],[5.068,59.873],[5.046,59.892],[5.074,59.929]]],[[[9.394,63.821],[9.424,63.833],[9.45,63.804],[9.398,63.776],[9.389,63.785],[9.394,63.821]]],[[[11.199,63.827],[11.231,63.82],[11.197,63.778],[11.152,63.804],[11.199,63.827]]],[[[21.231,70.057],[21.278,70.056],[21.291,70.039],[21.219,70.021],[21.2,70.038],[21.231,70.057]]],[[[12.286,66.257],[12.281,66.232],[12.209,66.218],[12.216,66.252],[12.286,66.257]]],[[[6.133,62.629],[6.192,62.636],[6.219,62.622],[6.209,62.598],[6.144,62.614],[6.133,62.629]]],[[[12.319,66.174],[12.349,66.139],[12.333,66.122],[12.273,66.135],[12.319,66.174]]],[[[12.302,66.387],[12.37,66.377],[12.342,66.338],[12.298,66.365],[12.302,66.387]]],[[[5.534,62.376],[5.576,62.351],[5.573,62.334],[5.533,62.328],[5.506,62.343],[5.534,62.376]]],[[[10.558,59.212],[10.576,59.183],[10.536,59.155],[10.507,59.19],[10.558,59.212]]],[[[12.51,66.387],[12.558,66.371],[12.515,66.321],[12.5,66.337],[12.51,66.387]]],[[[13.866,67.433],[13.912,67.389],[13.879,67.377],[13.839,67.393],[13.866,67.433]]],[[[10.799,64.601],[10.829,64.61],[10.845,64.565],[10.811,64.56],[10.78,64.577],[10.799,64.601]]],[[[6.268,62.694],[6.334,62.68],[6.332,62.647],[6.249,62.679],[6.268,62.694]]],[[[4.866,61.376],[4.866,61.325],[4.823,61.323],[4.81,61.349],[4.866,61.376]]],[[[13.403,66.932],[13.444,66.942],[13.469,66.915],[13.403,66.895],[13.403,66.932]]],[[[12.214,66.084],[12.225,66.062],[12.194,66.042],[12.165,66.042],[12.18,66.095],[12.214,66.084]]],[[[6.367,62.714],[6.436,62.713],[6.439,62.688],[6.373,62.685],[6.356,62.701],[6.367,62.714]]],[[[27.195,70.817],[27.231,70.793],[27.205,70.767],[27.151,70.786],[27.195,70.817]]],[[[12.936,66.615],[12.949,66.557],[12.937,66.557],[12.879,66.576],[12.936,66.615]]],[[[9.419,63.7],[9.45,63.678],[9.428,63.648],[9.374,63.668],[9.419,63.7]]],[[[11.989,66.07],[12.047,66.082],[12.044,66.033],[11.998,66.041],[11.989,66.07]]],[[[10.864,64.581],[10.883,64.559],[10.864,64.546],[10.851,64.565],[10.864,64.581]]]]}},{"type":"Feature","properties":{"iso":"PA","name":"Panama"},"geometry":{"type":"MultiPolygon","coordinates":[[[[-78.452,9.406],[-78.041,9.238],[-77.524,8.704],[-77.368,8.673],[-77.451,8.503],[-77.178,7.949],[-77.327,7.894],[-77.562,7.518],[-77.731,7.683],[-77.713,7.504],[-77.893,7.222],[-78.184,7.548],[-78.426,8.033],[-78.284,8.11],[-78.163,8.377],[-78.065,8.345],[-78.082,8.411],[-78.313,8.453],[-78.419,8.368],[-78.575,8.666],[-79.168,9.009],[-79.48,8.992],[-79.732,8.83],[-79.812,8.569],[-80.453,8.228],[-80.454,8.06],[-80.02,7.503],[-80.479,7.247],[-80.886,7.231],[-81.083,7.852],[-81.177,7.83],[-81.238,7.642],[-81.475,7.706],[-81.741,8.142],[-82.183,8.219],[-82.236,8.321],[-82.369,8.245],[-82.77,8.299],[-82.9,8.04],[-82.945,8.257],[-83.037,8.333],[-82.846,8.479],[-82.909,8.762],[-82.722,8.929],[-82.933,9.098],[-82.934,9.453],[-82.852,9.609],[-82.652,9.5],[-82.565,9.572],[-82.365,9.409],[-82.346,9.21],[-82.197,9.199],[-82.268,9.123],[-82.24,9.016],[-82.09,8.932],[-81.784,8.957],[-81.897,9.178],[-81.492,8.803],[-81.31,8.784],[-80.829,8.899],[-80.532,9.1],[-80.114,9.22],[-79.559,9.627],[-79.019,9.562],[-79.048,9.446],[-78.452,9.406]]],[[[-81.758,7.351],[-81.885,7.491],[-81.749,7.646],[-81.726,7.438],[-81.602,7.333],[-81.758,7.351]]]]}},{"type":"Feature","properties":{"iso":"LK","name":"Sri Lanka"},"geometry":{"type":"Polygon","coordinates":[[[81.206,8.486],[81.348,8.492],[81.473,8.05],[81.762,7.65],[81.866,7.296],[81.838,6.849],[81.69,6.486],[81.327,6.206],[80.59,5.929],[80.243,6.012],[80.055,6.214],[79.85,6.896],[79.703,8.106],[79.736,8.243],[79.744,8.019],[79.816,7.99],[79.805,8.242],[79.95,8.671],[79.923,8.932],[80.065,9.068],[80.118,9.262],[80.066,9.382],[80.169,9.467],[80.091,9.57],[80.29,9.469],[80.382,9.512],[79.909,9.739],[79.892,9.628],[79.85,9.718],[79.974,9.801],[80.227,9.828],[80.814,9.28],[81.217,8.663],[81.206,8.486]]]}},{"type":"Feature","properties":{"iso":"LR","name":"Liberia"},"geometry":{"type":"Polygon","coordinates":[[[-8.576,6.502],[-8.407,6.454],[-8.39,6.356],[-7.901,6.269],[-7.757,5.955],[-7.433,5.84],[-7.375,5.318],[-7.465,5.251],[-7.583,4.885],[-7.523,4.362],[-8.238,4.571],[-9.279,5.145],[-10.234,6.042],[-10.798,6.301],[-10.923,6.502],[-11.359,6.711],[-11.497,6.923],[-11.291,7.215],[-10.612,7.782],[-10.598,8.042],[-10.314,8.201],[-10.282,8.488],[-10.103,8.519],[-10.043,8.428],[-9.759,8.538],[-9.643,8.408],[-9.492,8.374],[-9.514,8.194],[-9.35,7.752],[-9.45,7.412],[-9.214,7.376],[-9.084,7.207],[-8.848,7.274],[-8.658,7.689],[-8.571,7.687],[-8.418,7.488],[-8.281,7.013],[-8.347,6.76],[-8.576,6.502]]]}},{"type":"Feature","properties":{"iso":"ML","name":"Mali"},"geometry":{"type":"Polygon","coordinates":[[[3.868,15.694],[3.55,15.491],[3.508,15.344],[2.618,15.366],[1.353,15.267],[0.962,14.981],[0.692,14.951],[-0.712,15.073],[-1.662,14.516],[-1.959,14.47],[-2.059,14.176],[-2.482,14.281],[-2.822,14.056],[-2.896,13.66],[-3.263,13.7],[-3.253,13.313],[-3.452,13.174],[-3.999,13.468],[-4.335,13.135],[-4.236,12.779],[-4.29,12.71],[-4.481,12.709],[-4.409,12.542],[-4.441,12.344],[-4.593,12.126],[-4.736,12.011],[-5.089,11.968],[-5.363,11.825],[-5.278,11.754],[-5.208,11.443],[-5.328,11.166],[-5.484,11.05],[-5.434,10.84],[-5.519,10.433],[-5.792,10.431],[-6.006,10.214],[-6.227,10.281],[-6.176,10.477],[-6.256,10.731],[-6.406,10.699],[-6.462,10.571],[-6.646,10.658],[-6.664,10.382],[-6.951,10.359],[-7.024,10.169],[-7.366,10.278],[-7.481,10.473],[-7.651,10.473],[-7.829,10.228],[-7.979,10.175],[-7.981,10.321],[-8.267,10.503],[-8.316,11.035],[-8.459,11.068],[-8.527,10.976],[-8.675,10.969],[-8.558,11.201],[-8.374,11.309],[-8.629,11.472],[-8.7,11.628],[-8.844,11.634],[-8.813,12.005],[-8.908,12.049],[-8.967,12.335],[-9.199,12.492],[-9.374,12.482],[-9.331,12.264],[-9.629,12.169],[-9.716,12.028],[-10.33,12.215],[-10.685,11.901],[-10.931,12.217],[-11.045,12.207],[-11.192,12.018],[-11.34,12.047],[-11.492,12.19],[-11.364,12.475],[-11.439,12.672],[-11.356,12.959],[-11.636,13.386],[-11.824,13.317],[-12.034,13.63],[-12.062,13.718],[-11.938,13.912],[-12.024,14.275],[-12.217,14.525],[-12.156,14.645],[-12.239,14.759],[-12.066,14.727],[-11.82,14.89],[-11.831,15.177],[-11.706,15.527],[-11.459,15.644],[-10.901,15.116],[-10.711,15.431],[-10.096,15.361],[-9.427,15.436],[-9.435,15.596],[-9.333,15.681],[-9.296,15.497],[-5.51,15.518],[-5.334,16.316],[-5.606,16.531],[-6.558,24.987],[-4.833,24.998],[1.131,21.135],[1.194,20.747],[1.603,20.578],[1.814,20.295],[1.949,20.237],[2.246,20.286],[2.393,20.048],[2.681,20.061],[3.222,19.829],[3.249,19.478],[3.143,19.156],[3.301,19.01],[4.243,19.139],[4.24,17.01],[4.079,16.896],[4.073,16.317],[3.868,15.694]]]}},{"type":"Feature","properties":{"iso":"MN","name":"Mongolia"},"geometry":{"type":"Polygon","coordinates":[[[115.804,48.261],[115.536,48.134],[115.572,47.921],[115.935,47.694],[116.235,47.879],[116.824,47.903],[117.362,47.663],[117.8,48.023],[118.168,48.059],[118.567,47.985],[118.781,47.77],[119.108,47.658],[119.155,47.523],[119.342,47.48],[119.717,47.168],[119.909,46.903],[119.923,46.721],[119.709,46.608],[119.335,46.623],[118.87,46.774],[118.761,46.698],[118.29,46.742],[117.698,46.528],[117.443,46.585],[117.319,46.365],[116.83,46.376],[116.593,46.299],[116.29,45.994],[116.271,45.787],[116.165,45.694],[115.366,45.396],[114.564,45.396],[114.447,45.216],[114.1,44.961],[113.621,44.75],[112.852,44.842],[112.43,45.08],[111.962,45.082],[111.762,44.965],[111.417,44.367],[111.62,44.094],[111.905,43.89],[111.954,43.721],[111.584,43.502],[110.989,43.301],[110.396,42.763],[109.324,42.441],[107.414,42.441],[105.729,41.952],[104.987,41.605],[104.546,41.669],[104.49,41.868],[103.864,41.803],[103.428,41.881],[102.734,42.143],[102.12,42.226],[101.745,42.511],[100.824,42.672],[99.462,42.57],[97.21,42.791],[96.441,42.747],[96.345,42.928],[95.897,43.307],[95.55,43.969],[95.351,44.062],[95.386,44.289],[94.779,44.343],[93.532,44.966],[91.678,45.085],[90.917,45.21],[90.68,45.538],[90.75,45.753],[91.024,46.029],[90.915,46.292],[91.052,46.533],[91.033,46.706],[90.904,46.928],[90.496,47.273],[90.326,47.648],[90.111,47.726],[89.983,47.884],[89.748,47.829],[89.548,48.022],[89.075,47.979],[88.626,48.181],[88.503,48.395],[87.994,48.57],[88.079,48.717],[87.762,48.893],[87.902,48.996],[87.825,49.183],[88.156,49.275],[88.121,49.385],[88.244,49.49],[89.076,49.5],[89.236,49.638],[89.376,49.611],[89.66,49.709],[89.718,49.786],[89.648,49.924],[90.676,50.248],[90.967,50.43],[91.406,50.472],[91.758,50.712],[92.222,50.7],[92.364,50.88],[92.665,50.708],[92.99,50.779],[93.009,50.618],[93.114,50.572],[94.26,50.57],[94.413,50.227],[94.638,50.039],[94.953,50.054],[95.134,49.954],[95.473,49.926],[95.844,50.032],[96.428,49.91],[96.623,49.971],[97.334,49.767],[97.619,49.948],[98.027,50.042],[98.247,50.26],[98.304,50.541],[98.053,50.657],[97.972,50.766],[97.998,50.869],[97.848,51.0],[97.957,51.326],[98.229,51.478],[98.341,51.725],[98.708,51.84],[98.933,52.143],[99.978,51.764],[100.527,51.743],[101.378,51.47],[101.571,51.493],[102.148,51.355],[102.236,50.852],[102.34,50.74],[102.313,50.604],[102.9,50.327],[103.672,50.147],[104.089,50.163],[104.421,50.305],[105.377,50.474],[106.019,50.409],[106.273,50.304],[106.736,50.323],[107.159,50.022],[107.945,49.915],[107.97,49.679],[108.565,49.341],[109.199,49.356],[109.589,49.223],[110.209,49.169],[110.407,49.242],[110.778,49.151],[111.37,49.364],[111.93,49.399],[112.499,49.538],[112.78,49.505],[113.061,49.606],[113.232,49.83],[113.583,50.011],[114.332,50.274],[114.955,50.193],[115.395,49.911],[115.741,49.892],[116.221,50.026],[116.588,49.94],[116.721,49.85],[116.059,48.803],[115.794,48.521],[115.804,48.261]]]}},{"type":"Feature","properties":{"iso":"NE","name":"Niger"},"geometry":{"type":"Polygon","coordinates":[[[15.598,20.773],[15.977,20.343],[15.747,19.888],[15.596,18.742],[15.5,16.913],[14.374,15.715],[13.871,15.037],[13.679,14.553],[13.492,14.452],[13.635,13.711],[13.344,13.709],[13.195,13.528],[12.869,13.49],[12.588,13.275],[12.463,13.071],[12.102,13.1],[11.506,13.352],[10.687,13.357],[10.067,13.205],[9.621,12.806],[8.943,12.843],[8.405,13.068],[8.116,13.28],[7.848,13.335],[7.423,13.112],[6.938,12.994],[6.405,13.643],[5.537,13.894],[5.261,13.741],[4.603,13.731],[4.142,13.463],[4.093,12.984],[3.665,12.52],[3.671,11.767],[3.605,11.697],[2.834,12.402],[2.386,12.243],[2.457,11.99],[2.405,11.9],[2.075,12.346],[2.269,12.44],[2.145,12.691],[1.994,12.732],[1.856,12.61],[1.585,12.635],[1.133,12.987],[1.002,13.01],[0.997,13.36],[1.168,13.327],[1.2,13.382],[0.982,13.573],[0.622,13.709],[0.402,14.029],[0.39,14.276],[0.172,14.528],[0.229,14.99],[0.962,14.981],[1.353,15.267],[2.618,15.366],[3.508,15.344],[3.55,15.491],[3.868,15.694],[4.073,16.317],[4.079,16.896],[4.24,17.01],[4.243,19.139],[5.81,19.449],[7.459,20.837],[11.999,23.513],[13.422,23.207],[14.191,22.652],[14.998,22.997],[15.187,22.012],[15.205,21.511],[15.601,20.972],[15.598,20.773]],[[1.216,13.381],[1.287,13.355],[1.241,13.394],[1.216,13.381]]]}},{"type":"Feature","properties":{"iso":"MD","name":"Moldova"},"geometry":{"type":"Polygon","coordinates":[[[28.168,45.695],[28.114,45.815],[28.092,46.015],[28.135,46.161],[28.116,46.245],[28.187,46.306],[28.253,46.444],[28.219,46.53],[28.239,46.662],[28.112,46.839],[28.082,46.981],[27.88,47.088],[27.811,47.146],[27.735,47.282],[27.638,47.31],[27.598,47.357],[27.552,47.466],[27.478,47.492],[27.444,47.537],[27.277,47.695],[27.282,47.757],[27.164,47.922],[27.151,47.988],[27.019,48.122],[26.802,48.249],[26.631,48.26],[26.7,48.315],[26.769,48.33],[26.793,48.402],[26.968,48.378],[27.1,48.409],[27.234,48.385],[27.611,48.466],[27.792,48.428],[28.131,48.246],[28.318,48.224],[28.466,48.107],[28.639,48.155],[28.801,48.119],[28.94,47.975],[29.174,47.95],[29.246,47.779],[29.157,47.551],[29.18,47.482],[29.311,47.421],[29.425,47.32],[29.554,47.346],[29.569,47.201],[29.545,47.121],[29.598,47.061],[29.599,46.956],[29.752,46.882],[29.874,46.862],[29.934,46.816],[29.955,46.641],[29.934,46.528],[30.044,46.405],[29.883,46.377],[29.727,46.438],[29.622,46.375],[29.478,46.465],[29.397,46.477],[29.255,46.411],[29.23,46.497],[29.191,46.532],[29.006,46.473],[28.975,46.291],[29.025,46.19],[28.966,46.037],[28.813,45.967],[28.74,45.829],[28.533,45.715],[28.487,45.523],[28.321,45.526],[28.211,45.467],[28.101,45.604],[28.148,45.635],[28.168,45.695]]]}},{"type":"Feature","properties":{"iso":"ME","name":"Montenegro"},"geometry":{"type":"Polygon","coordinates":[[[20.278,42.823],[20.22,42.754],[20.082,42.776],[20.036,42.758],[20.03,42.712],[20.101,42.654],[20.076,42.556],[19.839,42.47],[19.827,42.47],[19.763,42.518],[19.766,42.605],[19.74,42.646],[19.634,42.599],[19.305,42.193],[19.385,42.094],[19.357,41.944],[19.373,41.844],[19.309,41.886],[19.171,41.938],[19.139,42.036],[19.063,42.125],[19.007,42.146],[18.872,42.275],[18.758,42.284],[18.684,42.372],[18.59,42.385],[18.56,42.448],[18.525,42.451],[18.525,42.42],[18.447,42.485],[18.438,42.556],[18.528,42.586],[18.56,42.658],[18.552,42.712],[18.465,42.796],[18.494,42.968],[18.54,43.018],[18.647,43.049],[18.681,43.205],[18.763,43.291],[18.893,43.348],[18.934,43.337],[18.992,43.266],[19.034,43.284],[19.062,43.346],[18.946,43.497],[18.956,43.52],[19.224,43.528],[19.242,43.473],[19.439,43.387],[19.521,43.301],[19.658,43.187],[19.842,43.112],[19.959,43.096],[20.064,43.007],[20.33,42.911],[20.353,42.833],[20.278,42.823]]]}},{"type":"Feature","properties":{"iso":"MK","name":"North Macedonia"},"geometry":{"type":"Polygon","coordinates":[[[22.867,42.022],[22.875,41.938],[23.026,41.723],[22.954,41.63],[22.968,41.52],[22.96,41.365],[22.928,41.339],[22.879,41.341],[22.774,41.322],[22.724,41.151],[22.661,41.179],[22.589,41.124],[22.332,41.12],[22.216,41.17],[22.128,41.131],[22.056,41.152],[21.929,41.1],[21.787,40.931],[21.686,40.93],[21.572,40.876],[21.419,40.912],[21.258,40.86],[21.209,40.877],[20.98,40.856],[20.954,40.913],[20.838,40.928],[20.794,40.903],[20.74,40.915],[20.672,41.074],[20.598,41.092],[20.502,41.317],[20.553,41.405],[20.466,41.546],[20.558,41.582],[20.52,41.721],[20.567,41.8],[20.563,41.846],[20.594,41.877],[20.715,41.865],[20.763,41.938],[20.754,42.013],[20.783,42.074],[21.095,42.197],[21.166,42.187],[21.213,42.111],[21.307,42.109],[21.368,42.227],[21.443,42.235],[21.468,42.266],[21.587,42.263],[21.688,42.239],[21.846,42.316],[21.909,42.307],[21.951,42.334],[22.063,42.3],[22.274,42.363],[22.36,42.311],[22.51,42.155],[22.671,42.071],[22.867,42.022]]]}},{"type":"Feature","properties":{"iso":"MT","name":"Malta"},"geometry":{"type":"MultiPolygon","coordinates":[[[[14.489,35.93],[14.574,35.868],[14.56,35.823],[14.516,35.807],[14.417,35.829],[14.339,35.879],[14.33,35.897],[14.343,35.934],[14.333,35.986],[14.367,35.988],[14.403,35.95],[14.424,35.959],[14.489,35.93]]],[[[14.185,36.066],[14.235,36.082],[14.31,36.059],[14.335,36.033],[14.262,36.012],[14.188,36.037],[14.185,36.066]]]]}},{"type":"Feature","properties":{"iso":"KZ","name":"Kazakhstan"},"geometry":{"type":"Polygon","coordinates":[[[46.76,48.9],[46.95,49.023],[47.0,49.093],[47.0,49.108],[47.028,49.132],[47.0,49.161],[47.0,49.209],[46.798,49.366],[46.894,49.807],[47.0,49.864],[47.25,49.999],[47.316,50.297],[47.493,50.434],[47.851,50.291],[48.276,49.868],[48.438,49.833],[48.693,49.916],[48.845,50.04],[48.611,50.636],[48.835,50.626],[49.362,50.858],[49.433,51.108],[49.73,51.127],[50.313,51.335],[50.562,51.609],[50.755,51.61],[50.787,51.741],[51.292,51.661],[51.362,51.498],[51.707,51.499],[51.846,51.656],[52.308,51.738],[52.589,51.484],[53.401,51.494],[53.587,51.401],[53.69,51.244],[54.078,51.127],[54.462,50.848],[54.448,50.645],[54.558,50.555],[54.687,50.622],[54.743,50.869],[55.054,50.902],[55.283,50.705],[55.683,50.588],[56.07,50.745],[56.189,50.898],[56.507,51.052],[56.696,50.999],[56.796,51.068],[57.155,51.076],[57.502,50.897],[57.703,50.947],[57.802,51.113],[58.291,51.135],[58.557,51.038],[58.626,50.845],[58.959,50.701],[59.458,50.647],[59.568,50.541],[59.821,50.599],[60.074,50.848],[60.39,50.685],[61.046,50.7],[61.44,50.833],[61.604,51.302],[61.461,51.414],[61.032,51.473],[60.861,51.609],[60.489,51.655],[60.46,51.804],[60.085,51.95],[61.017,52.325],[60.735,52.701],[61.079,52.978],[61.998,52.972],[62.115,53.045],[61.691,53.228],[61.205,53.315],[61.252,53.469],[61.548,53.535],[60.964,53.627],[61.177,53.8],[61.044,53.928],[61.221,53.944],[61.405,54.07],[61.964,53.961],[62.091,54.044],[62.402,54.045],[62.535,53.929],[62.81,54.093],[63.247,54.195],[64.667,54.389],[65.18,54.354],[65.233,54.519],[65.507,54.632],[65.906,54.692],[66.085,54.632],[68.153,54.967],[68.244,55.054],[68.235,55.171],[68.582,55.201],[68.781,55.338],[68.958,55.319],[68.998,55.414],[69.721,55.326],[70.166,55.148],[70.505,55.266],[70.818,55.265],[70.987,55.082],[71.062,54.793],[71.264,54.648],[71.201,54.369],[71.066,54.299],[71.17,54.14],[71.651,54.116],[71.835,54.236],[72.132,54.175],[72.12,54.35],[72.425,54.144],[72.444,53.938],[72.669,53.983],[72.562,54.07],[72.634,54.122],[73.295,53.961],[73.697,54.048],[73.681,53.896],[73.453,53.851],[73.286,53.668],[73.29,53.574],[73.442,53.476],[73.951,53.634],[74.385,53.488],[74.501,53.662],[75.348,53.927],[75.465,54.091],[76.274,54.339],[76.875,54.431],[76.757,54.182],[76.478,54.137],[76.524,54.038],[77.907,53.269],[79.173,51.93],[80.045,50.829],[80.431,50.981],[80.466,51.177],[80.711,51.287],[81.114,51.182],[81.106,50.976],[81.378,50.961],[81.515,50.767],[82.531,50.765],[82.783,50.918],[83.426,50.992],[83.93,50.797],[84.198,50.533],[84.308,50.254],[84.971,50.054],[85.276,49.607],[86.152,49.493],[86.735,49.792],[86.667,49.592],[87.313,49.1],[86.863,49.099],[86.732,48.974],[86.795,48.842],[86.753,48.719],[86.584,48.552],[85.723,48.348],[85.549,47.938],[85.7,47.281],[85.511,47.069],[85.234,47.047],[84.788,46.836],[84.673,46.997],[84.024,46.973],[83.055,47.209],[82.288,45.611],[82.315,45.526],[82.609,45.406],[82.503,45.147],[82.243,45.228],[81.934,45.171],[81.683,45.354],[80.906,45.138],[80.102,45.043],[79.91,44.926],[80.011,44.818],[80.266,44.831],[80.464,44.731],[80.354,44.485],[80.405,44.192],[80.73,43.477],[80.681,43.316],[80.786,43.202],[80.428,43.049],[80.532,42.895],[80.243,42.774],[80.185,42.64],[80.246,42.221],[80.126,42.214],[79.937,42.429],[79.51,42.464],[79.165,42.777],[78.491,42.899],[78.062,42.847],[76.908,42.982],[76.357,42.869],[75.872,42.949],[75.71,42.803],[75.217,42.841],[74.264,43.233],[73.578,43.029],[73.425,42.607],[73.471,42.418],[71.839,42.827],[71.288,42.771],[71.035,42.575],[71.071,42.485],[70.974,42.47],[70.885,42.32],[70.94,42.259],[70.616,42.023],[70.412,42.103],[70.044,41.781],[69.619,41.648],[69.398,41.467],[69.018,41.313],[68.61,40.907],[68.625,40.641],[68.478,40.608],[68.06,40.803],[68.125,41.022],[67.918,41.178],[66.634,41.266],[66.521,41.862],[66.019,41.983],[66.088,42.921],[65.825,42.905],[65.643,43.299],[65.128,43.758],[64.51,43.604],[63.38,43.67],[62.028,43.497],[61.109,44.27],[58.582,45.582],[56.014,44.988],[56.001,41.318],[55.511,41.258],[55.247,41.453],[54.828,42.026],[54.154,42.342],[53.412,42.256],[53.019,42.131],[52.432,41.76],[52.484,41.903],[52.424,42.117],[52.72,42.671],[52.469,42.814],[51.913,42.859],[51.632,43.16],[51.311,43.173],[51.25,43.545],[50.828,44.174],[50.278,44.342],[50.232,44.516],[50.357,44.642],[50.862,44.619],[51.13,44.492],[51.485,44.533],[50.972,44.878],[50.996,44.973],[51.254,45.054],[51.277,45.193],[51.43,45.355],[51.757,45.427],[53.2,45.334],[52.747,45.569],[53.061,45.982],[53.146,46.261],[53.131,46.339],[52.993,46.26],[53.087,46.416],[53.029,46.519],[53.188,46.662],[53.053,46.868],[52.475,46.98],[52.158,46.811],[51.753,46.926],[51.669,47.024],[51.185,47.103],[50.579,46.861],[50.425,46.874],[49.835,46.556],[49.374,46.504],[49.203,46.385],[49.214,46.333],[48.51,46.667],[48.593,46.763],[48.822,46.69],[48.981,46.773],[48.593,47.395],[48.378,47.452],[48.045,47.752],[47.219,47.744],[47.053,47.974],[47.164,48.069],[47.071,48.217],[47.0,48.248],[47.0,48.266],[46.899,48.336],[46.525,48.453],[46.76,48.9]],[[79.847,44.918],[79.885,44.88],[79.883,44.92],[79.847,44.918]]]}},{"type":"Feature","properties":{"iso":"MY","name":"Malaysia"},"geometry":{"type":"MultiPolygon","coordinates":[[[[117.304,6.63],[117.536,6.576],[117.712,6.42],[117.613,6.176],[117.651,5.921],[118.001,6.029],[118.094,5.867],[117.957,5.694],[118.111,5.697],[118.256,5.827],[118.447,5.759],[118.919,5.441],[119.183,5.423],[119.238,5.195],[118.708,4.95],[118.388,5.004],[118.205,4.938],[118.15,4.848],[118.259,4.68],[118.533,4.649],[118.429,4.588],[118.675,4.452],[117.991,4.238],[117.627,4.373],[117.66,4.272],[117.896,4.167],[117.474,4.19],[117.228,4.353],[116.574,4.379],[116.453,4.316],[116.23,4.381],[116.067,4.305],[115.886,4.36],[115.59,3.92],[115.632,3.461],[115.514,3.087],[115.157,2.896],[115.108,2.647],[115.213,2.504],[114.786,2.209],[114.864,1.941],[114.729,1.822],[114.562,1.454],[114.407,1.504],[113.993,1.441],[113.654,1.246],[113.05,1.427],[112.99,1.559],[112.514,1.567],[112.226,1.44],[112.124,1.154],[111.829,1.002],[111.543,0.971],[111.201,1.071],[110.572,0.864],[110.284,1.013],[109.675,1.617],[109.667,1.775],[109.553,1.883],[109.643,2.076],[109.703,1.883],[109.907,1.73],[110.404,1.728],[110.604,1.57],[111.048,1.464],[111.313,2.72],[111.413,2.635],[111.663,2.832],[112.982,3.171],[113.858,4.176],[113.98,4.552],[114.071,4.589],[114.252,4.501],[114.326,4.272],[114.444,4.265],[114.642,4.011],[114.761,4.09],[114.878,4.404],[114.781,4.718],[115.012,4.892],[115.103,4.385],[115.334,4.315],[115.155,4.913],[115.354,4.916],[115.517,5.053],[115.57,5.204],[115.393,5.283],[115.392,5.398],[115.587,5.594],[115.847,5.578],[116.033,5.858],[116.118,6.125],[116.513,6.532],[116.739,6.983],[116.834,6.913],[116.802,6.591],[117.15,6.982],[117.236,6.916],[117.304,6.63]]],[[[100.735,6.486],[100.856,6.247],[101.097,6.25],[101.116,5.973],[100.996,5.8],[101.147,5.626],[101.272,5.795],[101.57,5.925],[101.688,5.77],[101.818,5.746],[102.091,6.241],[102.345,6.164],[102.527,5.859],[103.163,5.312],[103.429,4.805],[103.472,4.549],[103.492,4.315],[103.338,3.751],[103.469,3.499],[103.448,2.907],[103.617,2.688],[103.821,2.579],[104.192,1.786],[104.282,1.376],[104.11,1.362],[103.995,1.598],[103.998,1.435],[103.714,1.468],[103.513,1.271],[103.423,1.304],[103.378,1.517],[102.697,1.873],[102.525,2.072],[102.165,2.224],[101.875,2.422],[101.784,2.588],[101.503,2.686],[101.243,2.926],[101.25,3.025],[101.361,3.034],[101.297,3.25],[101.029,3.625],[100.717,3.881],[100.76,4.078],[100.572,4.318],[100.634,4.664],[100.372,5.077],[100.431,5.212],[100.35,5.97],[100.121,6.422],[100.183,6.698],[100.281,6.7],[100.387,6.534],[100.735,6.486]]],[[[117.062,7.293],[117.15,7.351],[117.28,7.353],[117.224,7.186],[117.058,7.126],[117.062,7.293]]],[[[99.732,6.265],[99.643,6.418],[99.897,6.45],[99.909,6.321],[99.732,6.265]]]]}},{"type":"Feature","properties":{"iso":"NG","name":"Nigeria"},"geometry":{"type":"Polygon","coordinates":[[[7.423,13.112],[7.848,13.335],[8.116,13.28],[8.405,13.068],[8.943,12.843],[9.621,12.806],[10.067,13.205],[10.687,13.357],[11.506,13.352],[12.102,13.1],[12.463,13.071],[12.588,13.275],[12.869,13.49],[13.195,13.528],[13.344,13.709],[13.635,13.711],[14.085,13.078],[14.189,12.398],[14.468,12.354],[14.667,12.172],[14.561,11.726],[14.641,11.578],[14.199,11.252],[13.994,11.298],[13.73,10.984],[13.492,10.206],[13.254,10.023],[13.29,9.82],[13.217,9.569],[12.87,9.378],[12.894,9.112],[12.786,8.762],[12.596,8.604],[12.455,8.622],[12.38,8.442],[12.261,8.427],[12.203,7.969],[11.924,7.462],[11.862,7.101],[11.632,6.973],[11.544,6.666],[11.362,6.517],[11.12,6.532],[11.074,6.682],[10.925,6.714],[10.815,6.942],[10.585,7.11],[10.476,6.883],[10.23,6.895],[10.14,7.014],[9.786,6.774],[9.7,6.533],[9.476,6.44],[8.87,5.837],[8.903,5.549],[8.809,5.174],[8.502,4.697],[8.495,4.779],[8.402,4.738],[8.405,4.83],[8.263,4.915],[8.268,4.538],[7.375,4.44],[7.147,4.657],[7.14,4.465],[7.03,4.446],[6.967,4.605],[6.997,4.383],[6.83,4.469],[6.849,4.364],[6.733,4.356],[6.699,4.434],[6.687,4.344],[6.323,4.297],[6.259,4.303],[6.26,4.401],[6.12,4.277],[6.078,4.357],[6.02,4.303],[5.789,4.449],[5.554,4.716],[5.332,5.331],[5.47,5.361],[5.507,5.45],[5.393,5.395],[5.22,5.465],[5.076,5.784],[4.593,6.278],[3.916,6.434],[2.709,6.376],[2.795,7.448],[2.677,7.89],[2.79,9.058],[3.092,9.118],[3.139,9.454],[3.34,9.685],[3.344,9.81],[3.591,9.943],[3.672,10.15],[3.593,10.263],[3.666,10.43],[3.786,10.435],[3.845,10.614],[3.715,11.113],[3.488,11.44],[3.671,11.767],[3.665,12.52],[4.093,12.984],[4.142,13.463],[4.603,13.731],[5.261,13.741],[5.537,13.894],[6.405,13.643],[6.938,12.994],[7.423,13.112]]]}},{"type":"Feature","properties":{"iso":"NI","name":"Nicaragua"},"geometry":{"type":"Polygon","coordinates":[[[-83.211,14.302],[-83.439,13.945],[-83.558,13.434],[-83.526,12.815],[-83.644,12.795],[-83.608,12.632],[-83.773,12.512],[-83.721,12.341],[-83.653,12.346],[-83.543,12.733],[-83.495,12.407],[-83.664,12.309],[-83.69,12.052],[-83.828,11.877],[-83.768,11.807],[-83.718,11.876],[-83.66,11.603],[-83.873,11.314],[-83.681,10.801],[-83.92,10.713],[-84.205,10.789],[-84.363,10.981],[-84.671,11.071],[-84.925,10.948],[-85.591,11.212],[-85.695,11.08],[-85.78,11.115],[-86.507,11.77],[-86.783,12.204],[-87.682,12.917],[-87.578,13.048],[-87.426,12.922],[-87.011,13.002],[-86.888,13.271],[-86.716,13.297],[-86.748,13.773],[-86.349,13.769],[-86.039,14.071],[-85.758,13.841],[-85.737,13.971],[-85.422,14.118],[-85.333,14.242],[-85.178,14.266],[-85.216,14.374],[-85.142,14.561],[-85.052,14.574],[-84.896,14.803],[-84.464,14.622],[-84.366,14.698],[-84.273,14.667],[-84.242,14.742],[-83.82,14.782],[-83.505,14.988],[-83.145,14.998],[-83.306,14.777],[-83.211,14.302]]]}},{"type":"Feature","properties":{"iso":"NL","name":"Netherlands"},"geometry":{"type":"MultiPolygon","coordinates":[[[[7.078,53.299],[7.093,53.257],[7.209,53.243],[7.201,52.986],[7.073,52.812],[7.053,52.657],[7.006,52.639],[6.71,52.628],[6.73,52.574],[6.698,52.486],[6.924,52.442],[6.996,52.454],[7.063,52.373],[7.034,52.291],[7.066,52.241],[6.992,52.222],[6.859,52.127],[6.76,52.119],[6.695,52.051],[6.819,51.99],[6.77,51.921],[6.419,51.861],[6.408,51.828],[6.168,51.901],[6.153,51.846],[6.061,51.859],[5.966,51.829],[5.98,51.771],[5.953,51.748],[6.103,51.656],[6.106,51.601],[6.204,51.519],[6.224,51.365],[6.073,51.243],[6.089,51.179],[6.175,51.185],[5.963,51.048],[5.9,51.059],[5.877,51.032],[5.91,50.986],[6.009,50.982],[6.031,50.934],[6.087,50.913],[6.072,50.858],[6.01,50.804],[6.021,50.754],[5.892,50.755],[5.774,50.775],[5.682,50.757],[5.688,50.812],[5.654,50.866],[5.733,50.927],[5.835,51.156],[5.566,51.221],[5.548,51.269],[5.498,51.296],[5.238,51.262],[5.226,51.309],[5.145,51.321],[5.088,51.382],[5.102,51.429],[5.042,51.479],[4.899,51.406],[4.841,51.428],[4.829,51.48],[4.76,51.502],[4.67,51.426],[4.548,51.429],[4.528,51.476],[4.486,51.478],[4.39,51.444],[4.406,51.365],[4.244,51.375],[3.975,51.453],[3.827,51.393],[3.704,51.45],[3.564,51.447],[3.46,51.53],[3.561,51.585],[3.811,51.6],[4.116,51.444],[4.208,51.446],[4.183,51.507],[4.007,51.575],[4.04,51.62],[3.831,51.683],[3.701,51.691],[3.724,51.73],[3.839,51.758],[3.893,51.818],[4.041,51.843],[4.043,51.898],[3.997,51.961],[4.128,52.001],[4.374,52.187],[4.494,52.328],[4.561,52.437],[4.61,52.573],[4.649,52.756],[4.74,52.959],[4.885,52.894],[5.164,53.001],[5.353,53.087],[5.411,53.152],[5.442,53.21],[5.601,53.304],[5.895,53.386],[6.191,53.411],[6.314,53.401],[6.762,53.465],[6.86,53.447],[6.875,53.408],[6.918,53.345],[6.993,53.312],[7.078,53.299]]],[[[4.105,51.356],[4.192,51.37],[4.235,51.348],[4.166,51.293],[4.105,51.265],[3.978,51.225],[3.856,51.211],[3.602,51.301],[3.534,51.29],[3.5,51.247],[3.381,51.274],[3.366,51.37],[3.516,51.404],[3.859,51.339],[3.994,51.398],[4.105,51.356]]],[[[4.72,52.984],[4.708,53.022],[4.72,53.061],[4.841,53.183],[4.861,53.183],[4.909,53.135],[4.897,53.077],[4.862,53.042],[4.819,53.029],[4.784,53.001],[4.751,53.009],[4.72,52.984]]],[[[5.169,53.348],[5.149,53.356],[5.196,53.395],[5.495,53.445],[5.517,53.429],[5.442,53.404],[5.384,53.401],[5.292,53.37],[5.258,53.372],[5.169,53.348]]],[[[5.97,53.468],[5.969,53.454],[5.81,53.437],[5.727,53.442],[5.643,53.424],[5.607,53.448],[5.643,53.471],[5.752,53.461],[5.97,53.468]]],[[[6.147,53.503],[6.384,53.519],[6.395,53.512],[6.262,53.476],[6.141,53.472],[6.131,53.48],[6.147,53.503]]],[[[4.891,53.238],[4.973,53.271],[4.984,53.254],[4.922,53.215],[4.885,53.229],[4.891,53.238]]],[[[4.782,51.445],[4.831,51.415],[4.788,51.396],[4.746,51.438],[4.782,51.445]]],[[[5.055,53.314],[5.077,53.288],[5.001,53.264],[4.989,53.282],[5.055,53.314]]],[[[4.864,53.24],[4.886,53.226],[4.877,53.197],[4.832,53.205],[4.864,53.24]]]]}},{"type":"Feature","properties":{"iso":"PT","name":"Portugal"},"geometry":{"type":"MultiPolygon","coordinates":[[[[-7.898,41.919],[-7.879,41.86],[-7.707,41.903],[-7.616,41.875],[-7.599,41.835],[-7.469,41.863],[-7.418,41.818],[-7.2,41.88],[-7.161,41.981],[-7.047,41.951],[-6.986,41.971],[-6.904,41.942],[-6.835,41.949],[-6.796,41.987],[-6.717,41.938],[-6.577,41.955],[-6.56,41.888],[-6.524,41.86],[-6.561,41.746],[-6.534,41.679],[-6.324,41.668],[-6.204,41.586],[-6.325,41.394],[-6.48,41.294],[-6.69,41.205],[-6.809,41.048],[-6.93,41.029],[-6.808,40.86],[-6.826,40.75],[-6.801,40.662],[-6.838,40.58],[-6.801,40.519],[-6.843,40.443],[-6.789,40.352],[-6.865,40.271],[-6.951,40.257],[-7.014,40.213],[-7.019,40.159],[-6.873,40.008],[-6.911,39.873],[-6.975,39.813],[-7.018,39.679],[-7.344,39.644],[-7.543,39.663],[-7.497,39.594],[-7.309,39.459],[-7.313,39.354],[-7.231,39.278],[-7.237,39.214],[-7.148,39.17],[-7.135,39.113],[-7.011,39.101],[-6.96,39.031],[-7.049,38.869],[-7.255,38.711],[-7.255,38.616],[-7.309,38.521],[-7.308,38.446],[-7.108,38.188],[-6.932,38.208],[-7.013,38.025],[-7.103,38.036],[-7.251,37.979],[-7.298,37.854],[-7.419,37.741],[-7.501,37.603],[-7.513,37.526],[-7.452,37.421],[-7.402,37.175],[-7.56,37.15],[-7.92,36.975],[-8.174,37.086],[-8.597,37.12],[-8.941,37.012],[-8.976,37.049],[-8.796,37.443],[-8.796,37.858],[-8.813,37.919],[-8.875,37.966],[-8.781,38.192],[-8.819,38.419],[-8.706,38.42],[-8.735,38.516],[-8.778,38.534],[-8.807,38.492],[-8.894,38.512],[-9.047,38.443],[-9.211,38.422],[-9.187,38.53],[-9.247,38.655],[-9.235,38.689],[-9.331,38.682],[-9.477,38.716],[-9.491,38.788],[-9.424,38.938],[-9.416,39.055],[-9.341,39.23],[-9.354,39.357],[-9.097,39.568],[-9.04,39.741],[-8.895,40.046],[-8.87,40.13],[-8.9,40.202],[-8.784,40.52],[-8.736,40.621],[-8.727,40.727],[-8.687,40.75],[-8.7,40.798],[-8.653,40.965],[-8.664,41.118],[-8.781,41.402],[-8.776,41.472],[-8.812,41.612],[-8.875,41.747],[-8.863,41.872],[-8.626,42.045],[-8.354,42.084],[-8.199,42.154],[-8.179,42.079],[-8.113,42.073],[-8.089,42.039],[-8.207,41.919],[-8.165,41.818],[-8.052,41.821],[-7.898,41.919]]],[[[-25.488,37.847],[-25.472,37.826],[-25.428,37.824],[-25.329,37.854],[-25.261,37.862],[-25.149,37.85],[-25.135,37.824],[-25.138,37.781],[-25.17,37.742],[-25.202,37.735],[-25.249,37.746],[-25.368,37.714],[-25.484,37.718],[-25.51,37.707],[-25.566,37.743],[-25.631,37.75],[-25.698,37.736],[-25.842,37.829],[-25.855,37.861],[-25.785,37.911],[-25.72,37.886],[-25.691,37.843],[-25.629,37.832],[-25.586,37.814],[-25.526,37.824],[-25.488,37.847]]],[[[-16.907,32.837],[-16.885,32.827],[-16.822,32.768],[-16.735,32.746],[-16.773,32.692],[-16.831,32.641],[-16.905,32.646],[-16.943,32.633],[-17.02,32.653],[-17.213,32.737],[-17.266,32.815],[-17.194,32.871],[-17.168,32.869],[-17.125,32.828],[-17.051,32.809],[-16.907,32.837]]],[[[-28.179,38.409],[-28.237,38.383],[-28.268,38.411],[-28.364,38.412],[-28.412,38.427],[-28.446,38.42],[-28.517,38.453],[-28.543,38.51],[-28.515,38.549],[-28.476,38.561],[-28.391,38.559],[-28.324,38.532],[-28.295,38.507],[-28.242,38.499],[-28.191,38.463],[-28.057,38.443],[-28.029,38.412],[-28.094,38.4],[-28.179,38.409]]],[[[-27.042,38.736],[-27.04,38.696],[-27.073,38.67],[-27.078,38.643],[-27.173,38.653],[-27.278,38.652],[-27.354,38.687],[-27.382,38.748],[-27.335,38.794],[-27.257,38.804],[-27.101,38.786],[-27.042,38.736]]],[[[-28.026,38.602],[-28.065,38.625],[-28.106,38.632],[-28.227,38.682],[-28.273,38.735],[-28.262,38.744],[-28.067,38.679],[-28.025,38.673],[-27.915,38.616],[-27.774,38.564],[-27.769,38.542],[-27.824,38.532],[-27.942,38.588],[-28.026,38.602]]],[[[-28.76,38.559],[-28.805,38.591],[-28.757,38.612],[-28.715,38.646],[-28.666,38.633],[-28.596,38.593],[-28.603,38.543],[-28.632,38.523],[-28.721,38.516],[-28.751,38.522],[-28.76,38.559]]],[[[-25.092,36.949],[-25.168,36.945],[-25.186,36.985],[-25.15,37.009],[-25.053,37.013],[-25.055,36.99],[-25.019,36.963],[-25.016,36.93],[-25.069,36.929],[-25.092,36.949]]],[[[-28.072,39.067],[-28.049,39.095],[-27.996,39.088],[-27.948,39.021],[-27.969,39.008],[-28.036,39.024],[-28.072,39.067]]],[[[-16.376,33.075],[-16.323,33.105],[-16.296,33.099],[-16.297,33.061],[-16.326,33.061],[-16.378,33.025],[-16.395,33.04],[-16.376,33.075]]]]}},{"type":"Feature","properties":{"iso":"QA","name":"Qatar"},"geometry":{"type":"Polygon","coordinates":[[[50.863,24.831],[50.777,25.47],[50.839,25.594],[50.928,25.535],[50.917,25.729],[51.043,26.011],[51.287,26.127],[51.576,25.873],[51.498,25.499],[51.625,25.055],[51.431,24.654],[51.274,24.626],[51.306,24.506],[51.105,24.474],[50.925,24.555],[50.815,24.739],[50.863,24.831]]]}},{"type":"Feature","properties":{"iso":"RO","name":"Romania"},"geometry":{"type":"Polygon","coordinates":[[[27.478,47.492],[27.552,47.466],[27.598,47.357],[27.638,47.31],[27.735,47.282],[27.811,47.146],[27.88,47.088],[28.082,46.981],[28.112,46.839],[28.239,46.662],[28.219,46.53],[28.253,46.444],[28.187,46.306],[28.116,46.245],[28.135,46.161],[28.092,46.015],[28.114,45.815],[28.168,45.695],[28.148,45.635],[28.101,45.604],[28.211,45.467],[28.27,45.442],[28.361,45.318],[28.712,45.228],[28.776,45.242],[28.766,45.285],[28.82,45.326],[28.935,45.29],[29.234,45.427],[29.429,45.438],[29.63,45.356],[29.68,45.212],[29.64,45.2],[29.678,45.149],[29.616,44.874],[29.583,44.824],[29.225,44.791],[29.099,44.754],[28.994,44.68],[28.632,44.301],[28.661,43.988],[28.579,43.739],[28.221,43.764],[28.003,43.843],[27.922,43.999],[27.756,43.962],[27.695,43.987],[27.648,44.039],[27.597,44.015],[27.403,44.019],[27.295,44.081],[27.271,44.126],[26.922,44.137],[26.766,44.082],[26.358,44.037],[26.112,43.969],[25.775,43.71],[25.672,43.688],[25.545,43.643],[25.391,43.623],[25.296,43.655],[24.994,43.723],[24.736,43.692],[24.655,43.724],[24.5,43.759],[24.324,43.698],[24.112,43.7],[23.73,43.803],[23.63,43.791],[23.423,43.852],[22.997,43.808],[22.887,43.834],[22.847,43.878],[22.892,43.983],[23.034,44.045],[23.024,44.08],[22.675,44.216],[22.672,44.275],[22.54,44.327],[22.468,44.465],[22.539,44.482],[22.601,44.545],[22.744,44.535],[22.752,44.561],[22.704,44.602],[22.433,44.706],[22.312,44.657],[22.19,44.497],[22.144,44.478],[22.051,44.533],[22.016,44.599],[21.965,44.637],[21.688,44.665],[21.641,44.66],[21.624,44.667],[21.581,44.757],[21.407,44.781],[21.358,44.822],[21.396,44.864],[21.542,44.904],[21.398,45.012],[21.505,45.128],[21.479,45.193],[21.244,45.242],[21.174,45.315],[21.017,45.325],[20.852,45.466],[20.778,45.489],[20.813,45.531],[20.813,45.551],[20.771,45.606],[20.811,45.774],[20.72,45.754],[20.663,45.794],[20.568,45.898],[20.367,45.99],[20.264,46.126],[20.349,46.165],[20.457,46.15],[20.511,46.184],[20.627,46.135],[20.705,46.161],[20.776,46.276],[21.086,46.256],[21.174,46.313],[21.215,46.402],[21.304,46.427],[21.268,46.509],[21.32,46.616],[21.441,46.651],[21.446,46.689],[21.518,46.716],[21.496,46.775],[21.53,46.835],[21.602,46.875],[21.668,46.978],[21.659,47.022],[21.688,47.054],[21.795,47.121],[21.929,47.357],[22.02,47.393],[22.021,47.51],[22.128,47.598],[22.181,47.6],[22.223,47.678],[22.321,47.755],[22.42,47.747],[22.472,47.806],[22.564,47.774],[22.663,47.786],[22.896,47.954],[22.935,47.969],[22.938,48.011],[23.074,48.011],[23.125,48.088],[23.174,48.11],[23.251,48.097],[23.358,48.015],[23.494,47.968],[23.534,48.012],[23.769,47.992],[23.855,47.945],[24.008,47.965],[24.233,47.902],[24.431,47.965],[24.588,47.961],[24.693,47.851],[24.812,47.821],[24.888,47.732],[24.947,47.729],[25.103,47.752],[25.241,47.887],[25.32,47.914],[26.099,47.979],[26.188,48.004],[26.348,48.187],[26.55,48.216],[26.631,48.26],[26.802,48.249],[27.019,48.122],[27.151,47.988],[27.164,47.922],[27.282,47.757],[27.277,47.695],[27.391,47.589],[27.478,47.492]]]}},{"type":"Feature","properties":{"iso":"MX","name":"Mexico"},"geometry":{"type":"MultiPolygon","coordinates":[[[[-106.207,31.489],[-104.92,30.585],[-104.488,29.63],[-104.077,29.347],[-103.259,28.991],[-103.12,29.001],[-102.886,29.226],[-102.672,29.719],[-102.314,29.861],[-101.456,29.765],[-100.799,29.234],[-100.269,28.265],[-100.055,28.105],[-99.838,27.767],[-99.531,27.572],[-99.441,27.028],[-99.243,26.79],[-99.092,26.423],[-98.218,26.066],[-97.683,26.024],[-97.416,25.85],[-97.146,25.952],[-97.219,25.619],[-97.43,25.224],[-97.456,25.35],[-97.646,25.224],[-97.706,25.064],[-97.772,22.97],[-97.868,22.563],[-97.619,21.568],[-97.469,21.406],[-97.431,21.537],[-97.509,21.664],[-97.369,21.565],[-97.397,21.211],[-97.187,20.709],[-96.501,19.894],[-96.282,19.344],[-95.868,18.866],[-94.874,18.533],[-94.463,18.171],[-92.108,18.678],[-91.965,18.634],[-91.784,18.431],[-91.455,18.482],[-91.261,18.642],[-91.288,18.897],[-90.77,19.328],[-90.679,19.686],[-90.485,19.934],[-90.474,20.5],[-90.357,20.909],[-90.083,21.122],[-89.614,21.287],[-88.778,21.399],[-88.144,21.588],[-87.243,21.421],[-87.063,21.552],[-86.772,21.121],[-86.887,20.846],[-87.287,20.428],[-87.458,20.121],[-87.494,19.841],[-87.729,19.636],[-87.67,19.54],[-87.481,19.496],[-87.663,19.296],[-87.651,19.212],[-87.517,19.261],[-87.836,18.271],[-88.049,18.503],[-88.05,18.825],[-88.317,18.489],[-88.502,18.469],[-88.852,17.894],[-89.028,17.995],[-89.143,17.93],[-89.147,17.809],[-90.96,17.792],[-91.005,17.288],[-91.351,17.209],[-90.423,16.391],[-90.459,16.104],[-91.72,16.054],[-92.185,15.296],[-92.086,15.068],[-92.231,14.533],[-93.185,15.459],[-94.154,16.199],[-94.354,16.253],[-94.43,16.169],[-95.119,16.176],[-96.208,15.71],[-96.845,15.745],[-97.238,15.919],[-97.76,15.989],[-98.536,16.327],[-98.798,16.533],[-99.666,16.713],[-100.021,16.939],[-100.994,17.255],[-101.94,17.944],[-102.281,17.951],[-103.392,18.29],[-103.937,18.833],[-104.957,19.345],[-105.451,19.941],[-105.654,20.364],[-105.275,20.612],[-105.469,20.796],[-105.225,21.228],[-105.226,21.476],[-105.47,21.73],[-105.395,22.179],[-105.659,22.326],[-105.842,22.665],[-106.403,23.178],[-107.123,24.098],[-107.449,24.297],[-107.548,24.487],[-107.984,24.678],[-107.951,24.891],[-108.049,25.057],[-108.804,25.53],[-109.034,25.506],[-108.976,25.636],[-109.318,25.745],[-109.413,25.992],[-109.149,26.318],[-109.463,26.691],[-109.786,26.747],[-110.0,27.081],[-110.0,31.332],[-108.256,31.333],[-108.149,31.779],[-106.413,31.736],[-106.207,31.489]]],[[[-109.462,23.493],[-109.44,23.307],[-109.529,23.14],[-109.939,22.893],[-110.0,22.914],[-110.0,24.109],[-109.848,24.02],[-109.673,23.674],[-109.462,23.493]]],[[[-87.018,20.413],[-86.926,20.553],[-86.746,20.568],[-86.898,20.345],[-86.99,20.27],[-87.018,20.413]]]]}},{"type":"Feature","properties":{"iso":"PH","name":"Philippines"},"geometry":{"type":"MultiPolygon","coordinates":[[[[122.046,18.319],[122.184,18.506],[122.323,18.347],[122.181,18.085],[122.149,17.742],[122.247,17.399],[122.411,17.314],[122.511,17.053],[122.224,16.453],[122.196,16.241],[121.743,16.061],[121.579,15.915],[121.613,15.702],[121.391,15.312],[121.685,14.731],[121.624,14.575],[121.781,14.132],[122.202,13.921],[122.279,13.998],[122.194,14.118],[122.232,14.194],[122.312,14.142],[122.464,14.322],[122.714,14.32],[123.021,14.105],[123.112,13.745],[123.287,13.787],[123.257,13.978],[123.33,14.048],[123.937,13.77],[123.603,13.706],[123.55,13.598],[123.79,13.305],[123.834,13.364],[124.052,13.259],[123.908,13.28],[123.763,13.166],[123.777,13.072],[123.911,13.114],[124.159,13.035],[124.092,12.568],[123.974,12.584],[123.861,12.749],[123.992,12.943],[123.75,12.872],[123.334,13.041],[123.185,13.409],[122.553,13.92],[122.475,13.888],[122.677,13.289],[122.611,13.191],[122.388,13.514],[121.836,13.91],[121.541,13.867],[121.419,13.677],[121.267,13.617],[121.086,13.644],[121.006,13.758],[120.908,13.728],[120.83,13.904],[120.654,13.865],[120.609,14.204],[120.955,14.489],[120.954,14.605],[120.846,14.737],[120.589,14.841],[120.583,14.492],[120.483,14.444],[120.248,14.83],[120.104,14.811],[119.92,15.421],[119.889,15.868],[119.763,15.976],[119.797,16.301],[119.915,16.392],[120.148,16.054],[120.392,16.15],[120.312,16.551],[120.441,17.003],[120.448,17.41],[120.348,17.603],[120.583,18.498],[120.83,18.632],[120.938,18.573],[121.164,18.614],[121.895,18.277],[122.046,18.319]]],[[[125.912,9.493],[126.048,9.249],[126.198,9.302],[126.171,9.109],[126.328,8.895],[126.1,8.615],[126.386,8.506],[126.33,8.221],[126.454,8.226],[126.365,7.879],[126.555,7.72],[126.597,7.492],[126.579,7.244],[126.444,7.003],[126.282,6.925],[126.335,6.811],[126.19,6.941],[126.248,6.745],[126.186,6.37],[125.848,7.343],[125.65,7.221],[125.666,7.142],[125.721,7.187],[125.787,7.126],[125.779,6.925],[125.646,7.092],[125.516,7.014],[125.389,6.798],[125.383,6.625],[125.579,6.502],[125.708,6.097],[125.42,5.59],[125.304,5.584],[125.182,5.804],[125.279,5.965],[125.252,6.09],[125.167,6.095],[125.066,5.868],[124.933,5.861],[124.194,6.207],[124.038,6.425],[124.022,6.772],[123.955,6.812],[124.236,7.399],[124.012,7.636],[123.664,7.819],[123.433,7.795],[123.468,7.659],[123.351,7.558],[123.437,7.375],[123.281,7.524],[123.13,7.51],[123.184,7.599],[123.116,7.725],[122.991,7.478],[122.877,7.509],[122.857,7.4],[122.948,7.373],[122.828,7.285],[122.814,7.733],[122.564,7.737],[122.359,7.458],[122.182,6.961],[122.092,6.894],[121.937,6.971],[121.902,7.13],[122.045,7.307],[122.101,7.756],[122.239,7.968],[122.661,8.146],[122.933,8.163],[123.042,8.493],[123.296,8.527],[123.396,8.715],[123.565,8.609],[123.722,8.613],[123.842,8.417],[123.864,8.174],[123.685,8.007],[123.999,8.185],[124.202,8.209],[124.389,8.594],[124.74,8.499],[124.809,8.998],[125.11,8.834],[125.201,9.078],[125.306,8.992],[125.515,9.018],[125.4,9.75],[125.456,9.809],[125.637,9.776],[125.636,9.62],[125.912,9.493]]],[[[125.654,11.141],[125.285,11.122],[125.133,11.247],[125.014,11.239],[125.033,10.797],[125.243,10.35],[125.148,10.233],[125.254,9.969],[125.008,10.37],[125.008,10.059],[124.791,10.177],[124.755,10.777],[124.609,10.948],[124.424,10.959],[124.331,11.467],[124.723,11.345],[124.871,11.456],[124.808,11.626],[124.855,11.683],[124.924,11.608],[124.982,11.719],[124.445,12.165],[124.315,12.499],[124.395,12.564],[124.691,12.533],[125.05,12.61],[125.472,12.189],[125.467,11.617],[125.654,11.141]]],[[[122.395,9.714],[122.397,9.85],[122.464,9.966],[122.667,9.987],[122.856,10.109],[122.819,10.514],[122.964,10.863],[123.201,10.997],[123.489,10.928],[123.551,10.804],[123.157,9.89],[123.121,9.608],[123.302,9.276],[123.207,9.109],[123.028,9.051],[122.853,9.32],[122.611,9.431],[122.395,9.714]]],[[[123.124,11.549],[123.105,11.193],[122.776,10.968],[122.733,10.796],[122.203,10.629],[121.958,10.426],[121.936,10.776],[122.039,11.002],[122.091,11.677],[121.871,11.779],[121.898,11.888],[122.365,11.734],[122.599,11.528],[122.808,11.604],[122.913,11.464],[123.124,11.549]]],[[[118.088,9.324],[119.023,10.38],[119.237,10.53],[119.297,10.823],[119.377,10.848],[119.329,11.011],[119.487,11.355],[119.572,11.183],[119.527,10.899],[119.647,10.511],[119.327,10.281],[119.159,10.05],[118.781,9.916],[118.631,9.458],[118.444,9.227],[118.15,9.13],[117.933,8.841],[117.217,8.403],[117.324,8.677],[117.609,9.007],[118.088,9.324]]],[[[121.483,12.784],[121.551,12.62],[121.385,12.325],[121.243,12.223],[121.106,12.243],[121.101,12.183],[121.037,12.24],[121.097,12.327],[120.796,12.743],[120.683,13.141],[120.528,13.233],[120.453,13.41],[120.306,13.443],[120.411,13.525],[120.746,13.471],[120.96,13.526],[121.049,13.416],[121.209,13.422],[121.547,13.123],[121.483,12.784]]],[[[123.456,9.561],[123.335,9.445],[123.391,9.976],[124.043,11.262],[123.975,10.281],[123.814,10.244],[123.676,10.088],[123.456,9.561]]],[[[124.266,9.607],[123.895,9.623],[123.771,9.56],[123.851,9.685],[123.81,9.85],[124.172,10.166],[124.477,10.067],[124.593,10.126],[124.57,9.745],[124.266,9.607]]],[[[124.043,11.794],[123.75,11.942],[123.514,12.19],[123.207,11.998],[123.263,12.557],[123.514,12.461],[123.917,12.165],[124.043,11.794]]],[[[124.198,13.531],[124.037,13.649],[124.114,13.75],[124.134,14.056],[124.21,14.087],[124.404,13.876],[124.404,13.674],[124.198,13.531]]],[[[121.97,6.744],[122.293,6.627],[122.184,6.462],[121.966,6.412],[121.795,6.621],[121.828,6.668],[121.97,6.744]]],[[[119.98,12.007],[119.865,12.315],[120.166,12.12],[120.254,12.185],[120.335,11.994],[119.98,12.007]]],[[[122.037,13.202],[121.821,13.341],[121.872,13.57],[122.083,13.512],[122.145,13.408],[122.037,13.202]]],[[[121.195,5.947],[121.059,5.886],[120.87,5.949],[121.032,6.09],[121.213,5.995],[121.466,6.092],[121.387,5.904],[121.28,5.855],[121.195,5.947]]],[[[125.639,10.443],[125.69,9.884],[125.612,9.823],[125.504,10.109],[125.529,10.321],[125.639,10.443]]],[[[119.738,5.032],[119.945,5.28],[120.022,5.23],[120.204,5.345],[120.297,5.227],[120.213,5.12],[120.134,5.196],[119.738,5.032]]],[[[122.128,12.664],[122.015,12.12],[121.942,12.361],[122.009,12.597],[122.128,12.664]]],[[[121.933,14.631],[121.819,14.999],[121.952,15.056],[122.033,15.001],[121.967,14.907],[122.034,14.716],[121.933,14.631]]],[[[122.476,10.484],[122.662,10.746],[122.722,10.637],[122.673,10.495],[122.729,10.448],[122.544,10.412],[122.476,10.484]]],[[[124.536,11.677],[124.616,11.547],[124.568,11.471],[124.448,11.482],[124.347,11.674],[124.536,11.677]]],[[[126.159,9.787],[126.102,9.752],[125.909,9.884],[126.071,10.06],[126.159,9.787]]],[[[119.819,12.01],[120.11,11.867],[119.965,11.675],[119.819,12.01]]],[[[122.647,12.485],[122.689,12.361],[122.629,12.279],[122.43,12.422],[122.434,12.462],[122.647,12.485]]]]}},{"type":"Feature","properties":{"iso":"PK","name":"Pakistan"},"geometry":{"type":"Polygon","coordinates":[[[72.557,36.218],[72.532,35.91],[72.671,35.826],[73.084,35.85],[73.28,35.621],[73.773,35.511],[73.732,35.242],[74.101,35.128],[73.986,34.88],[73.74,34.776],[73.634,34.585],[73.434,34.498],[73.651,33.095],[74.364,32.783],[74.672,32.809],[74.705,32.501],[75.072,32.474],[75.334,32.327],[75.363,32.229],[75.252,32.107],[74.914,32.043],[74.555,31.813],[74.628,31.46],[74.542,31.164],[74.663,31.055],[74.56,31.043],[73.901,30.4],[73.933,30.172],[73.406,29.932],[73.264,29.541],[72.954,29.057],[72.365,28.736],[71.883,27.97],[70.862,27.712],[70.751,27.741],[70.57,28.007],[70.384,28.006],[69.578,27.154],[69.519,26.753],[70.166,26.531],[70.121,25.913],[70.307,25.705],[70.646,25.689],[70.678,25.395],[71.068,24.708],[70.994,24.532],[71.083,24.404],[70.732,24.219],[70.594,24.248],[70.592,24.445],[69.88,24.165],[69.571,24.279],[69.01,24.237],[68.679,24.366],[68.449,24.143],[67.832,24.18],[67.572,24.049],[67.553,24.352],[67.417,24.583],[67.486,24.733],[66.706,24.856],[66.712,25.196],[66.533,25.524],[66.327,25.597],[66.162,25.507],[66.357,25.526],[66.486,25.442],[64.793,25.315],[64.63,25.192],[64.161,25.323],[64.181,25.449],[64.054,25.474],[63.985,25.434],[64.016,25.354],[63.609,25.363],[63.423,25.223],[62.549,25.256],[62.341,25.17],[62.135,25.199],[61.784,25.044],[61.61,25.195],[61.692,25.781],[61.777,25.826],[61.857,26.232],[62.143,26.381],[62.276,26.366],[62.314,26.52],[62.447,26.568],[63.158,26.651],[63.308,27.151],[63.183,27.237],[62.795,27.243],[62.854,27.493],[62.78,28.271],[62.593,28.262],[62.407,28.422],[61.815,28.635],[61.425,29.141],[61.358,29.357],[60.873,29.858],[62.465,29.395],[63.557,29.484],[64.105,29.388],[64.24,29.504],[64.519,29.572],[65.09,29.539],[66.228,29.848],[66.349,29.963],[66.253,30.078],[66.382,30.897],[66.606,31.006],[66.75,31.204],[66.96,31.302],[67.306,31.206],[67.749,31.327],[67.775,31.385],[67.622,31.426],[67.593,31.509],[67.99,31.655],[68.172,31.812],[68.403,31.756],[68.592,31.814],[68.825,31.616],[68.991,31.633],[69.304,31.93],[69.251,32.462],[69.432,32.644],[69.41,32.774],[69.52,33.035],[69.993,33.137],[70.305,33.353],[70.151,33.696],[69.988,33.754],[69.88,33.911],[69.916,34.027],[70.53,33.944],[71.071,34.076],[71.162,34.345],[71.03,34.546],[71.659,35.202],[71.563,35.301],[71.638,35.442],[71.532,35.734],[71.218,36.053],[71.274,36.139],[71.654,36.468],[71.805,36.414],[71.825,36.496],[72.233,36.731],[72.641,36.844],[73.639,36.903],[73.838,36.724],[73.075,36.683],[73.026,36.54],[72.557,36.218]],[[68.516,31.757],[68.554,31.714],[68.586,31.752],[68.516,31.757]]]}},{"type":"Feature","properties":{"iso":"PL","name":"Poland"},"geometry":{"type":"MultiPolygon","coordinates":[[[[19.639,54.458],[19.648,54.453],[19.266,54.343],[19.257,54.278],[19.404,54.269],[19.516,54.325],[19.662,54.354],[19.804,54.442],[21.559,54.323],[22.792,54.363],[22.848,54.402],[22.982,54.385],[23.069,54.308],[23.321,54.253],[23.475,54.158],[23.521,54.069],[23.492,53.993],[23.515,53.957],[23.589,53.696],[23.802,53.275],[23.906,53.162],[23.881,53.083],[23.938,52.979],[23.916,52.905],[23.939,52.812],[23.919,52.704],[23.767,52.622],[23.467,52.548],[23.178,52.283],[23.221,52.226],[23.475,52.173],[23.649,52.069],[23.679,51.989],[23.621,51.931],[23.631,51.793],[23.541,51.736],[23.545,51.607],[23.689,51.406],[23.646,51.308],[23.709,51.278],[23.746,51.217],[23.85,51.154],[23.985,50.942],[24.121,50.866],[24.093,50.84],[23.995,50.834],[23.968,50.802],[24.062,50.709],[24.092,50.577],[24.003,50.421],[23.729,50.382],[23.548,50.252],[23.279,50.091],[22.686,49.573],[22.65,49.524],[22.7,49.48],[22.744,49.363],[22.724,49.18],[22.878,49.095],[22.88,49.015],[22.567,49.088],[22.422,49.105],[22.06,49.215],[21.959,49.342],[21.841,49.385],[21.782,49.366],[21.617,49.444],[21.467,49.416],[21.287,49.456],[21.195,49.405],[21.075,49.424],[21.09,49.372],[20.938,49.3],[20.726,49.414],[20.615,49.418],[20.566,49.382],[20.46,49.414],[20.36,49.403],[20.312,49.355],[20.215,49.345],[20.143,49.304],[20.078,49.187],[19.963,49.23],[19.884,49.204],[19.772,49.213],[19.81,49.279],[19.788,49.398],[19.649,49.408],[19.467,49.614],[19.352,49.54],[19.251,49.521],[19.163,49.408],[18.995,49.398],[18.959,49.506],[18.852,49.517],[18.802,49.67],[18.625,49.733],[18.579,49.825],[18.576,49.91],[18.352,49.942],[18.31,49.926],[18.202,49.989],[18.127,49.997],[18.035,50.066],[18.014,50.045],[18.034,50.011],[17.881,49.976],[17.783,50.026],[17.739,50.083],[17.611,50.155],[17.755,50.217],[17.727,50.31],[17.695,50.318],[17.616,50.27],[17.43,50.255],[17.19,50.381],[16.908,50.449],[16.873,50.412],[17.004,50.293],[17.017,50.233],[16.863,50.198],[16.706,50.103],[16.58,50.143],[16.548,50.221],[16.451,50.306],[16.212,50.427],[16.387,50.523],[16.425,50.601],[16.333,50.653],[16.247,50.665],[16.192,50.633],[16.107,50.662],[16.02,50.607],[15.983,50.682],[15.871,50.677],[15.816,50.745],[15.762,50.743],[15.535,50.779],[15.45,50.804],[15.382,50.785],[15.283,50.899],[15.273,50.968],[15.165,51.009],[15.013,51.016],[14.982,50.994],[15.009,50.955],[14.988,50.871],[14.823,50.871],[14.899,50.95],[14.996,51.125],[15.034,51.269],[14.974,51.364],[14.952,51.462],[14.741,51.53],[14.73,51.582],[14.759,51.614],[14.752,51.663],[14.6,51.826],[14.701,51.918],[14.717,52.001],[14.755,52.07],[14.685,52.124],[14.703,52.241],[14.601,52.272],[14.534,52.395],[14.621,52.488],[14.625,52.576],[14.565,52.624],[14.436,52.68],[14.223,52.812],[14.139,52.833],[14.157,52.896],[14.144,52.961],[14.355,53.067],[14.376,53.19],[14.438,53.258],[14.268,53.698],[14.316,53.735],[14.584,53.615],[14.607,53.645],[14.544,53.708],[14.606,53.791],[14.556,53.852],[14.404,53.885],[14.392,53.846],[14.319,53.82],[14.213,53.866],[14.226,53.929],[14.387,53.921],[14.741,54.024],[14.752,53.986],[14.851,54.045],[15.388,54.159],[15.522,54.175],[15.85,54.241],[16.121,54.284],[16.251,54.344],[16.513,54.531],[16.699,54.569],[16.9,54.596],[17.262,54.733],[17.971,54.83],[18.33,54.831],[18.408,54.796],[18.407,54.729],[18.542,54.584],[18.561,54.474],[18.612,54.425],[18.752,54.375],[18.95,54.358],[19.36,54.372],[19.639,54.458]]],[[[18.741,54.662],[18.755,54.669],[18.825,54.625],[18.816,54.592],[18.779,54.612],[18.741,54.662]]]]}},{"type":"Feature","properties":{"iso":"PR","name":"Puerto Rico"},"geometry":{"type":"Polygon","coordinates":[[[-65.609,18.242],[-65.836,18.016],[-66.154,17.932],[-66.782,17.998],[-66.925,17.929],[-67.212,17.952],[-67.155,18.207],[-67.27,18.362],[-67.142,18.504],[-65.902,18.452],[-65.628,18.369],[-65.609,18.242]]]}},{"type":"Feature","properties":{"iso":"PS","name":"Palestine"},"geometry":{"type":"MultiPolygon","coordinates":[[[[35.0,31.642],[35.22,31.77],[35.203,31.8],[35.084,31.833],[34.981,31.841],[35.006,31.906],[34.973,32.16],[35.08,32.443],[35.256,32.532],[35.36,32.506],[35.442,32.423],[35.555,32.389],[35.569,32.2],[35.524,32.037],[35.553,31.769],[35.494,31.63],[35.476,31.491],[35.397,31.487],[35.249,31.387],[35.164,31.362],[34.938,31.349],[34.886,31.385],[35.0,31.642]]],[[[34.491,31.596],[34.553,31.527],[34.388,31.395],[34.36,31.296],[34.269,31.221],[34.22,31.322],[34.491,31.596]]]]}},{"type":"Feature","properties":{"iso":"RS","name":"Serbia"},"geometry":{"type":"Polygon","coordinates":[[[19.986,46.176],[20.264,46.126],[20.367,45.99],[20.568,45.898],[20.663,45.794],[20.72,45.754],[20.811,45.774],[20.771,45.606],[20.813,45.551],[20.813,45.531],[20.778,45.489],[20.852,45.466],[21.017,45.325],[21.174,45.315],[21.244,45.242],[21.479,45.193],[21.505,45.128],[21.398,45.012],[21.542,44.904],[21.396,44.864],[21.358,44.822],[21.407,44.781],[21.581,44.757],[21.624,44.667],[21.641,44.66],[21.688,44.665],[21.965,44.637],[22.016,44.599],[22.051,44.533],[22.144,44.478],[22.19,44.497],[22.312,44.657],[22.433,44.706],[22.704,44.602],[22.752,44.561],[22.744,44.535],[22.601,44.545],[22.539,44.482],[22.468,44.465],[22.54,44.327],[22.672,44.275],[22.675,44.216],[22.628,44.17],[22.611,44.067],[22.417,44.0],[22.366,43.806],[22.411,43.702],[22.48,43.644],[22.53,43.486],[22.667,43.403],[22.747,43.387],[22.9,43.228],[23.006,43.193],[22.976,43.114],[22.794,42.979],[22.748,42.89],[22.516,42.869],[22.443,42.825],[22.492,42.74],[22.461,42.648],[22.457,42.573],[22.528,42.515],[22.543,42.47],[22.454,42.347],[22.36,42.311],[22.274,42.363],[22.063,42.3],[21.951,42.334],[21.909,42.307],[21.846,42.316],[21.688,42.239],[21.587,42.263],[21.468,42.266],[21.443,42.235],[21.368,42.227],[21.307,42.109],[21.213,42.111],[21.166,42.187],[21.095,42.197],[20.783,42.074],[20.754,42.013],[20.763,41.938],[20.715,41.865],[20.594,41.877],[20.608,41.959],[20.515,42.21],[20.366,42.307],[20.259,42.334],[20.19,42.47],[20.076,42.556],[20.101,42.654],[20.03,42.712],[20.036,42.758],[20.082,42.776],[20.22,42.754],[20.278,42.823],[20.353,42.833],[20.33,42.911],[20.064,43.007],[19.959,43.096],[19.842,43.112],[19.658,43.187],[19.521,43.301],[19.439,43.387],[19.242,43.473],[19.224,43.528],[19.249,43.564],[19.288,43.591],[19.453,43.587],[19.502,43.632],[19.494,43.721],[19.285,43.957],[19.504,43.966],[19.589,44.015],[19.584,44.061],[19.497,44.099],[19.368,44.187],[19.319,44.267],[19.176,44.287],[19.119,44.343],[19.144,44.433],[19.131,44.508],[19.278,44.667],[19.351,44.889],[19.169,44.914],[19.022,44.855],[19.005,44.909],[19.069,44.911],[19.145,44.957],[19.092,44.986],[19.09,45.136],[19.15,45.14],[19.197,45.191],[19.262,45.176],[19.301,45.203],[19.425,45.168],[19.418,45.227],[19.16,45.277],[18.992,45.366],[19.005,45.435],[19.001,45.475],[19.034,45.487],[19.048,45.524],[18.916,45.578],[18.945,45.666],[18.914,45.713],[18.964,45.737],[18.906,45.766],[18.865,45.83],[18.89,45.921],[19.065,45.967],[19.111,46.035],[19.166,45.997],[19.303,45.992],[19.3,46.021],[19.424,46.053],[19.546,46.166],[19.698,46.188],[19.798,46.136],[19.986,46.176]]]}},{"type":"Feature","properties":{"iso":"RU","name":"Russian Federation"},"geometry":{"type":"MultiPolygon","coordinates":[[[[46.997,49.216],[47.0,49.093],[46.95,49.023],[46.76,48.9],[46.525,48.453],[46.899,48.336],[47.0,48.266],[47.0,48.248],[47.071,48.217],[47.164,48.069],[47.053,47.974],[47.219,47.744],[48.045,47.752],[48.378,47.452],[48.593,47.395],[48.981,46.773],[48.822,46.69],[48.593,46.763],[48.51,46.667],[49.214,46.333],[48.989,46.104],[48.701,46.091],[48.734,45.86],[48.5,45.931],[48.207,45.748],[47.884,45.696],[47.837,45.618],[47.631,45.711],[47.085,44.845],[47.0,44.789],[47.0,44.841],[46.73,44.611],[46.702,44.503],[46.742,44.428],[47.0,44.346],[47.002,44.346],[47.279,44.137],[47.467,43.812],[47.415,43.532],[47.555,43.851],[47.653,43.863],[47.497,43.465],[47.554,43.301],[47.482,43.026],[48.385,41.938],[48.587,41.837],[48.398,41.613],[48.059,41.487],[47.885,41.233],[47.536,41.213],[47.307,41.302],[47.132,41.555],[47.01,41.565],[47.0,41.576],[47.0,41.592],[46.989,41.622],[46.896,41.722],[46.794,41.778],[46.752,41.85],[46.574,41.814],[46.521,41.878],[46.421,41.904],[46.226,42.002],[45.96,42.038],[45.66,42.189],[45.65,42.266],[45.742,42.337],[45.743,42.461],[45.564,42.537],[45.346,42.542],[45.162,42.688],[44.911,42.731],[44.801,42.642],[44.686,42.738],[44.593,42.752],[44.48,42.712],[44.32,42.708],[44.197,42.628],[43.919,42.567],[43.759,42.621],[43.785,42.717],[43.749,42.765],[43.544,42.864],[43.191,42.944],[43.057,43.023],[43.001,43.108],[42.865,43.167],[42.759,43.18],[42.647,43.152],[42.415,43.244],[42.06,43.199],[41.898,43.236],[41.809,43.211],[41.637,43.227],[41.4,43.352],[41.296,43.348],[41.049,43.401],[40.671,43.55],[40.539,43.526],[40.257,43.58],[40.143,43.57],[40.124,43.564],[40.01,43.385],[39.929,43.421],[39.86,43.502],[39.726,43.58],[39.285,43.948],[38.759,44.285],[38.219,44.417],[38.063,44.563],[37.952,44.603],[37.901,44.671],[37.819,44.717],[37.784,44.668],[37.724,44.652],[37.434,44.734],[37.3,44.931],[37.221,44.993],[36.903,45.098],[36.678,45.131],[36.623,45.184],[36.968,45.29],[36.945,45.317],[36.802,45.324],[36.812,45.376],[36.786,45.412],[36.811,45.43],[37.288,45.327],[37.539,45.392],[37.59,45.461],[37.62,45.652],[37.836,45.772],[37.951,46.006],[38.07,46.051],[38.099,46.037],[38.098,45.968],[38.137,45.998],[38.257,46.281],[38.113,46.382],[37.924,46.405],[37.775,46.653],[38.023,46.64],[38.273,46.718],[38.376,46.661],[38.554,46.658],[38.584,46.678],[38.574,46.708],[38.418,46.773],[38.487,46.857],[38.799,46.897],[39.072,47.019],[39.256,47.023],[39.292,47.047],[39.223,47.248],[39.159,47.282],[39.0,47.265],[38.913,47.198],[38.65,47.144],[38.232,47.118],[38.247,47.212],[38.303,47.273],[38.249,47.331],[38.294,47.417],[38.319,47.566],[38.39,47.616],[38.745,47.697],[38.857,47.85],[39.34,47.866],[39.679,47.835],[39.782,47.886],[39.812,48.041],[39.998,48.265],[39.973,48.297],[39.877,48.319],[39.906,48.39],[39.847,48.539],[39.7,48.618],[39.694,48.649],[39.793,48.812],[39.967,48.809],[40.036,48.868],[39.835,48.908],[39.72,49.02],[39.923,49.07],[40.191,49.26],[40.174,49.351],[40.049,49.472],[40.13,49.59],[39.792,49.573],[39.665,49.625],[39.561,49.729],[39.303,49.764],[39.181,49.863],[38.947,49.817],[38.737,49.917],[38.684,49.979],[38.466,49.976],[38.284,50.077],[38.208,50.065],[38.182,49.976],[38.048,49.945],[37.71,50.124],[37.637,50.201],[37.61,50.3],[37.503,50.36],[37.445,50.438],[37.158,50.363],[36.891,50.334],[36.649,50.236],[36.443,50.311],[36.308,50.307],[36.173,50.412],[36.083,50.441],[35.868,50.427],[35.734,50.366],[35.635,50.368],[35.415,50.583],[35.414,50.632],[35.476,50.733],[35.355,50.943],[35.368,51.043],[35.198,51.076],[35.121,51.21],[34.976,51.224],[34.754,51.182],[34.61,51.248],[34.277,51.272],[34.304,51.351],[34.246,51.422],[34.269,51.525],[34.147,51.657],[34.38,51.723],[34.405,51.803],[34.131,51.997],[34.078,52.155],[33.816,52.35],[33.551,52.318],[33.456,52.358],[33.217,52.369],[32.884,52.259],[32.71,52.261],[32.546,52.316],[32.416,52.326],[32.325,52.152],[32.229,52.085],[32.067,52.045],[31.787,52.111],[31.773,52.165],[31.604,52.31],[31.625,52.387],[31.594,52.557],[31.517,52.681],[31.584,52.734],[31.574,52.812],[31.392,52.912],[31.28,53.015],[31.373,53.099],[31.42,53.2],[31.644,53.214],[31.761,53.193],[31.813,53.131],[31.915,53.101],[32.2,53.102],[32.706,53.354],[32.735,53.447],[32.45,53.576],[32.426,53.64],[32.493,53.686],[32.459,53.72],[32.126,53.816],[31.891,53.782],[31.779,53.805],[31.858,53.984],[31.84,54.059],[31.53,54.15],[31.341,54.24],[31.237,54.443],[31.096,54.501],[31.13,54.582],[31.096,54.647],[30.793,54.802],[30.847,54.929],[30.948,54.973],[31.018,55.048],[30.968,55.163],[30.826,55.3],[30.93,55.403],[30.939,55.505],[30.91,55.607],[30.751,55.603],[30.462,55.806],[30.239,55.854],[29.958,55.854],[29.494,55.695],[29.369,55.786],[29.444,55.92],[29.394,55.961],[29.06,56.031],[28.835,55.955],[28.759,55.957],[28.64,56.09],[28.421,56.094],[28.312,56.056],[28.155,56.17],[28.23,56.291],[28.175,56.376],[28.184,56.443],[28.108,56.511],[28.127,56.571],[28.046,56.598],[28.002,56.675],[27.913,56.747],[27.965,56.825],[27.9,56.831],[27.843,56.872],[27.667,56.846],[27.684,56.901],[27.757,56.973],[27.723,57.02],[27.753,57.113],[27.819,57.156],[27.867,57.269],[27.844,57.309],[27.533,57.426],[27.561,57.506],[27.545,57.534],[27.352,57.518],[27.33,57.573],[27.388,57.614],[27.391,57.677],[27.525,57.721],[27.518,57.777],[27.554,57.826],[27.798,57.855],[27.801,57.892],[27.671,57.94],[27.699,57.995],[27.62,58.019],[27.622,58.098],[27.49,58.247],[27.544,58.382],[27.357,58.787],[27.716,58.968],[27.925,59.251],[28.118,59.294],[28.194,59.358],[28.184,59.4],[28.042,59.47],[28.079,59.582],[28.048,59.711],[28.119,59.773],[28.185,59.761],[28.278,59.689],[28.371,59.678],[28.426,59.707],[28.508,59.818],[28.748,59.789],[28.938,59.813],[29.032,59.863],[29.087,59.951],[29.157,59.978],[29.735,59.933],[30.114,59.873],[30.18,59.888],[30.206,59.946],[30.167,59.983],[30.0,60.024],[29.926,60.12],[29.853,60.16],[29.61,60.191],[29.402,60.165],[29.115,60.174],[29.002,60.208],[28.822,60.326],[28.636,60.366],[28.527,60.497],[28.576,60.508],[28.683,60.47],[28.674,60.609],[28.715,60.689],[28.7,60.728],[28.34,60.615],[28.187,60.525],[27.931,60.517],[27.804,60.549],[27.991,60.669],[28.51,60.947],[28.655,60.957],[28.725,61.05],[28.84,61.127],[29.237,61.269],[29.508,61.487],[29.713,61.561],[30.144,61.852],[30.575,62.123],[30.655,62.2],[30.945,62.316],[31.157,62.451],[31.576,62.909],[31.506,62.989],[31.278,63.109],[31.221,63.224],[30.782,63.404],[30.491,63.468],[29.972,63.757],[30.249,63.832],[30.484,64.016],[30.534,64.126],[30.465,64.26],[30.055,64.41],[29.995,64.556],[30.113,64.645],[30.061,64.719],[30.06,64.772],[29.753,64.795],[29.633,64.897],[29.61,64.989],[29.627,65.042],[29.828,65.101],[29.869,65.187],[29.64,65.255],[29.732,65.351],[29.755,65.497],[29.839,65.558],[29.769,65.64],[29.988,65.689],[30.11,65.68],[30.125,65.718],[30.066,65.893],[29.933,66.106],[29.709,66.274],[29.573,66.433],[29.367,66.621],[29.072,66.844],[29.046,66.963],[29.532,67.307],[29.919,67.519],[30.007,67.666],[29.658,67.807],[29.32,68.073],[28.636,68.215],[28.444,68.538],[28.702,68.731],[28.789,68.863],[28.486,68.887],[28.451,68.915],[28.93,69.052],[29.056,69.025],[29.211,69.1],[29.288,69.19],[29.291,69.272],[29.317,69.297],[29.578,69.325],[29.775,69.395],[29.983,69.415],[30.077,69.453],[30.171,69.555],[30.147,69.65],[30.553,69.542],[30.897,69.553],[30.939,69.644],[30.865,69.76],[31.194,69.741],[31.46,69.669],[31.603,69.669],[31.78,69.784],[31.948,69.808],[31.977,69.891],[32.056,69.922],[32.228,69.9],[32.59,69.794],[32.987,69.739],[33.038,69.713],[33.04,69.67],[32.87,69.59],[32.333,69.624],[32.164,69.674],[32.09,69.602],[32.149,69.567],[32.404,69.539],[32.629,69.459],[32.897,69.436],[32.972,69.372],[33.15,69.41],[33.399,69.388],[33.438,69.336],[33.44,69.118],[33.524,69.146],[33.657,69.27],[33.948,69.303],[34.131,69.354],[34.394,69.276],[34.95,69.187],[35.14,69.176],[35.374,69.222],[35.635,69.186],[35.776,69.138],[35.924,69.142],[36.231,69.088],[37.625,68.692],[38.402,68.363],[38.746,68.32],[39.559,68.055],[39.875,68.064],[40.291,67.895],[40.45,67.773],[40.676,67.763],[40.876,67.703],[40.988,67.618],[41.025,67.474],[41.115,67.293],[41.303,67.152],[41.299,66.991],[41.148,66.808],[40.381,66.389],[39.971,66.255],[39.217,66.118],[38.345,66.056],[37.719,66.109],[36.842,66.274],[35.56,66.388],[34.89,66.571],[34.526,66.566],[34.318,66.656],[33.956,66.702],[33.689,66.788],[33.508,66.754],[33.402,66.766],[32.932,66.944],[32.706,67.078],[32.442,67.128],[32.333,67.11],[32.398,67.096],[32.417,67.047],[32.498,67.005],[32.53,66.908],[32.595,66.848],[32.929,66.717],[33.233,66.634],[33.242,66.602],[33.148,66.61],[33.107,66.578],[33.179,66.523],[33.514,66.441],[33.579,66.299],[34.183,66.185],[34.648,65.983],[34.87,65.74],[34.738,65.717],[34.684,65.51],[34.482,65.404],[34.442,65.347],[34.513,65.249],[34.713,65.079],[34.782,64.941],[34.895,64.829],[34.905,64.503],[35.131,64.384],[35.371,64.323],[35.702,64.348],[35.853,64.292],[35.968,64.208],[36.173,64.146],[36.327,63.982],[36.715,63.907],[37.198,63.859],[37.309,63.805],[37.439,63.788],[37.556,63.808],[37.702,63.889],[37.903,63.907],[38.036,63.983],[38.016,64.093],[37.942,64.193],[37.956,64.306],[37.919,64.345],[37.752,64.42],[37.454,64.362],[37.2,64.388],[36.768,64.655],[36.582,64.735],[36.487,64.882],[36.729,64.951],[36.868,65.117],[37.056,65.148],[37.579,65.046],[37.838,64.924],[38.262,64.822],[38.236,64.788],[38.086,64.739],[38.116,64.692],[38.534,64.783],[38.942,64.722],[39.551,64.565],[39.723,64.581],[39.863,64.631],[40.075,64.609],[40.286,64.72],[40.393,64.724],[40.414,64.813],[40.298,64.984],[40.031,65.131],[39.774,65.335],[39.749,65.472],[39.807,65.566],[39.915,65.629],[40.438,65.8],[40.772,65.974],[41.233,66.048],[41.487,66.118],[42.17,66.478],[42.348,66.489],[42.727,66.4],[43.318,66.365],[43.56,66.257],[43.52,66.138],[43.836,66.156],[44.102,66.007],[44.127,66.263],[44.438,66.631],[44.422,66.751],[44.443,66.884],[44.408,66.944],[44.248,67.07],[43.904,67.167],[43.815,67.283],[43.905,67.469],[44.131,67.706],[44.212,68.031],[44.202,68.209],[44.022,68.368],[43.543,68.54],[43.446,68.606],[43.459,68.636],[44.125,68.54],[45.202,68.52],[45.761,68.453],[46.477,68.128],[46.641,67.918],[46.629,67.838],[45.422,67.716],[45.26,67.583],[45.029,67.489],[44.956,67.368],[45.005,67.318],[45.532,67.158],[45.806,66.927],[46.001,66.853],[46.719,66.835],[47.0,66.873],[47.613,66.956],[47.969,67.6],[48.772,67.685],[48.855,67.831],[49.867,68.013],[50.826,68.352],[52.084,68.541],[52.284,68.355],[52.467,68.351],[52.665,68.448],[52.48,68.63],[53.746,68.937],[53.841,68.928],[53.885,68.807],[53.806,68.618],[53.924,68.347],[53.448,68.342],[53.265,68.219],[54.079,68.238],[54.178,68.149],[54.481,68.256],[54.808,68.174],[54.989,68.379],[55.415,68.537],[56.061,68.625],[57.239,68.535],[57.711,68.757],[59.01,68.971],[59.432,68.742],[59.151,68.598],[59.174,68.423],[59.727,68.368],[59.879,68.442],[59.914,68.654],[60.466,68.709],[60.92,68.899],[60.875,69.085],[60.671,69.161],[60.247,69.564],[60.346,69.639],[60.684,69.65],[60.945,69.844],[62.883,69.703],[64.257,69.496],[65.015,69.252],[66.998,68.832],[68.163,68.369],[68.376,68.203],[68.873,68.57],[69.081,68.843],[68.999,68.922],[68.719,68.915],[68.443,69.009],[68.081,69.284],[68.082,69.491],[67.112,69.667],[66.869,69.579],[66.829,69.783],[66.934,69.961],[67.366,70.035],[67.188,70.247],[67.343,70.71],[67.207,70.811],[66.762,70.798],[66.716,70.866],[66.866,71.023],[66.74,71.045],[66.989,71.255],[68.067,71.559],[68.376,71.741],[68.936,72.612],[69.371,72.905],[71.593,72.871],[72.558,72.731],[72.714,72.638],[72.726,72.203],[72.251,71.671],[71.907,71.438],[72.083,71.289],[72.56,71.116],[72.777,70.836],[72.726,70.437],[72.496,70.241],[72.635,69.797],[72.544,69.08],[72.713,68.864],[73.371,68.608],[73.501,68.482],[73.125,68.176],[73.149,67.852],[73.059,67.735],[72.571,67.524],[71.848,66.939],[71.451,66.905],[71.55,66.748],[71.496,66.65],[70.653,66.514],[69.944,66.815],[69.657,66.767],[70.062,66.664],[70.064,66.535],[69.868,66.502],[69.138,66.779],[69.201,66.608],[69.384,66.523],[69.948,66.414],[71.932,66.241],[72.348,66.352],[72.495,66.557],[73.763,66.956],[74.034,67.345],[74.713,67.708],[74.737,68.068],[74.392,68.399],[74.528,68.687],[74.775,68.789],[76.055,68.975],[76.515,68.957],[76.694,68.737],[77.209,68.505],[77.243,68.198],[77.159,67.786],[77.6,67.589],[77.686,67.421],[78.024,67.524],[78.807,67.573],[77.507,67.782],[77.556,68.129],[78.041,68.288],[77.532,68.895],[75.945,69.247],[75.479,69.242],[74.968,69.117],[74.031,69.103],[73.857,69.17],[73.861,69.442],[73.604,69.759],[73.792,70.139],[74.199,70.421],[74.268,70.588],[73.604,71.158],[73.12,71.437],[73.608,71.799],[74.48,71.985],[74.97,72.19],[75.046,72.404],[74.856,72.764],[74.903,72.825],[75.338,72.744],[75.524,72.553],[75.619,72.293],[75.271,71.857],[75.426,71.573],[75.307,71.366],[76.025,71.195],[77.658,71.113],[78.005,70.962],[78.335,70.936],[78.363,70.994],[78.184,71.217],[76.508,71.522],[76.134,71.875],[76.802,72.039],[77.489,71.853],[77.925,71.839],[78.182,71.971],[78.009,72.067],[77.508,72.074],[77.476,72.142],[78.356,72.367],[79.511,72.324],[80.58,72.088],[81.527,71.717],[82.852,71.75],[83.17,71.693],[83.197,71.617],[82.903,71.399],[82.314,71.218],[82.283,71.023],[82.433,70.913],[82.322,70.621],[82.416,70.63],[82.64,70.877],[82.988,70.933],[83.1,70.782],[83.014,70.503],[82.687,70.156],[83.305,69.999],[83.42,69.82],[83.644,69.828],[84.153,69.605],[84.397,69.59],[83.453,70.022],[82.862,70.177],[83.103,70.304],[83.517,70.356],[83.422,70.397],[83.452,70.529],[83.708,70.468],[83.665,70.652],[83.227,71.157],[83.589,71.548],[83.577,71.642],[83.287,71.818],[82.65,71.924],[82.182,72.257],[80.898,72.453],[80.755,72.668],[80.82,72.951],[80.607,73.108],[80.503,73.323],[80.631,73.516],[81.986,73.626],[85.341,73.712],[86.41,73.919],[87.072,73.906],[86.718,73.942],[86.865,74.055],[86.677,74.201],[85.989,74.329],[86.641,74.474],[86.595,74.537],[86.274,74.599],[86.108,74.504],[85.782,74.487],[85.869,74.687],[86.105,74.809],[86.79,74.636],[87.308,74.972],[87.484,74.99],[87.089,75.124],[88.123,75.131],[89.262,75.473],[89.649,75.446],[90.809,75.636],[93.314,75.825],[93.446,75.886],[92.968,75.971],[93.38,76.077],[95.281,76.113],[95.506,76.163],[95.465,76.25],[96.338,76.263],[96.384,76.187],[96.314,76.129],[96.109,76.119],[95.808,75.885],[96.463,75.981],[96.75,75.901],[97.161,76.061],[97.296,75.955],[97.671,75.977],[98.724,76.224],[99.595,76.114],[99.65,76.164],[99.008,76.458],[100.293,76.448],[101.017,76.542],[101.218,76.695],[101.028,76.808],[101.112,76.935],[102.09,77.325],[103.226,77.61],[104.219,77.714],[105.783,77.549],[105.99,77.414],[105.428,77.218],[104.636,77.12],[105.673,77.06],[105.743,76.991],[106.889,77.031],[107.366,76.921],[106.58,76.537],[106.637,76.488],[107.75,76.514],[108.223,76.736],[109.449,76.763],[110.093,76.708],[111.132,76.757],[111.9,76.611],[112.23,76.422],[112.357,76.473],[112.179,76.582],[112.461,76.61],[112.685,76.443],[112.743,76.321],[112.699,76.2],[112.856,76.091],[113.277,76.23],[113.45,76.139],[113.589,75.934],[113.872,75.869],[113.723,75.65],[113.516,75.563],[113.457,75.655],[112.627,75.783],[112.862,75.571],[113.222,75.637],[113.658,75.481],[113.641,75.327],[113.444,75.194],[112.718,74.947],[112.209,74.87],[111.785,74.676],[111.421,74.673],[109.978,74.351],[109.865,74.214],[109.089,74.033],[108.165,73.668],[106.967,73.615],[107.011,73.508],[106.835,73.36],[106.193,73.268],[105.828,72.92],[105.49,72.774],[105.56,72.761],[106.154,72.959],[106.38,73.156],[108.057,73.204],[108.246,73.138],[108.314,73.198],[108.344,73.12],[108.39,73.284],[109.877,73.454],[110.838,73.721],[110.686,73.776],[109.754,73.677],[109.595,73.741],[109.615,73.82],[109.994,73.983],[110.963,73.919],[111.426,74.032],[111.267,73.94],[111.351,73.848],[112.223,73.711],[112.861,73.76],[112.947,73.927],[113.356,73.701],[113.388,73.606],[113.28,73.441],[113.572,73.278],[113.803,73.341],[113.622,73.502],[114.176,73.59],[115.409,73.693],[116.54,73.665],[118.673,73.542],[118.829,73.446],[118.507,73.421],[118.474,73.236],[119.046,73.106],[119.588,73.066],[119.777,73.157],[120.142,73.143],[120.4,72.997],[121.044,72.94],[122.115,72.966],[122.428,73.072],[122.525,72.956],[122.725,72.998],[123.167,72.921],[123.569,73.142],[123.398,73.406],[123.418,73.541],[123.55,73.628],[123.953,73.628],[123.983,73.786],[124.048,73.678],[124.458,73.776],[125.806,73.449],[126.329,73.52],[126.513,73.392],[126.919,73.42],[127.143,73.514],[127.78,73.501],[129.468,72.979],[129.323,72.903],[129.334,72.745],[129.455,72.718],[129.449,72.646],[128.909,72.533],[129.432,72.392],[129.451,72.141],[128.768,72.041],[128.74,71.96],[128.591,71.919],[128.952,71.736],[129.271,71.893],[129.39,71.741],[128.957,71.627],[129.247,71.558],[129.519,71.299],[130.0,71.089],[130.0,49.006],[129.485,49.424],[129.103,49.363],[128.778,49.484],[128.759,49.579],[127.84,49.594],[127.553,49.81],[127.495,50.025],[127.587,50.213],[127.346,50.317],[127.279,50.747],[126.923,51.068],[126.816,51.303],[126.944,51.318],[126.458,51.958],[126.531,52.12],[126.324,52.207],[126.381,52.288],[126.167,52.546],[125.985,52.6],[126.077,52.771],[125.671,52.875],[125.711,52.985],[125.601,53.067],[125.126,53.199],[124.84,53.118],[123.878,53.475],[123.29,53.55],[120.86,53.277],[120.048,52.767],[120.072,52.596],[120.454,52.634],[120.703,52.545],[120.631,52.355],[120.76,52.162],[120.646,51.937],[120.078,51.648],[119.741,51.088],[119.294,50.604],[119.159,50.394],[119.346,50.334],[119.28,50.118],[119.057,49.992],[118.577,49.929],[117.792,49.532],[117.102,49.683],[116.588,49.94],[116.221,50.026],[115.741,49.892],[115.395,49.911],[114.955,50.193],[114.332,50.274],[113.583,50.011],[113.232,49.83],[113.061,49.606],[112.78,49.505],[112.499,49.538],[111.93,49.399],[111.37,49.364],[110.778,49.151],[110.407,49.242],[110.209,49.169],[109.589,49.223],[109.199,49.356],[108.565,49.341],[107.97,49.679],[107.945,49.915],[107.159,50.022],[106.736,50.323],[106.273,50.304],[106.019,50.409],[105.377,50.474],[104.421,50.305],[104.089,50.163],[103.672,50.147],[102.9,50.327],[102.313,50.604],[102.34,50.74],[102.236,50.852],[102.148,51.355],[101.571,51.493],[101.378,51.47],[100.527,51.743],[99.978,51.764],[98.933,52.143],[98.708,51.84],[98.341,51.725],[98.229,51.478],[97.957,51.326],[97.848,51.0],[97.998,50.869],[97.972,50.766],[98.053,50.657],[98.304,50.541],[98.247,50.26],[98.027,50.042],[97.619,49.948],[97.334,49.767],[96.623,49.971],[96.428,49.91],[95.844,50.032],[95.473,49.926],[95.134,49.954],[94.953,50.054],[94.638,50.039],[94.413,50.227],[94.26,50.57],[93.114,50.572],[93.009,50.618],[92.99,50.779],[92.665,50.708],[92.364,50.88],[92.222,50.7],[91.758,50.712],[91.406,50.472],[90.967,50.43],[90.676,50.248],[89.648,49.924],[89.718,49.786],[89.66,49.709],[89.376,49.611],[89.236,49.638],[89.076,49.5],[88.244,49.49],[88.121,49.385],[88.156,49.275],[87.445,49.079],[86.963,49.313],[86.667,49.592],[86.735,49.792],[86.152,49.493],[85.276,49.607],[84.971,50.054],[84.308,50.254],[84.198,50.533],[83.93,50.797],[83.426,50.992],[82.783,50.918],[82.531,50.765],[81.515,50.767],[81.378,50.961],[81.106,50.976],[81.114,51.182],[80.711,51.287],[80.466,51.177],[80.431,50.981],[80.045,50.829],[79.173,51.93],[77.907,53.269],[76.524,54.038],[76.478,54.137],[76.757,54.182],[76.875,54.431],[76.274,54.339],[75.465,54.091],[75.348,53.927],[74.501,53.662],[74.385,53.488],[73.951,53.634],[73.442,53.476],[73.29,53.574],[73.286,53.668],[73.453,53.851],[73.681,53.896],[73.697,54.048],[73.295,53.961],[72.634,54.122],[72.562,54.07],[72.669,53.983],[72.444,53.938],[72.425,54.144],[72.12,54.35],[72.132,54.175],[71.835,54.236],[71.651,54.116],[71.17,54.14],[71.066,54.299],[71.201,54.369],[71.264,54.648],[71.062,54.793],[70.987,55.082],[70.818,55.265],[70.505,55.266],[70.166,55.148],[69.721,55.326],[68.998,55.414],[68.958,55.319],[68.781,55.338],[68.582,55.201],[68.235,55.171],[68.244,55.054],[68.153,54.967],[66.085,54.632],[65.906,54.692],[65.507,54.632],[65.233,54.519],[65.18,54.354],[64.667,54.389],[63.247,54.195],[62.81,54.093],[62.535,53.929],[62.402,54.045],[62.091,54.044],[61.964,53.961],[61.405,54.07],[61.221,53.944],[61.044,53.928],[61.177,53.8],[60.964,53.627],[61.548,53.535],[61.252,53.469],[61.205,53.315],[61.691,53.228],[62.115,53.045],[61.998,52.972],[61.079,52.978],[60.735,52.701],[61.017,52.325],[60.085,51.95],[60.46,51.804],[60.489,51.655],[60.861,51.609],[61.032,51.473],[61.461,51.414],[61.604,51.302],[61.44,50.833],[61.046,50.7],[60.39,50.685],[60.074,50.848],[59.821,50.599],[59.568,50.541],[59.458,50.647],[58.959,50.701],[58.626,50.845],[58.557,51.038],[58.291,51.135],[57.802,51.113],[57.703,50.947],[57.502,50.897],[57.155,51.076],[56.796,51.068],[56.696,50.999],[56.507,51.052],[56.189,50.898],[56.07,50.745],[55.683,50.588],[55.283,50.705],[55.054,50.902],[54.743,50.869],[54.687,50.622],[54.558,50.555],[54.448,50.645],[54.462,50.848],[54.078,51.127],[53.69,51.244],[53.587,51.401],[53.401,51.494],[52.589,51.484],[52.308,51.738],[51.846,51.656],[51.707,51.499],[51.362,51.498],[51.292,51.661],[50.787,51.741],[50.755,51.61],[50.562,51.609],[50.313,51.335],[49.73,51.127],[49.433,51.108],[49.362,50.858],[48.835,50.626],[48.611,50.636],[48.845,50.04],[48.693,49.916],[48.438,49.833],[48.276,49.868],[47.851,50.291],[47.493,50.434],[47.316,50.297],[47.25,49.999],[47.0,49.864],[46.894,49.807],[46.798,49.366],[46.997,49.216]]],[[[22.589,55.07],[22.634,54.984],[22.832,54.902],[22.875,54.818],[22.849,54.776],[22.753,54.729],[22.747,54.64],[22.696,54.588],[22.704,54.474],[22.792,54.363],[21.559,54.323],[19.804,54.442],[20.257,54.655],[20.06,54.708],[19.943,54.682],[19.948,54.864],[19.991,54.93],[20.511,54.975],[20.792,55.14],[20.956,55.282],[21.003,55.274],[20.851,55.148],[20.685,55.046],[20.53,54.972],[20.972,54.9],[21.168,54.921],[21.233,54.987],[21.203,55.176],[21.274,55.246],[21.383,55.286],[21.494,55.195],[21.651,55.18],[21.87,55.094],[22.025,55.077],[22.082,55.029],[22.192,55.057],[22.466,55.048],[22.589,55.07]]],[[[35.5,65.119],[35.743,65.171],[35.804,65.155],[35.829,65.119],[35.854,64.987],[35.745,64.96],[35.684,65.021],[35.527,65.064],[35.5,65.119]]],[[[42.412,66.776],[42.505,66.784],[42.604,66.758],[42.626,66.742],[42.65,66.674],[42.617,66.67],[42.488,66.705],[42.397,66.757],[42.412,66.776]]],[[[28.711,60.261],[28.635,60.264],[28.56,60.295],[28.536,60.318],[28.516,60.302],[28.445,60.355],[28.481,60.368],[28.538,60.326],[28.586,60.347],[28.712,60.293],[28.711,60.261]]],[[[36.003,65.176],[36.129,65.154],[36.107,65.134],[35.968,65.134],[35.935,65.157],[36.003,65.176]]],[[[35.874,64.362],[35.924,64.388],[36.006,64.332],[36.004,64.309],[35.937,64.31],[35.92,64.332],[35.874,64.362]]],[[[40.217,64.955],[40.23,64.963],[40.295,64.929],[40.293,64.854],[40.27,64.857],[40.231,64.9],[40.217,64.955]]],[[[39.941,64.707],[39.941,64.674],[39.894,64.686],[39.971,64.761],[40.025,64.708],[40.013,64.693],[39.974,64.718],[39.941,64.707]]],[[[26.964,60.111],[27.035,60.041],[27.013,60.02],[26.982,60.026],[26.945,60.101],[26.964,60.111]]],[[[33.663,66.362],[33.678,66.32],[33.76,66.319],[33.754,66.296],[33.652,66.303],[33.625,66.34],[33.663,66.362]]],[[[35.877,65.029],[35.986,65.048],[36.022,65.025],[35.995,65.01],[35.933,65.019],[35.893,65.01],[35.877,65.029]]],[[[27.875,60.002],[27.841,59.986],[27.794,59.997],[27.835,60.039],[27.875,60.002]]],[[[28.622,60.605],[28.614,60.549],[28.587,60.566],[28.568,60.621],[28.622,60.605]]],[[[28.521,60.414],[28.501,60.382],[28.454,60.438],[28.471,60.455],[28.521,60.414]]],[[[36.647,64.23],[36.656,64.204],[36.623,64.189],[36.596,64.234],[36.611,64.248],[36.647,64.23]]],[[[40.539,67.798],[40.475,67.796],[40.459,67.818],[40.546,67.829],[40.539,67.798]]],[[[27.863,60.469],[27.798,60.466],[27.814,60.508],[27.865,60.495],[27.863,60.469]]],[[[28.399,60.048],[28.421,60.009],[28.398,59.998],[28.361,60.022],[28.36,60.049],[28.399,60.048]]],[[[27.21,59.866],[27.227,59.841],[27.202,59.824],[27.163,59.841],[27.162,59.869],[27.21,59.866]]],[[[29.729,60.032],[29.758,60.002],[29.744,59.991],[29.69,60.004],[29.672,60.023],[29.729,60.032]]],[[[36.81,64.049],[36.784,64.01],[36.745,64.04],[36.774,64.071],[36.81,64.049]]],[[[33.863,66.329],[33.8,66.318],[33.783,66.359],[33.842,66.352],[33.863,66.329]]],[[[35.606,64.683],[35.59,64.656],[35.527,64.692],[35.552,64.711],[35.606,64.683]]],[[[31.62,69.824],[31.587,69.811],[31.547,69.843],[31.596,69.864],[31.62,69.824]]],[[[35.13,64.959],[35.152,64.936],[35.129,64.911],[35.083,64.926],[35.083,64.942],[35.13,64.959]]],[[[63.808,75.647],[63.611,75.685],[62.011,75.429],[61.487,75.234],[61.33,75.292],[60.743,75.037],[60.56,75.074],[60.215,74.981],[60.597,74.905],[60.289,74.831],[60.239,74.741],[59.812,74.709],[59.826,74.632],[59.714,74.581],[59.175,74.694],[59.005,74.455],[58.51,74.496],[58.629,74.259],[58.171,74.017],[57.567,74.105],[57.799,73.911],[57.817,73.799],[57.488,73.778],[57.519,73.641],[57.372,73.573],[57.061,73.569],[57.136,73.458],[56.965,73.346],[56.598,73.249],[55.92,73.33],[55.986,73.245],[56.468,73.136],[55.517,72.478],[55.415,71.94],[55.725,71.578],[56.256,71.179],[57.429,70.759],[57.37,70.645],[57.092,70.636],[56.955,70.532],[56.431,70.713],[56.265,70.687],[56.428,70.565],[55.473,70.701],[55.126,70.578],[54.573,70.746],[53.645,70.798],[53.581,70.838],[53.677,70.903],[53.651,71.033],[54.068,71.13],[53.499,71.245],[53.327,71.498],[52.901,71.425],[52.544,71.623],[52.405,71.532],[51.925,71.482],[51.547,71.665],[51.476,71.852],[51.592,72.032],[51.869,72.124],[52.351,72.09],[52.679,72.342],[52.822,72.539],[52.529,72.713],[52.576,72.807],[53.088,72.918],[53.251,73.133],[53.429,73.215],[54.35,73.286],[54.216,73.401],[54.632,73.644],[54.092,73.623],[53.75,73.756],[54.769,73.945],[54.794,74.043],[55.027,74.131],[55.632,74.119],[55.393,74.238],[55.517,74.3],[55.444,74.396],[55.929,74.496],[55.645,74.614],[56.448,74.734],[56.05,74.805],[56.394,74.948],[55.98,75.004],[55.902,75.085],[55.971,75.16],[56.537,75.087],[57.027,75.349],[57.767,75.33],[57.716,75.478],[59.168,75.919],[60.13,75.973],[60.113,76.105],[60.184,76.146],[60.592,76.107],[60.733,76.011],[61.062,76.09],[61.033,76.207],[61.181,76.273],[62.513,76.194],[64.147,76.311],[65.471,76.546],[65.925,76.529],[65.898,76.675],[66.015,76.733],[66.984,76.925],[67.723,76.99],[68.613,76.92],[68.987,76.711],[68.811,76.515],[68.228,76.249],[65.131,75.802],[63.808,75.647]]],[[[98.1,79.813],[98.728,80.047],[99.251,80.05],[99.817,79.924],[100.066,79.794],[99.802,79.34],[99.49,79.234],[99.9,79.071],[99.932,78.93],[99.499,78.82],[98.42,78.778],[97.512,78.838],[96.823,78.992],[94.957,79.051],[94.475,79.243],[94.339,79.468],[93.959,79.462],[93.712,79.558],[93.38,79.516],[94.022,79.74],[94.579,79.805],[94.422,79.942],[94.968,80.073],[97.56,80.152],[98.027,80.065],[97.925,79.912],[97.571,79.805],[97.651,79.749],[98.1,79.813]]],[[[103.868,79.141],[104.457,78.933],[104.652,78.774],[104.867,78.834],[105.18,78.787],[105.357,78.543],[104.828,78.307],[102.902,78.185],[101.549,78.198],[100.055,77.952],[99.696,77.946],[99.572,78.017],[100.126,78.339],[100.513,78.693],[100.957,78.772],[100.923,78.857],[101.009,78.942],[101.281,78.996],[101.25,79.074],[101.35,79.153],[101.729,79.305],[102.224,79.218],[102.286,79.338],[102.477,79.398],[103.056,79.292],[102.547,78.825],[103.015,79.02],[103.868,79.141]]],[[[97.395,80.296],[97.279,80.234],[94.629,80.139],[94.09,79.984],[92.316,80.14],[92.578,80.187],[91.659,80.286],[92.451,80.332],[92.237,80.415],[92.855,80.489],[92.962,80.61],[93.302,80.743],[92.716,80.746],[93.194,80.861],[93.245,80.936],[94.883,81.103],[95.37,81.252],[95.914,81.243],[96.84,80.911],[97.83,80.783],[97.965,80.69],[97.242,80.608],[97.155,80.494],[97.395,80.296]]],[[[51.666,80.698],[50.962,80.545],[49.749,80.481],[49.769,80.391],[49.598,80.352],[48.821,80.374],[48.621,80.289],[48.906,80.272],[48.988,80.166],[48.504,80.184],[48.368,80.083],[47.726,80.056],[47.682,80.086],[47.94,80.232],[47.104,80.164],[46.812,80.29],[47.209,80.374],[47.32,80.314],[47.939,80.318],[47.764,80.39],[48.21,80.412],[47.699,80.463],[47.95,80.528],[49.172,80.52],[49.616,80.695],[49.24,80.703],[49.177,80.789],[50.068,80.932],[50.177,80.931],[50.075,80.893],[50.155,80.857],[50.843,80.941],[50.936,80.886],[50.382,80.744],[51.273,80.793],[51.666,80.698]]],[[[49.899,69.04],[49.651,68.858],[48.84,68.717],[48.417,68.715],[48.217,68.871],[48.281,69.225],[48.41,69.343],[48.905,69.495],[49.606,69.419],[50.208,69.225],[50.294,69.121],[50.137,68.989],[50.207,69.133],[49.899,69.04]]],[[[57.741,80.814],[57.748,80.752],[57.615,80.711],[56.456,80.598],[55.669,80.618],[55.627,80.699],[55.688,80.735],[54.897,80.714],[54.184,80.812],[55.087,80.871],[56.002,80.753],[56.61,80.759],[54.523,81.017],[54.765,81.1],[56.256,81.005],[57.254,80.847],[57.297,80.891],[56.565,81.071],[57.91,80.956],[57.994,80.977],[57.961,81.053],[58.47,81.077],[58.255,81.132],[58.499,81.136],[58.725,81.07],[58.622,80.947],[58.186,80.962],[58.213,80.892],[57.741,80.814]]],[[[61.605,80.464],[61.181,80.375],[60.34,80.45],[59.687,80.389],[59.396,80.479],[59.444,80.516],[59.382,80.562],[59.653,80.786],[60.075,80.826],[60.417,80.776],[62.026,80.86],[62.215,80.74],[62.026,80.584],[61.678,80.554],[61.605,80.464]]],[[[64.078,80.963],[64.174,81.001],[64.135,81.069],[64.211,81.139],[64.547,81.187],[65.224,81.125],[65.374,81.024],[65.287,80.98],[65.339,80.888],[64.972,80.779],[63.123,80.639],[62.56,80.786],[63.149,80.939],[64.078,80.963]]],[[[60.474,69.718],[60.229,69.684],[59.626,69.706],[59.59,69.76],[59.672,69.794],[59.569,69.853],[59.113,69.913],[59.069,69.857],[58.604,70.068],[58.629,70.135],[58.455,70.24],[58.828,70.219],[58.542,70.338],[59.047,70.454],[60.425,69.936],[60.544,69.804],[60.474,69.718]]],[[[91.301,79.848],[91.359,79.924],[91.258,80.034],[93.344,79.999],[93.801,79.907],[93.155,79.719],[91.347,79.71],[92.322,79.778],[91.301,79.848]]],[[[69.92,73.04],[70.026,73.252],[69.987,73.386],[70.307,73.451],[70.991,73.481],[71.642,73.165],[70.442,73.02],[69.92,73.04]]],[[[111.502,74.302],[111.98,74.359],[112.045,74.417],[112.016,74.529],[112.201,74.542],[113.182,74.5],[113.399,74.44],[113.395,74.326],[112.809,74.087],[112.216,74.134],[111.502,74.302]]],[[[48.161,80.648],[47.617,80.749],[47.327,80.663],[47.362,80.592],[46.273,80.448],[46.055,80.467],[46.033,80.547],[45.538,80.515],[45.141,80.59],[46.922,80.746],[47.249,80.836],[48.491,80.796],[48.696,80.65],[48.161,80.648]]],[[[58.447,80.202],[58.411,80.143],[58.034,80.159],[58.017,80.087],[57.369,80.153],[57.278,80.349],[57.086,80.434],[58.411,80.458],[59.231,80.32],[58.205,80.267],[58.165,80.232],[58.447,80.202]]],[[[57.091,80.174],[57.119,80.1],[57.02,80.057],[55.918,80.099],[56.124,80.181],[55.994,80.307],[57.004,80.35],[57.187,80.297],[57.115,80.22],[57.172,80.185],[57.091,80.174]]],[[[78.205,72.549],[78.331,72.471],[77.783,72.288],[76.996,72.228],[76.872,72.312],[77.602,72.599],[78.205,72.549]]],[[[56.541,81.257],[56.446,81.39],[56.774,81.396],[57.735,81.296],[56.774,81.193],[55.649,81.195],[55.518,81.279],[56.541,81.257]]],[[[52.869,80.299],[52.81,80.357],[52.869,80.368],[53.364,80.385],[53.884,80.236],[53.466,80.133],[52.285,80.235],[52.869,80.299]]],[[[79.171,73.093],[79.508,72.92],[79.505,72.714],[79.027,72.72],[78.615,72.834],[79.171,73.093]]],[[[91.053,81.21],[91.7,81.112],[90.817,81.032],[90.078,81.105],[90.239,81.183],[91.053,81.21]]],[[[61.549,81.091],[61.578,81.031],[61.181,80.916],[60.106,80.968],[61.181,81.112],[61.549,81.091]]],[[[53.075,71.034],[53.123,70.952],[52.836,71.069],[52.626,71.261],[52.388,71.22],[52.249,71.296],[52.737,71.39],[53.19,71.246],[53.227,71.151],[53.075,71.034]]],[[[57.659,81.562],[58.553,81.428],[57.855,81.378],[56.916,81.446],[56.86,81.472],[57.659,81.562]]],[[[59.367,81.817],[59.235,81.735],[58.018,81.708],[57.993,81.807],[59.367,81.817]]],[[[62.29,81.673],[63.839,81.642],[62.988,81.577],[62.29,81.673]]],[[[79.714,80.966],[80.449,80.896],[79.229,80.825],[79.086,80.85],[79.714,80.966]]],[[[76.778,79.472],[76.112,79.605],[76.657,79.618],[77.61,79.499],[76.778,79.472]]],[[[51.004,80.103],[51.397,79.922],[50.135,79.952],[51.004,80.103]]],[[[95.73,76.936],[95.967,77.011],[95.478,77.003],[96.363,77.174],[96.585,77.136],[96.283,76.983],[95.934,76.961],[95.923,76.895],[95.73,76.936]]],[[[59.916,80.012],[59.392,79.913],[58.89,80.008],[59.633,80.082],[59.916,80.012]]],[[[59.011,80.808],[58.411,80.724],[57.895,80.783],[58.411,80.862],[59.011,80.808]]],[[[74.547,72.846],[74.074,72.987],[74.21,73.087],[74.531,73.108],[74.711,73.082],[74.606,72.927],[74.673,72.87],[74.547,72.846]]],[[[86.922,74.809],[86.653,74.839],[86.745,74.786],[86.569,74.747],[86.486,74.801],[86.527,74.846],[86.263,74.894],[86.332,74.952],[86.627,74.894],[86.553,74.952],[86.631,74.975],[87.169,74.928],[86.897,74.876],[86.985,74.835],[86.922,74.809]]],[[[82.03,75.158],[81.898,75.305],[81.59,75.326],[81.685,75.42],[81.851,75.485],[81.744,75.401],[81.962,75.35],[81.913,75.45],[82.018,75.509],[82.195,75.523],[82.146,75.465],[82.305,75.319],[82.054,75.305],[82.03,75.158]]],[[[107.506,78.189],[107.738,78.127],[107.538,78.043],[106.52,78.141],[107.506,78.189]]],[[[50.06,80.226],[50.369,80.185],[50.06,80.045],[49.905,80.054],[49.609,80.154],[50.06,80.226]]],[[[83.256,70.572],[83.269,70.429],[83.083,70.389],[83.137,70.657],[83.271,70.815],[83.447,70.722],[83.423,70.584],[83.357,70.574],[83.344,70.654],[83.256,70.572]]],[[[53.836,80.561],[54.273,80.583],[54.164,80.538],[54.499,80.461],[53.888,80.447],[53.94,80.51],[53.836,80.561]]],[[[58.01,81.213],[57.641,81.1],[57.311,81.102],[57.049,81.147],[58.01,81.213]]],[[[58.545,81.347],[59.106,81.42],[59.338,81.341],[59.029,81.292],[58.545,81.347]]],[[[54.821,80.357],[54.443,80.391],[54.647,80.525],[55.106,80.471],[54.83,80.455],[54.821,80.357]]],[[[50.488,81.081],[50.418,81.151],[51.02,81.122],[50.404,81.031],[50.488,81.081]]],[[[89.532,77.303],[89.657,77.296],[89.674,77.195],[89.246,77.16],[89.215,77.202],[89.532,77.303]]],[[[67.115,69.421],[67.036,69.475],[67.34,69.582],[67.385,69.504],[67.163,69.348],[66.957,69.423],[67.115,69.421]]],[[[85.666,74.55],[85.455,74.461],[85.517,74.413],[85.285,74.418],[85.189,74.533],[85.666,74.55]]],[[[106.563,78.354],[106.771,78.263],[106.313,78.196],[106.139,78.238],[106.563,78.354]]]]}},{"type":"Feature","properties":{"iso":"SA","name":"Saudi Arabia"},"geometry":{"type":"Polygon","coordinates":[[[38.998,32.0],[39.104,32.082],[39.13,32.135],[39.173,32.136],[39.201,32.154],[40.411,31.946],[41.432,31.379],[42.116,31.089],[42.239,31.0],[44.714,29.206],[47.469,28.996],[47.708,28.522],[48.433,28.531],[48.641,28.09],[48.859,27.845],[48.821,27.758],[48.875,27.623],[49.247,27.51],[49.297,27.441],[49.21,27.403],[49.411,27.148],[49.572,27.146],[49.709,26.961],[50.064,26.731],[50.02,26.622],[50.074,26.494],[50.2,26.44],[50.22,26.23],[50.148,26.083],[50.037,26.155],[50.021,26.021],[50.219,25.639],[50.489,25.384],[50.762,24.773],[50.925,24.555],[51.105,24.474],[51.477,24.592],[51.31,24.305],[51.591,24.243],[51.591,24.123],[52.59,22.938],[55.131,22.629],[55.208,22.708],[55.661,21.993],[54.987,19.998],[52.0,19.0],[49.097,18.607],[48.183,18.162],[47.607,17.457],[47.465,17.123],[47.179,16.953],[46.998,16.958],[46.735,17.279],[46.093,17.251],[45.415,17.333],[45.188,17.433],[43.927,17.34],[43.679,17.378],[43.43,17.554],[43.283,17.502],[43.244,17.414],[43.311,17.308],[43.16,17.146],[43.233,16.678],[42.918,16.406],[42.764,16.405],[42.709,16.702],[42.36,17.142],[42.296,17.446],[41.664,17.976],[41.4,18.518],[41.245,18.664],[41.144,19.064],[40.761,19.743],[40.244,20.158],[39.737,20.39],[39.282,20.972],[39.121,21.293],[39.166,21.481],[38.964,21.96],[39.09,22.367],[39.068,22.562],[38.433,23.787],[37.968,24.13],[37.462,24.35],[37.186,24.806],[37.269,24.953],[37.231,25.175],[36.9,25.664],[36.704,25.784],[36.685,26.025],[36.445,26.145],[36.251,26.595],[35.185,28.046],[34.61,28.082],[34.789,28.511],[34.957,29.357],[36.068,29.19],[36.494,29.498],[36.758,29.864],[37.495,30.006],[37.67,30.329],[37.986,30.506],[37.498,31.0],[37.5,31.0],[37.003,31.501],[38.998,32.0]]]}},{"type":"Feature","properties":{"iso":"TG","name":"Togo"},"geometry":{"type":"Polygon","coordinates":[[[1.419,9.315],[1.626,9.013],[1.667,7.505],[1.639,7.013],[1.565,6.978],[1.586,6.678],[1.798,6.299],[1.2,6.112],[0.999,6.326],[0.764,6.437],[0.544,6.843],[0.652,7.31],[0.53,7.498],[0.622,7.732],[0.599,8.185],[0.725,8.324],[0.389,8.75],[0.508,8.852],[0.464,9.053],[0.547,9.407],[0.433,9.494],[0.255,9.463],[0.252,9.562],[0.375,9.607],[0.369,10.294],[-0.062,10.655],[0.024,11.041],[-0.142,11.139],[0.474,11.014],[0.51,10.941],[0.912,10.996],[0.78,10.391],[1.346,10.0],[1.419,9.315]]]}},{"type":"Feature","properties":{"iso":"TH","name":"Thailand"},"geometry":{"type":"Polygon","coordinates":[[[100.571,20.16],[100.414,19.759],[100.503,19.536],[100.777,19.499],[100.894,19.624],[101.278,19.569],[101.202,19.381],[101.348,19.034],[101.252,18.886],[101.244,18.656],[101.063,18.447],[101.18,18.321],[101.177,18.064],[101.004,17.81],[100.976,17.583],[101.153,17.477],[101.722,17.926],[101.78,18.054],[101.901,18.036],[102.102,18.211],[102.59,17.956],[102.596,17.846],[102.676,17.813],[102.849,17.966],[103.044,17.99],[103.164,18.243],[103.278,18.304],[103.269,18.396],[103.397,18.445],[103.862,18.295],[103.98,18.326],[104.276,17.871],[104.796,17.388],[104.748,16.525],[105.052,16.107],[105.404,16.012],[105.347,15.922],[105.399,15.8],[105.625,15.676],[105.59,15.433],[105.474,15.354],[105.586,15.289],[105.482,15.18],[105.614,14.973],[105.534,14.558],[105.418,14.41],[105.2,14.343],[105.082,14.212],[104.99,14.365],[104.809,14.425],[103.918,14.334],[103.677,14.433],[103.168,14.321],[102.963,14.196],[102.728,13.774],[102.574,13.671],[102.591,13.598],[102.351,13.541],[102.36,13.276],[102.513,13.003],[102.515,12.687],[102.777,12.452],[102.722,12.155],[102.911,11.647],[102.649,12.148],[102.534,12.103],[102.323,12.2],[101.788,12.671],[101.422,12.609],[100.894,12.661],[100.938,13.458],[100.606,13.521],[100.25,13.481],[99.982,13.292],[100.077,13.054],[99.969,12.694],[99.991,12.181],[99.597,11.403],[99.496,10.905],[99.175,10.322],[99.143,9.788],[99.287,9.418],[99.26,9.23],[99.832,9.297],[99.96,8.62],[100.101,8.411],[100.193,8.465],[100.493,7.352],[100.743,7.011],[101.017,6.857],[101.544,6.851],[101.799,6.476],[102.091,6.241],[101.818,5.746],[101.688,5.77],[101.57,5.925],[101.272,5.795],[101.147,5.626],[100.996,5.8],[101.116,5.973],[101.097,6.25],[100.856,6.247],[100.802,6.439],[100.387,6.534],[100.281,6.7],[100.183,6.698],[100.121,6.422],[99.71,6.88],[99.695,7.12],[99.388,7.341],[99.166,7.706],[99.068,7.54],[98.963,7.949],[98.771,8.066],[98.624,8.341],[98.375,8.153],[98.417,7.875],[98.294,7.839],[98.22,8.548],[98.263,9.117],[98.482,9.549],[98.808,10.514],[98.795,10.688],[99.216,11.112],[99.643,11.806],[99.476,12.189],[99.414,12.58],[99.24,12.749],[99.124,13.071],[99.204,13.253],[99.108,13.855],[98.945,14.091],[98.59,14.354],[98.267,14.82],[98.2,15.086],[98.273,15.268],[98.562,15.385],[98.586,16.025],[98.838,16.138],[98.912,16.357],[98.841,16.398],[98.679,16.315],[98.492,16.713],[98.481,16.965],[97.79,17.697],[97.617,18.288],[97.484,18.309],[97.385,18.516],[97.751,18.605],[97.698,18.935],[97.829,19.126],[97.808,19.398],[98.058,19.783],[98.314,19.687],[98.946,19.774],[99.1,20.092],[99.518,20.151],[99.506,20.361],[99.753,20.337],[99.934,20.447],[100.101,20.267],[100.328,20.394],[100.478,20.179],[100.571,20.16]]]}},{"type":"Feature","properties":{"iso":"TJ","name":"Tajikistan"},"geometry":{"type":"Polygon","coordinates":[[[70.948,40.166],[70.508,39.936],[70.528,40.039],[70.042,40.227],[69.562,40.096],[69.508,39.93],[69.366,39.99],[69.315,39.886],[69.345,39.559],[70.293,39.54],[70.521,39.606],[70.881,39.391],[71.504,39.6],[71.58,39.46],[71.78,39.43],[71.797,39.291],[72.035,39.349],[72.239,39.186],[72.486,39.364],[73.175,39.358],[73.658,39.465],[73.57,39.256],[73.841,38.982],[73.71,38.877],[73.807,38.602],[74.05,38.535],[74.135,38.663],[74.363,38.652],[74.861,38.488],[74.793,38.171],[74.987,37.773],[74.905,37.648],[75.131,37.421],[75.111,37.329],[74.89,37.234],[74.714,37.385],[74.356,37.415],[73.742,37.235],[73.657,37.274],[73.758,37.347],[73.746,37.435],[73.321,37.459],[72.815,37.22],[72.658,37.03],[72.3,36.965],[71.849,36.693],[71.674,36.684],[71.441,37.069],[71.585,37.899],[71.282,37.927],[71.359,38.249],[70.983,38.473],[70.695,38.407],[70.493,38.13],[70.193,37.918],[70.293,37.713],[70.172,37.547],[69.901,37.608],[69.519,37.564],[69.385,37.408],[69.422,37.211],[69.303,37.116],[68.929,37.317],[68.03,36.94],[67.807,37.091],[67.882,37.551],[68.285,37.956],[68.379,38.176],[68.089,38.533],[68.161,38.935],[68.039,39.014],[67.731,39.022],[67.456,39.223],[67.481,39.526],[67.734,39.639],[68.52,39.567],[68.661,39.823],[68.861,39.927],[68.837,40.051],[68.971,40.103],[68.646,40.138],[69.271,40.227],[69.266,40.527],[69.401,40.748],[69.739,40.655],[70.302,40.875],[70.452,41.013],[70.742,40.712],[70.395,40.474],[70.647,40.189],[70.968,40.229],[70.948,40.166]]]}},{"type":"Feature","properties":{"iso":"SS","name":"South Sudan"},"geometry":{"type":"Polygon","coordinates":[[[33.635,8.457],[33.253,8.436],[33.178,8.132],[33.008,7.865],[33.323,7.714],[33.678,7.682],[33.94,7.496],[34.026,7.244],[34.216,7.022],[34.462,6.918],[34.548,6.74],[34.932,6.551],[35.01,6.448],[34.955,6.254],[35.0,5.914],[35.135,5.624],[35.304,5.496],[35.324,5.34],[35.545,5.415],[35.842,5.319],[35.818,4.795],[35.948,4.62],[35.509,4.62],[35.428,4.769],[35.468,4.903],[35.322,4.914],[35.318,5.017],[35.139,4.979],[34.504,4.738],[33.508,3.749],[33.178,3.774],[33.028,3.873],[32.406,3.747],[32.189,3.614],[32.177,3.512],[31.956,3.596],[31.824,3.81],[31.538,3.662],[31.19,3.792],[30.976,3.684],[30.855,3.487],[30.772,3.66],[30.569,3.605],[30.546,3.856],[30.221,3.95],[29.935,4.319],[29.808,4.366],[29.809,4.561],[29.636,4.649],[29.482,4.674],[29.42,4.501],[29.231,4.347],[28.774,4.55],[28.401,4.278],[28.066,4.437],[28.024,4.546],[27.796,4.604],[27.769,4.774],[27.444,5.019],[27.258,5.319],[27.271,5.573],[27.185,5.725],[26.811,5.995],[26.47,6.103],[26.524,6.216],[26.3,6.459],[26.39,6.663],[26.088,6.834],[26.018,7.009],[25.209,7.5],[25.182,7.578],[25.283,7.668],[25.191,7.894],[24.982,7.971],[24.855,8.161],[24.205,8.313],[24.158,8.411],[24.223,8.642],[24.567,8.907],[24.607,9.377],[24.753,9.569],[24.732,9.745],[25.024,10.044],[25.106,10.312],[25.833,10.437],[25.92,10.396],[25.937,10.189],[26.207,9.912],[26.39,9.569],[26.704,9.49],[27.153,9.624],[27.907,9.61],[28.088,9.344],[28.75,9.351],[29.104,9.746],[29.513,9.76],[29.562,10.083],[29.967,10.28],[30.82,9.738],[31.299,9.776],[31.978,10.62],[32.452,11.042],[32.386,11.671],[32.164,11.93],[32.72,11.961],[32.796,12.227],[33.271,12.197],[33.144,11.62],[33.242,10.754],[33.5,10.632],[33.958,10.135],[33.987,9.919],[33.897,9.553],[34.113,9.499],[34.128,8.585],[33.757,8.366],[33.635,8.457]]]}},{"type":"Feature","properties":{"iso":"ST","name":"S\u00e3o Tom\u00e9 and Pr\u00edncipe"},"geometry":{"type":"Polygon","coordinates":[[[6.753,0.275],[6.541,0.046],[6.485,0.295],[6.658,0.407],[6.753,0.275]]]}},{"type":"Feature","properties":{"iso":"SV","name":"El Salvador"},"geometry":{"type":"Polygon","coordinates":[[[-88.517,13.975],[-88.475,13.859],[-88.216,13.989],[-88.086,13.991],[-88.008,13.882],[-87.806,13.909],[-87.719,13.805],[-87.785,13.539],[-87.734,13.446],[-87.865,13.378],[-87.795,13.288],[-87.911,13.17],[-88.482,13.178],[-89.297,13.478],[-89.79,13.533],[-90.124,13.741],[-90.014,13.939],[-89.531,14.223],[-89.563,14.402],[-89.101,14.388],[-88.829,14.115],[-88.517,13.975]]]}},{"type":"Feature","properties":{"iso":"SY","name":"Syria"},"geometry":{"type":"Polygon","coordinates":[[[41.936,36.67],[41.827,36.596],[41.416,36.519],[41.297,36.351],[41.263,36.057],[41.378,35.835],[41.391,35.64],[41.286,35.484],[41.228,35.217],[41.231,34.782],[41.015,34.428],[38.793,33.375],[36.831,32.322],[36.421,32.383],[36.219,32.518],[36.1,32.523],[36.029,32.65],[35.927,32.723],[35.785,32.751],[35.672,32.691],[35.643,32.701],[35.657,32.778],[35.621,32.906],[35.669,33.228],[35.624,33.242],[36.024,33.556],[36.027,33.595],[35.965,33.662],[36.056,33.79],[36.162,33.84],[36.329,33.843],[36.322,33.948],[36.41,34.028],[36.502,34.066],[36.596,34.2],[36.53,34.419],[36.381,34.516],[36.403,34.58],[36.456,34.592],[36.452,34.629],[36.398,34.619],[36.332,34.65],[35.976,34.633],[35.873,34.899],[35.89,35.098],[35.947,35.198],[35.91,35.406],[35.776,35.511],[35.745,35.567],[35.777,35.667],[35.839,35.741],[35.823,35.847],[35.917,35.929],[36.166,35.832],[36.219,35.951],[36.374,36.008],[36.395,36.206],[36.674,36.237],[36.681,36.291],[36.559,36.463],[36.572,36.566],[36.662,36.814],[36.66,36.833],[36.956,36.769],[37.139,36.662],[37.389,36.658],[37.586,36.704],[37.708,36.748],[37.778,36.748],[37.89,36.781],[38.192,36.906],[38.371,36.9],[38.53,36.849],[38.727,36.707],[39.042,36.705],[39.223,36.667],[39.821,36.756],[40.226,36.901],[40.446,37.014],[40.514,37.024],[40.689,37.096],[40.772,37.118],[40.93,37.13],[41.216,37.073],[41.547,37.085],[41.663,37.103],[42.037,37.187],[42.207,37.288],[42.341,37.234],[42.368,37.055],[41.936,36.67]]]}},{"type":"Feature","properties":{"iso":"TD","name":"Chad"},"geometry":{"type":"Polygon","coordinates":[[[22.932,15.546],[22.992,15.223],[22.677,14.864],[22.691,14.689],[22.39,14.524],[22.437,14.283],[22.558,14.167],[22.088,13.793],[22.282,13.355],[21.939,13.053],[21.827,12.804],[21.95,12.633],[22.207,12.744],[22.446,12.63],[22.376,12.446],[22.483,12.049],[22.628,12.038],[22.569,11.625],[22.796,11.414],[22.933,11.416],[22.98,11.282],[22.876,10.931],[22.501,11.002],[21.84,10.841],[21.735,10.63],[21.719,10.298],[21.232,9.959],[20.832,9.457],[20.534,9.32],[20.405,9.151],[18.994,8.969],[18.884,8.857],[19.096,8.658],[18.588,8.054],[17.679,7.972],[16.849,7.546],[16.565,7.856],[16.378,7.676],[15.939,7.478],[15.507,7.527],[15.589,7.743],[15.452,7.904],[15.2,8.601],[14.524,9.027],[14.029,9.667],[14.25,9.991],[14.821,9.934],[15.646,9.993],[15.306,10.323],[15.073,10.81],[15.031,11.131],[15.136,11.535],[15.076,11.99],[14.9,12.163],[14.836,12.61],[14.568,12.77],[14.459,13.067],[14.085,13.078],[13.635,13.711],[13.492,14.452],[13.679,14.553],[13.871,15.037],[14.374,15.715],[15.5,16.913],[15.596,18.742],[15.747,19.888],[15.977,20.343],[15.598,20.773],[15.601,20.972],[15.205,21.511],[15.187,22.012],[14.998,22.997],[16.017,23.429],[24.0,19.5],[23.996,15.729],[23.101,15.702],[22.932,15.546]]]}},{"type":"Feature","properties":{"iso":"TT","name":"Trinidad and Tobago"},"geometry":{"type":"Polygon","coordinates":[[[-61.162,10.076],[-61.929,10.054],[-61.458,10.299],[-61.498,10.638],[-61.668,10.706],[-61.011,10.841],[-60.915,10.831],[-61.036,10.655],[-60.997,10.162],[-61.162,10.076]]]}},{"type":"Feature","properties":{"iso":"TR","name":"T\u00fcrkiye"},"geometry":{"type":"MultiPolygon","coordinates":[[[[35.514,41.636],[35.646,41.641],[35.971,41.725],[36.109,41.628],[36.145,41.45],[36.393,41.257],[36.514,41.262],[36.628,41.368],[36.677,41.377],[36.975,41.292],[37.042,41.188],[37.152,41.148],[37.284,41.142],[37.529,41.026],[37.605,41.054],[37.669,41.119],[37.764,41.109],[37.801,41.038],[37.887,40.991],[38.507,40.916],[38.619,40.966],[38.708,40.952],[38.92,41.035],[39.179,41.074],[39.267,41.052],[39.453,41.096],[39.641,41.004],[39.745,41.005],[39.883,40.958],[40.013,40.961],[40.132,40.914],[40.219,40.926],[40.395,41.025],[40.552,41.033],[40.71,41.087],[40.809,41.161],[41.05,41.215],[41.252,41.33],[41.401,41.386],[41.547,41.52],[41.824,41.439],[41.966,41.518],[42.167,41.511],[42.515,41.438],[42.604,41.582],[42.82,41.58],[42.814,41.492],[42.89,41.489],[43.034,41.375],[43.194,41.296],[43.167,41.263],[43.238,41.183],[43.388,41.197],[43.474,41.123],[43.455,41.095],[43.47,41.057],[43.671,40.917],[43.746,40.749],[43.731,40.652],[43.591,40.466],[43.706,40.175],[43.654,40.13],[43.675,40.101],[43.929,40.019],[44.319,40.033],[44.484,39.962],[44.601,39.829],[44.768,39.714],[44.812,39.632],[44.736,39.702],[44.609,39.778],[44.502,39.717],[44.41,39.426],[44.31,39.392],[44.087,39.41],[44.05,39.363],[44.21,39.133],[44.175,38.976],[44.213,38.896],[44.295,38.826],[44.269,38.723],[44.316,38.604],[44.309,38.405],[44.435,38.388],[44.475,38.338],[44.231,37.911],[44.576,37.767],[44.617,37.719],[44.599,37.69],[44.585,37.614],[44.589,37.444],[44.65,37.427],[44.803,37.32],[44.82,37.279],[44.793,37.176],[44.614,37.176],[44.36,37.038],[44.303,36.978],[44.253,36.998],[44.205,37.085],[44.261,37.202],[44.249,37.251],[44.193,37.287],[44.029,37.314],[43.86,37.228],[43.615,37.232],[43.421,37.279],[43.173,37.364],[42.956,37.33],[42.784,37.371],[42.713,37.332],[42.567,37.16],[42.356,37.108],[42.341,37.234],[42.207,37.288],[42.037,37.187],[41.663,37.103],[41.547,37.085],[41.216,37.073],[40.93,37.13],[40.772,37.118],[40.689,37.096],[40.514,37.024],[40.446,37.014],[40.226,36.901],[39.821,36.756],[39.223,36.667],[39.042,36.705],[38.727,36.707],[38.53,36.849],[38.371,36.9],[38.192,36.906],[37.89,36.781],[37.778,36.748],[37.708,36.748],[37.586,36.704],[37.389,36.658],[37.139,36.662],[36.956,36.769],[36.66,36.833],[36.662,36.814],[36.572,36.566],[36.559,36.463],[36.681,36.291],[36.674,36.237],[36.395,36.206],[36.374,36.008],[36.219,35.951],[36.166,35.832],[35.917,35.929],[35.968,36.036],[35.787,36.319],[35.898,36.431],[36.204,36.632],[36.195,36.792],[36.059,36.912],[35.963,36.903],[35.808,36.781],[35.668,36.754],[35.688,36.692],[35.561,36.573],[35.428,36.584],[35.335,36.55],[34.899,36.738],[34.813,36.794],[34.658,36.803],[34.57,36.768],[34.258,36.566],[34.096,36.421],[34.052,36.309],[33.967,36.256],[33.861,36.299],[33.69,36.159],[33.631,36.178],[33.541,36.14],[33.165,36.131],[33.078,36.087],[32.943,36.092],[32.797,36.028],[32.576,36.093],[32.393,36.165],[32.301,36.238],[32.103,36.479],[31.913,36.566],[31.311,36.812],[31.003,36.856],[30.77,36.85],[30.688,36.878],[30.621,36.845],[30.576,36.784],[30.578,36.566],[30.487,36.428],[30.509,36.332],[30.418,36.225],[30.389,36.272],[30.197,36.312],[30.115,36.254],[29.92,36.224],[29.887,36.179],[29.681,36.143],[29.628,36.188],[29.444,36.222],[29.399,36.256],[29.333,36.244],[29.13,36.402],[29.062,36.583],[29.082,36.642],[29.058,36.676],[28.935,36.715],[28.92,36.654],[28.839,36.631],[28.65,36.72],[28.57,36.804],[28.469,36.84],[28.277,36.811],[28.244,36.715],[28.028,36.581],[28.003,36.597],[28.046,36.641],[28.031,36.695],[28.089,36.739],[28.08,36.773],[27.761,36.751],[27.611,36.67],[27.432,36.686],[27.466,36.745],[27.615,36.787],[27.996,36.806],[28.062,36.909],[28.162,36.965],[28.144,36.99],[27.558,36.975],[27.292,37.004],[27.264,37.054],[27.292,37.108],[27.493,37.124],[27.558,37.21],[27.389,37.391],[27.238,37.364],[27.187,37.588],[27.048,37.659],[27.221,37.737],[27.265,37.875],[27.204,37.977],[26.875,38.074],[26.744,38.183],[26.549,38.156],[26.296,38.29],[26.309,38.324],[26.399,38.35],[26.447,38.397],[26.38,38.575],[26.42,38.646],[26.5,38.633],[26.555,38.589],[26.666,38.378],[26.872,38.382],[27.008,38.423],[26.894,38.514],[26.779,38.66],[26.794,38.719],[26.907,38.781],[27.011,38.897],[26.848,38.969],[26.834,39.088],[26.764,39.175],[26.654,39.285],[26.911,39.483],[26.936,39.542],[26.878,39.579],[26.619,39.548],[26.213,39.462],[26.078,39.478],[26.16,39.661],[26.147,39.848],[26.175,39.976],[26.329,40.029],[26.399,40.121],[26.414,40.191],[26.513,40.216],[26.738,40.392],[27.025,40.39],[27.103,40.442],[27.28,40.466],[27.329,40.374],[27.506,40.305],[27.76,40.312],[27.859,40.371],[27.695,40.478],[27.734,40.521],[28.007,40.484],[28.005,40.446],[27.911,40.396],[27.944,40.36],[28.165,40.396],[28.499,40.394],[28.651,40.363],[28.789,40.392],[28.956,40.358],[29.044,40.366],[29.141,40.429],[29.075,40.475],[28.991,40.466],[28.795,40.522],[28.821,40.562],[28.904,40.589],[29.003,40.642],[29.286,40.663],[29.503,40.718],[29.547,40.695],[29.844,40.727],[29.917,40.717],[29.935,40.725],[29.94,40.744],[29.922,40.759],[29.844,40.751],[29.638,40.78],[29.376,40.757],[29.343,40.808],[29.045,40.965],[28.992,41.021],[29.099,41.196],[29.268,41.23],[29.844,41.139],[30.135,41.139],[30.274,41.204],[30.766,41.087],[30.982,41.073],[31.296,41.116],[31.402,41.209],[31.41,41.313],[32.146,41.61],[32.274,41.712],[32.595,41.828],[32.919,41.877],[33.075,41.938],[33.335,42.013],[34.229,41.955],[34.779,41.953],[34.875,42.0],[34.974,42.095],[35.109,42.015],[35.091,41.938],[35.225,41.76],[35.514,41.636]]],[[[27.805,41.96],[27.866,41.997],[28.036,41.983],[28.049,41.893],[27.995,41.876],[27.984,41.832],[28.153,41.579],[28.28,41.495],[28.629,41.353],[29.088,41.245],[28.995,41.166],[28.819,40.961],[28.624,40.964],[28.581,41.01],[28.527,40.994],[28.227,41.073],[27.991,41.018],[27.928,40.972],[27.748,41.009],[27.537,40.973],[27.3,40.703],[26.969,40.553],[26.726,40.46],[26.588,40.328],[26.395,40.209],[26.319,40.112],[26.225,40.087],[26.265,40.331],[26.771,40.555],[26.808,40.621],[26.735,40.643],[26.617,40.636],[26.53,40.594],[26.458,40.615],[26.416,40.601],[26.37,40.606],[26.308,40.592],[26.222,40.598],[26.153,40.59],[26.077,40.617],[26.033,40.73],[26.121,40.752],[26.238,40.887],[26.343,40.949],[26.354,41.014],[26.317,41.173],[26.336,41.249],[26.628,41.358],[26.591,41.6],[26.358,41.711],[26.335,41.752],[26.362,41.808],[26.537,41.831],[26.575,41.893],[26.562,41.926],[26.627,41.972],[26.738,41.961],[26.949,42.0],[27.06,42.088],[27.166,42.071],[27.285,42.091],[27.554,41.921],[27.702,41.969],[27.805,41.96]]],[[[25.738,40.09],[25.706,40.115],[25.664,40.124],[25.67,40.154],[25.791,40.212],[25.945,40.242],[25.973,40.223],[25.967,40.15],[25.981,40.13],[25.944,40.129],[25.839,40.099],[25.808,40.104],[25.738,40.09]]],[[[27.53,40.63],[27.564,40.651],[27.64,40.665],[27.711,40.642],[27.714,40.626],[27.656,40.589],[27.607,40.576],[27.548,40.589],[27.53,40.63]]],[[[25.986,39.842],[26.074,39.841],[26.084,39.793],[26.053,39.784],[25.978,39.831],[25.986,39.842]]],[[[26.694,38.513],[26.714,38.542],[26.75,38.481],[26.743,38.458],[26.694,38.48],[26.694,38.513]]],[[[27.518,40.54],[27.539,40.487],[27.492,40.477],[27.477,40.493],[27.518,40.54]]],[[[27.606,40.481],[27.595,40.519],[27.647,40.498],[27.635,40.457],[27.591,40.466],[27.606,40.481]]],[[[28.523,40.553],[28.56,40.531],[28.551,40.505],[28.518,40.497],[28.5,40.518],[28.523,40.553]]],[[[26.649,39.365],[26.67,39.33],[26.618,39.321],[26.598,39.356],[26.649,39.365]]],[[[26.371,38.467],[26.359,38.415],[26.324,38.41],[26.311,38.442],[26.371,38.467]]],[[[35.145,42.027],[35.156,42.044],[35.189,42.048],[35.222,42.016],[35.211,42.007],[35.156,42.015],[35.145,42.027]]]]}},{"type":"Feature","properties":{"iso":"SD","name":"Sudan"},"geometry":{"type":"Polygon","coordinates":[[[33.997,21.776],[34.087,22.003],[36.882,22.005],[36.921,21.599],[37.308,21.071],[37.246,21.03],[37.112,21.199],[37.234,20.544],[37.244,19.583],[37.434,18.851],[37.519,18.74],[37.943,18.557],[38.091,18.42],[38.12,18.277],[38.378,18.182],[38.57,18.005],[38.25,17.563],[38.126,17.563],[38.075,17.482],[38.025,17.559],[37.926,17.463],[37.804,17.494],[37.756,17.389],[37.515,17.325],[37.391,17.058],[37.013,17.073],[37.018,16.795],[36.891,16.557],[36.949,16.28],[36.551,15.252],[36.445,15.155],[36.56,14.258],[36.458,13.979],[36.492,13.827],[36.159,12.958],[36.159,12.702],[35.696,12.658],[35.274,11.941],[35.064,11.745],[34.959,10.888],[34.789,10.721],[34.586,10.892],[34.306,10.591],[34.344,10.184],[34.234,10.033],[34.113,9.499],[33.897,9.553],[33.987,9.919],[33.958,10.135],[33.5,10.632],[33.242,10.754],[33.144,11.62],[33.271,12.197],[32.796,12.227],[32.72,11.961],[32.164,11.93],[32.386,11.671],[32.452,11.042],[31.978,10.62],[31.299,9.776],[30.82,9.738],[29.967,10.28],[29.562,10.083],[29.513,9.76],[29.104,9.746],[28.977,9.641],[28.975,10.118],[27.815,10.143],[27.815,9.801],[27.907,9.61],[27.153,9.624],[26.704,9.49],[26.311,9.646],[26.207,9.912],[25.937,10.189],[25.92,10.396],[25.833,10.437],[25.106,10.312],[25.024,10.044],[24.732,9.745],[24.736,9.485],[24.607,9.377],[24.521,8.846],[24.223,8.642],[24.25,8.69],[23.977,8.65],[23.927,8.714],[23.523,8.719],[23.584,9.002],[23.466,8.975],[23.466,9.097],[23.65,9.277],[23.66,9.919],[23.325,10.451],[23.013,10.71],[22.876,10.931],[22.98,11.282],[22.933,11.416],[22.796,11.414],[22.569,11.625],[22.628,12.038],[22.483,12.049],[22.376,12.446],[22.446,12.63],[22.207,12.744],[21.95,12.633],[21.827,12.804],[21.939,13.053],[22.282,13.355],[22.088,13.793],[22.558,14.167],[22.437,14.283],[22.39,14.524],[22.691,14.689],[22.677,14.864],[22.992,15.223],[22.932,15.546],[23.101,15.702],[23.996,15.729],[24.013,19.994],[24.994,20.007],[25.0,22.0],[31.282,22.0],[31.469,22.215],[31.436,22.002],[33.183,22.002],[33.584,21.728],[33.997,21.776]]]}},{"type":"Feature","properties":{"iso":"SE","name":"Sweden"},"geometry":{"type":"MultiPolygon","coordinates":[[[[23.142,68.237],[23.162,68.144],[23.297,68.148],[23.39,68.051],[23.645,67.955],[23.641,67.921],[23.488,67.848],[23.485,67.696],[23.55,67.606],[23.412,67.484],[23.478,67.451],[23.748,67.428],[23.759,67.323],[23.711,67.284],[23.569,67.259],[23.584,67.208],[23.563,67.173],[23.983,66.831],[23.978,66.796],[23.89,66.756],[23.879,66.621],[23.858,66.564],[23.654,66.447],[23.675,66.377],[23.652,66.296],[23.733,66.197],[23.915,66.154],[23.946,66.077],[24.085,65.935],[24.155,65.816],[23.81,65.783],[23.688,65.821],[23.41,65.769],[23.239,65.813],[23.254,65.732],[23.109,65.723],[22.708,65.874],[22.67,65.773],[22.39,65.847],[22.339,65.747],[22.361,65.615],[22.33,65.509],[22.259,65.558],[22.218,65.533],[22.166,65.553],[22.082,65.505],[21.939,65.515],[21.978,65.442],[21.779,65.368],[21.574,65.386],[21.561,65.359],[21.618,65.349],[21.646,65.291],[21.561,65.214],[21.544,65.063],[21.488,65.018],[21.284,64.952],[21.253,64.883],[21.125,64.818],[21.243,64.757],[21.26,64.698],[21.239,64.641],[21.472,64.555],[21.502,64.471],[21.55,64.428],[21.0,64.151],[20.903,64.003],[20.667,63.808],[20.562,63.76],[20.495,63.792],[20.413,63.685],[20.327,63.727],[20.286,63.666],[20.05,63.664],[19.986,63.619],[19.882,63.6],[19.757,63.533],[19.72,63.449],[19.64,63.449],[19.572,63.519],[19.481,63.557],[19.453,63.528],[19.473,63.433],[19.286,63.47],[19.227,63.351],[19.05,63.22],[18.766,63.185],[18.675,63.137],[18.59,63.151],[18.462,63.031],[18.446,62.898],[18.366,62.862],[18.24,62.858],[18.094,62.696],[18.044,62.716],[18.057,62.809],[17.95,62.823],[17.964,62.786],[18.027,62.768],[17.982,62.735],[18.009,62.629],[17.964,62.575],[17.658,62.437],[17.47,62.469],[17.482,62.404],[17.423,62.369],[17.415,62.332],[17.577,62.223],[17.489,62.137],[17.342,61.866],[17.4,61.745],[17.489,61.7],[17.485,61.661],[17.239,61.704],[17.205,61.598],[17.131,61.548],[17.163,61.439],[17.141,61.387],[17.207,61.307],[17.173,61.186],[17.188,61.04],[17.223,61.011],[17.175,60.947],[17.327,60.81],[17.277,60.698],[17.37,60.654],[17.628,60.636],[17.606,60.578],[17.688,60.526],[17.808,60.572],[17.978,60.588],[18.03,60.51],[18.139,60.428],[18.28,60.351],[18.359,60.343],[18.412,60.354],[18.395,60.501],[18.424,60.506],[18.471,60.477],[18.496,60.372],[18.561,60.369],[18.652,60.28],[18.616,60.226],[18.664,60.218],[18.661,60.195],[18.561,60.189],[18.513,60.148],[18.683,60.133],[18.772,60.156],[18.919,59.964],[19.037,59.861],[19.038,59.733],[18.781,59.651],[18.622,59.454],[18.468,59.467],[18.333,59.404],[18.395,59.361],[18.502,59.385],[18.678,59.354],[18.756,59.284],[18.748,59.221],[18.719,59.21],[18.677,59.258],[18.513,59.24],[18.358,59.279],[18.358,59.215],[18.435,59.121],[18.421,59.072],[18.326,59.095],[18.159,59.057],[18.135,58.999],[18.002,58.939],[17.9,58.838],[17.786,58.913],[17.733,59.014],[17.66,58.951],[17.572,58.951],[17.611,58.893],[17.315,58.726],[17.121,58.73],[17.12,58.672],[16.983,58.625],[16.751,58.627],[16.748,58.594],[16.92,58.501],[16.81,58.418],[16.861,58.267],[16.774,58.257],[16.864,58.124],[16.772,58.037],[16.667,57.996],[16.789,57.96],[16.768,57.827],[16.702,57.756],[16.707,57.676],[16.653,57.609],[16.711,57.6],[16.702,57.456],[16.489,57.263],[16.481,57.184],[16.532,57.156],[16.546,57.069],[16.449,56.965],[16.366,56.691],[16.247,56.607],[16.05,56.322],[16.052,56.263],[15.85,56.079],[15.805,56.093],[15.793,56.055],[15.679,56.076],[15.65,56.109],[15.709,56.121],[15.718,56.158],[15.59,56.166],[15.575,56.193],[15.431,56.134],[15.316,56.128],[15.3,56.168],[15.088,56.152],[14.694,56.154],[14.769,56.036],[14.725,56.003],[14.625,55.999],[14.557,56.028],[14.546,56.061],[14.35,55.959],[14.23,55.835],[14.212,55.711],[14.35,55.548],[14.174,55.388],[14.063,55.385],[13.915,55.43],[13.736,55.426],[13.339,55.342],[12.855,55.394],[12.855,55.42],[12.948,55.442],[12.918,55.578],[13.047,55.673],[12.927,55.75],[12.907,55.825],[12.812,55.875],[12.742,55.985],[12.575,56.147],[12.526,56.259],[12.792,56.236],[12.808,56.281],[12.641,56.423],[12.718,56.463],[12.899,56.449],[12.929,56.55],[12.903,56.613],[12.845,56.652],[12.724,56.665],[12.582,56.824],[12.372,56.935],[12.208,57.177],[12.139,57.237],[12.091,57.418],[12.047,57.427],[12.067,57.387],[12.049,57.36],[11.937,57.411],[11.923,57.562],[11.833,57.684],[11.732,57.707],[11.791,57.78],[11.715,57.809],[11.694,57.86],[11.698,57.89],[11.77,57.918],[11.81,58.024],[11.804,58.108],[11.72,58.088],[11.763,58.049],[11.738,58.006],[11.568,57.944],[11.497,58.064],[11.392,58.143],[11.4,58.221],[11.467,58.272],[11.386,58.333],[11.235,58.376],[11.24,58.421],[11.296,58.47],[11.238,58.555],[11.269,58.65],[11.192,58.722],[11.227,58.819],[11.125,58.917],[11.13,59.008],[11.194,59.073],[11.315,59.099],[11.37,59.083],[11.461,58.989],[11.463,58.897],[11.507,58.883],[11.635,58.904],[11.684,58.952],[11.772,59.094],[11.788,59.203],[11.826,59.238],[11.814,59.338],[11.699,59.581],[11.722,59.621],[11.802,59.645],[11.93,59.702],[11.927,59.79],[11.84,59.841],[11.971,59.895],[12.176,59.895],[12.343,59.971],[12.494,60.093],[12.536,60.19],[12.504,60.312],[12.6,60.406],[12.603,60.51],[12.395,60.74],[12.325,60.895],[12.235,61.01],[12.67,61.056],[12.715,61.145],[12.826,61.249],[12.856,61.364],[12.579,61.56],[12.416,61.569],[12.145,61.73],[12.299,62.267],[12.073,62.602],[12.125,62.749],[12.092,62.901],[12.197,63.007],[11.986,63.271],[12.2,63.469],[12.161,63.594],[12.682,63.971],[12.827,64.024],[13.215,64.094],[13.977,64.021],[14.151,64.198],[14.112,64.454],[13.667,64.589],[14.326,65.119],[14.365,65.214],[14.503,65.321],[14.507,65.557],[14.543,65.696],[14.618,65.813],[14.588,65.895],[14.532,66.13],[15.047,66.158],[15.46,66.277],[15.454,66.345],[15.387,66.481],[15.63,66.602],[16.051,66.917],[16.381,67.05],[16.392,67.212],[16.102,67.446],[16.167,67.516],[16.398,67.535],[16.479,67.583],[16.772,67.925],[17.169,68.048],[17.272,68.112],[17.313,68.112],[17.908,67.98],[18.143,68.197],[18.104,68.404],[18.126,68.537],[18.409,68.572],[18.628,68.513],[19.029,68.508],[19.94,68.377],[20.127,68.462],[20.026,68.569],[20.194,68.672],[20.307,68.802],[20.288,68.914],[20.197,69.024],[20.549,69.06],[20.785,69.024],[20.883,68.974],[20.877,68.927],[20.905,68.897],[21.11,68.857],[21.381,68.754],[21.455,68.691],[21.912,68.57],[22.05,68.487],[22.306,68.479],[22.927,68.348],[23.054,68.302],[23.142,68.237]]],[[[19.02,57.757],[18.959,57.779],[18.938,57.722],[18.814,57.735],[18.767,57.622],[18.802,57.593],[18.797,57.544],[18.767,57.525],[18.767,57.501],[18.8,57.45],[18.888,57.427],[18.889,57.41],[18.767,57.366],[18.676,57.305],[18.697,57.236],[18.415,57.142],[18.344,57.061],[18.345,56.974],[18.213,56.912],[18.128,56.912],[18.208,57.019],[18.265,57.056],[18.26,57.073],[18.207,57.072],[18.212,57.131],[18.159,57.161],[18.144,57.232],[18.102,57.267],[18.172,57.355],[18.115,57.524],[18.171,57.584],[18.323,57.666],[18.471,57.819],[18.596,57.848],[18.702,57.92],[18.767,57.899],[18.799,57.855],[18.865,57.922],[18.998,57.916],[19.077,57.84],[19.012,57.812],[19.02,57.757]]],[[[16.611,56.851],[16.728,56.912],[16.894,57.117],[16.978,57.304],[17.05,57.354],[17.126,57.334],[17.069,57.279],[17.068,57.188],[16.912,56.99],[16.889,56.912],[16.848,56.831],[16.778,56.783],[16.5,56.269],[16.408,56.207],[16.38,56.536],[16.611,56.851]]],[[[19.349,57.96],[19.305,57.944],[19.26,57.952],[19.138,57.916],[19.168,57.893],[19.123,57.843],[19.08,57.869],[19.049,57.909],[19.086,57.934],[19.092,57.969],[19.162,57.993],[19.242,57.974],[19.308,57.985],[19.349,57.96]]],[[[20.895,63.819],[20.94,63.748],[20.876,63.676],[20.835,63.776],[20.895,63.819]]],[[[18.654,62.985],[18.617,62.974],[18.61,63.042],[18.594,63.076],[18.624,63.088],[18.651,63.069],[18.685,63.078],[18.654,62.985]]],[[[15.651,56.102],[15.628,56.085],[15.572,56.11],[15.558,56.091],[15.476,56.093],[15.467,56.103],[15.527,56.138],[15.579,56.123],[15.642,56.136],[15.651,56.102]]],[[[19.246,58.393],[19.31,58.372],[19.288,58.338],[19.214,58.337],[19.171,58.396],[19.246,58.393]]],[[[18.901,59.405],[18.844,59.39],[18.852,59.431],[18.907,59.447],[18.922,59.423],[18.956,59.422],[18.965,59.401],[18.945,59.365],[18.901,59.405]]],[[[21.758,65.274],[21.769,65.283],[21.83,65.268],[21.834,65.196],[21.77,65.216],[21.758,65.274]]],[[[18.874,59.638],[18.922,59.638],[18.954,59.654],[18.974,59.638],[18.89,59.582],[18.837,59.594],[18.874,59.638]]],[[[16.863,58.422],[16.927,58.398],[16.921,58.359],[16.954,58.338],[16.91,58.313],[16.872,58.381],[16.863,58.422]]],[[[22.685,65.522],[22.642,65.554],[22.657,65.577],[22.699,65.569],[22.715,65.531],[22.719,65.475],[22.665,65.492],[22.685,65.522]]],[[[19.16,59.76],[19.119,59.721],[19.095,59.754],[19.137,59.788],[19.155,59.776],[19.191,59.803],[19.218,59.763],[19.209,59.75],[19.16,59.76]]],[[[23.677,65.719],[23.681,65.738],[23.746,65.737],[23.78,65.755],[23.809,65.746],[23.79,65.717],[23.743,65.697],[23.677,65.719]]],[[[22.926,65.741],[22.986,65.701],[22.957,65.67],[22.873,65.71],[22.926,65.741]]],[[[18.711,59.468],[18.729,59.492],[18.807,59.491],[18.793,59.465],[18.821,59.412],[18.793,59.405],[18.773,59.458],[18.711,59.468]]],[[[22.726,65.751],[22.734,65.767],[22.754,65.767],[22.83,65.718],[22.805,65.706],[22.743,65.714],[22.726,65.751]]],[[[11.654,57.733],[11.653,57.756],[11.691,57.765],[11.71,57.738],[11.679,57.704],[11.646,57.694],[11.615,57.72],[11.654,57.733]]],[[[18.754,59.578],[18.799,59.587],[18.827,59.544],[18.74,59.535],[18.73,59.543],[18.754,59.578]]],[[[22.143,65.454],[22.158,65.473],[22.191,65.468],[22.235,65.437],[22.23,65.421],[22.147,65.435],[22.143,65.454]]],[[[22.581,65.598],[22.642,65.586],[22.609,65.546],[22.548,65.572],[22.581,65.598]]],[[[18.207,58.939],[18.286,58.967],[18.275,58.916],[18.197,58.921],[18.207,58.939]]],[[[11.597,57.913],[11.657,57.894],[11.615,57.849],[11.579,57.894],[11.597,57.913]]],[[[22.571,65.511],[22.568,65.473],[22.515,65.473],[22.491,65.505],[22.571,65.511]]],[[[11.017,58.918],[11.051,58.874],[11.041,58.855],[10.98,58.882],[11.017,58.918]]],[[[17.485,58.762],[17.502,58.732],[17.463,58.701],[17.434,58.731],[17.485,58.762]]],[[[19.288,59.555],[19.306,59.523],[19.263,59.499],[19.232,59.519],[19.288,59.555]]],[[[22.756,65.574],[22.818,65.559],[22.823,65.528],[22.737,65.555],[22.756,65.574]]],[[[18.12,58.915],[18.145,58.87],[18.136,58.841],[18.088,58.88],[18.12,58.915]]],[[[21.688,65.253],[21.733,65.22],[21.722,65.197],[21.661,65.222],[21.688,65.253]]],[[[11.176,58.365],[11.215,58.376],[11.239,58.325],[11.194,58.326],[11.176,58.365]]],[[[22.587,65.666],[22.632,65.678],[22.649,65.664],[22.64,65.627],[22.616,65.628],[22.587,65.666]]],[[[11.772,57.659],[11.807,57.624],[11.782,57.587],[11.75,57.63],[11.772,57.659]]],[[[18.868,59.53],[18.869,59.489],[18.835,59.477],[18.809,59.514],[18.868,59.53]]],[[[22.297,65.482],[22.329,65.452],[22.317,65.424],[22.267,65.429],[22.297,65.482]]],[[[23.48,65.756],[23.532,65.749],[23.507,65.705],[23.469,65.717],[23.48,65.756]]],[[[21.72,65.314],[21.714,65.289],[21.672,65.281],[21.657,65.334],[21.72,65.314]]],[[[17.145,58.645],[17.183,58.684],[17.199,58.67],[17.197,58.627],[17.157,58.629],[17.145,58.645]]],[[[21.989,65.408],[22.041,65.38],[22.006,65.359],[21.952,65.396],[21.989,65.408]]],[[[12.673,55.929],[12.738,55.912],[12.728,55.885],[12.696,55.883],[12.665,55.915],[12.673,55.929]]],[[[22.368,65.474],[22.412,65.462],[22.407,65.432],[22.339,65.437],[22.368,65.474]]],[[[24.124,65.755],[24.142,65.703],[24.131,65.679],[24.088,65.704],[24.124,65.755]]],[[[22.698,65.695],[22.732,65.689],[22.736,65.662],[22.691,65.65],[22.669,65.678],[22.698,65.695]]],[[[11.6,57.655],[11.642,57.647],[11.618,57.609],[11.566,57.614],[11.6,57.655]]],[[[17.288,61.169],[17.312,61.183],[17.336,61.177],[17.342,61.153],[17.325,61.124],[17.293,61.149],[17.288,61.169]]],[[[19.213,59.472],[19.232,59.44],[19.222,59.4],[19.176,59.436],[19.213,59.472]]],[[[11.145,58.813],[11.192,58.821],[11.183,58.763],[11.15,58.769],[11.145,58.813]]],[[[17.692,62.232],[17.751,62.221],[17.707,62.182],[17.673,62.209],[17.692,62.232]]],[[[16.976,58.45],[16.999,58.409],[16.963,58.369],[16.949,58.409],[16.976,58.45]]],[[[17.423,61.56],[17.42,61.536],[17.371,61.523],[17.35,61.563],[17.423,61.56]]],[[[17.539,62.391],[17.563,62.415],[17.589,62.415],[17.607,62.37],[17.548,62.377],[17.539,62.391]]],[[[18.758,59.414],[18.788,59.387],[18.758,59.363],[18.709,59.39],[18.758,59.414]]],[[[19.134,59.867],[19.156,59.85],[19.137,59.811],[19.111,59.811],[19.102,59.848],[19.134,59.867]]],[[[18.553,59.075],[18.556,59.036],[18.503,59.021],[18.504,59.06],[18.553,59.075]]],[[[20.755,63.622],[20.797,63.633],[20.81,63.59],[20.76,63.589],[20.745,63.602],[20.755,63.622]]],[[[18.984,59.496],[18.996,59.455],[18.956,59.449],[18.921,59.471],[18.984,59.496]]],[[[16.473,56.809],[16.49,56.771],[16.445,56.755],[16.417,56.775],[16.473,56.809]]],[[[18.426,58.971],[18.43,58.997],[18.511,58.995],[18.491,58.955],[18.472,58.975],[18.426,58.971]]],[[[19.158,59.396],[19.171,59.369],[19.133,59.333],[19.103,59.358],[19.158,59.396]]],[[[16.932,58.212],[16.97,58.205],[16.941,58.165],[16.892,58.168],[16.932,58.212]]],[[[11.297,58.232],[11.352,58.212],[11.32,58.181],[11.27,58.22],[11.297,58.232]]],[[[18.875,63.179],[18.888,63.133],[18.843,63.127],[18.825,63.157],[18.875,63.179]]],[[[22.579,65.524],[22.603,65.548],[22.631,65.514],[22.615,65.501],[22.588,65.511],[22.579,65.524]]]]}},{"type":"Feature","properties":{"iso":"SG","name":"Singapore"},"geometry":{"type":"Polygon","coordinates":[[[103.635,1.33],[103.717,1.451],[104.009,1.373],[103.851,1.26],[103.635,1.33]]]}},{"type":"Feature","properties":{"iso":"SI","name":"Slovenia"},"geometry":{"type":"Polygon","coordinates":[[[16.38,46.54],[16.242,46.49],[16.302,46.378],[16.109,46.397],[16.005,46.312],[15.791,46.259],[15.795,46.234],[15.771,46.21],[15.655,46.214],[15.605,46.143],[15.627,46.086],[15.704,46.059],[15.715,46.021],[15.673,45.836],[15.571,45.846],[15.331,45.763],[15.295,45.723],[15.382,45.661],[15.298,45.598],[15.347,45.484],[15.226,45.427],[15.156,45.43],[14.938,45.521],[14.896,45.481],[14.82,45.469],[14.7,45.534],[14.57,45.673],[14.474,45.533],[14.319,45.476],[14.118,45.481],[14.004,45.513],[13.975,45.457],[13.87,45.429],[13.776,45.462],[13.651,45.454],[13.601,45.468],[13.587,45.477],[13.586,45.498],[13.594,45.503],[13.593,45.522],[13.606,45.529],[13.602,45.536],[13.719,45.544],[13.746,45.566],[13.724,45.582],[13.722,45.595],[13.837,45.587],[13.906,45.634],[13.797,45.738],[13.596,45.808],[13.584,45.863],[13.635,45.975],[13.529,45.973],[13.49,46.001],[13.5,46.021],[13.497,46.051],[13.631,46.131],[13.655,46.173],[13.436,46.232],[13.398,46.294],[13.452,46.357],[13.604,46.436],[13.684,46.437],[13.714,46.523],[13.915,46.516],[14.102,46.479],[14.168,46.44],[14.435,46.443],[14.526,46.415],[14.565,46.372],[14.597,46.428],[14.675,46.451],[14.725,46.497],[14.813,46.515],[14.875,46.602],[15.065,46.652],[15.402,46.654],[15.498,46.618],[15.65,46.706],[15.786,46.707],[16.008,46.681],[15.996,46.835],[16.114,46.869],[16.317,46.858],[16.341,46.827],[16.32,46.767],[16.42,46.685],[16.403,46.634],[16.597,46.476],[16.38,46.54]]]}},{"type":"Feature","properties":{"iso":"SK","name":"Slovakia"},"geometry":{"type":"Polygon","coordinates":[[[19.884,49.204],[19.963,49.23],[20.078,49.187],[20.143,49.304],[20.215,49.345],[20.312,49.355],[20.36,49.403],[20.46,49.414],[20.566,49.382],[20.615,49.418],[20.726,49.414],[20.938,49.3],[21.09,49.372],[21.075,49.424],[21.195,49.405],[21.287,49.456],[21.467,49.416],[21.617,49.444],[21.782,49.366],[21.841,49.385],[21.959,49.342],[22.06,49.215],[22.422,49.105],[22.567,49.088],[22.54,49.016],[22.468,48.977],[22.383,48.862],[22.34,48.694],[22.167,48.573],[22.155,48.403],[22.121,48.378],[22.002,48.385],[21.788,48.345],[21.692,48.39],[21.599,48.504],[21.448,48.572],[21.127,48.507],[20.813,48.578],[20.736,48.572],[20.522,48.532],[20.32,48.277],[20.151,48.246],[20.052,48.168],[19.923,48.136],[19.636,48.245],[19.526,48.196],[19.472,48.102],[19.234,48.058],[19.014,48.078],[18.837,48.046],[18.767,47.973],[18.768,47.88],[18.848,47.818],[18.76,47.813],[18.639,47.76],[17.894,47.739],[17.705,47.759],[17.46,47.889],[17.347,47.982],[17.247,48.012],[17.161,48.007],[17.077,48.038],[17.067,48.119],[16.976,48.172],[16.946,48.261],[16.856,48.353],[16.851,48.439],[16.95,48.536],[16.94,48.617],[17.04,48.757],[17.185,48.866],[17.397,48.813],[17.454,48.839],[17.547,48.819],[17.647,48.854],[17.787,48.921],[17.878,48.933],[17.932,49.015],[18.067,49.041],[18.166,49.266],[18.392,49.345],[18.404,49.397],[18.459,49.405],[18.566,49.503],[18.752,49.493],[18.852,49.517],[18.959,49.506],[18.995,49.398],[19.163,49.408],[19.251,49.521],[19.352,49.54],[19.467,49.614],[19.649,49.408],[19.788,49.398],[19.81,49.279],[19.772,49.213],[19.884,49.204]]]}},{"type":"Feature","properties":{"iso":"SL","name":"Sierra Leone"},"geometry":{"type":"MultiPolygon","coordinates":[[[[-10.592,9.041],[-10.486,8.669],[-10.686,8.343],[-10.54,8.324],[-10.282,8.488],[-10.314,8.201],[-10.598,8.042],[-10.612,7.782],[-11.291,7.215],[-11.497,6.923],[-12.451,7.373],[-12.412,7.538],[-12.51,7.726],[-12.694,7.709],[-12.922,7.881],[-12.941,8.146],[-13.012,8.222],[-13.152,8.202],[-13.275,8.432],[-12.978,8.572],[-13.187,8.568],[-13.241,8.782],[-13.158,8.866],[-13.303,9.04],[-13.052,9.075],[-12.682,9.434],[-12.461,9.852],[-12.25,9.915],[-12.083,9.886],[-11.836,9.996],[-11.214,9.984],[-10.681,9.302],[-10.716,9.096],[-10.592,9.041]]],[[[-12.917,7.595],[-12.57,7.611],[-12.475,7.547],[-12.532,7.396],[-12.917,7.595]]]]}},{"type":"Feature","properties":{"iso":"SM","name":"San Marino"},"geometry":{"type":"Polygon","coordinates":[[[12.505,43.987],[12.511,43.943],[12.494,43.916],[12.418,43.899],[12.412,43.953],[12.505,43.987]]]}},{"type":"Feature","properties":{"iso":"SN","name":"Senegal"},"geometry":{"type":"Polygon","coordinates":[[[-11.938,13.912],[-12.062,13.718],[-12.034,13.63],[-11.824,13.317],[-11.636,13.386],[-11.356,12.959],[-11.439,12.672],[-11.379,12.414],[-12.078,12.421],[-12.347,12.315],[-12.885,12.534],[-13.041,12.475],[-13.073,12.626],[-15.189,12.676],[-15.682,12.428],[-16.054,12.468],[-16.707,12.339],[-16.785,12.448],[-16.78,12.716],[-16.747,13.064],[-16.666,13.165],[-15.813,13.173],[-15.769,13.353],[-15.291,13.362],[-15.091,13.595],[-14.363,13.239],[-13.866,13.325],[-13.806,13.41],[-13.945,13.562],[-14.34,13.454],[-14.542,13.642],[-14.746,13.636],[-14.868,13.782],[-15.045,13.812],[-15.381,13.761],[-15.497,13.585],[-16.547,13.591],[-16.72,13.852],[-16.71,14.028],[-16.973,14.4],[-17.22,14.668],[-17.492,14.734],[-17.102,14.959],[-16.74,15.442],[-16.284,16.491],[-16.155,16.542],[-15.705,16.483],[-14.978,16.674],[-14.364,16.633],[-13.849,16.132],[-13.513,16.133],[-13.396,16.058],[-13.229,15.633],[-12.965,15.488],[-12.864,15.229],[-12.505,15.016],[-12.156,14.645],[-12.193,14.417],[-12.024,14.275],[-11.938,13.912]]]}},{"type":"Feature","properties":{"iso":"TM","name":"Turkmenistan"},"geometry":{"type":"Polygon","coordinates":[[[59.831,42.288],[59.995,42.207],[59.991,41.974],[60.208,41.811],[60.091,41.766],[60.12,41.443],[60.386,41.269],[61.295,41.159],[61.51,41.275],[61.844,41.126],[62.114,40.612],[62.34,40.41],[62.424,40.064],[62.553,39.918],[64.075,39.017],[64.365,38.951],[65.436,38.346],[65.965,38.249],[66.598,37.999],[66.646,37.934],[66.548,37.726],[66.608,37.476],[66.554,37.355],[66.315,37.327],[65.711,37.532],[65.53,37.244],[65.108,37.241],[64.774,37.119],[64.791,36.92],[64.626,36.651],[64.574,36.35],[64.079,36.116],[64.06,36.008],[63.126,35.856],[63.239,35.69],[63.104,35.62],[63.098,35.43],[62.641,35.222],[62.482,35.273],[62.31,35.141],[62.269,35.285],[62.059,35.432],[61.602,35.436],[61.274,35.605],[61.257,35.837],[61.141,35.962],[61.222,36.15],[61.152,36.627],[60.387,36.629],[60.041,37.019],[59.562,37.138],[59.408,37.313],[59.349,37.529],[58.833,37.681],[58.408,37.64],[58.13,37.794],[57.474,37.925],[57.223,38.272],[57.048,38.188],[56.472,38.264],[56.338,38.193],[56.323,38.082],[55.464,38.083],[54.848,37.747],[54.797,37.53],[54.682,37.446],[54.241,37.319],[53.907,37.34],[53.82,37.913],[53.914,38.925],[53.518,39.304],[53.156,39.316],[53.205,39.502],[53.614,39.541],[53.451,39.658],[53.486,39.93],[52.878,39.955],[52.752,40.117],[52.726,40.375],[52.947,40.956],[53.205,40.783],[53.612,40.809],[53.84,40.646],[54.293,40.706],[54.333,40.863],[54.605,40.85],[54.703,41.021],[54.108,41.486],[53.913,41.974],[53.757,42.108],[53.211,42.081],[52.969,41.953],[52.835,41.736],[52.827,41.264],[52.432,41.76],[53.019,42.131],[53.412,42.256],[54.154,42.342],[54.828,42.026],[55.247,41.453],[55.511,41.258],[55.876,41.319],[57.052,41.296],[57.112,41.361],[56.979,41.793],[57.339,42.135],[57.835,42.197],[57.983,42.47],[58.326,42.452],[58.194,42.638],[58.295,42.68],[58.545,42.667],[58.652,42.761],[58.968,42.538],[59.205,42.502],[59.426,42.296],[59.831,42.288]],[[58.404,42.29],[58.521,42.322],[58.378,42.406],[58.404,42.29]]]}},{"type":"Feature","properties":{"iso":"TN","name":"Tunisia"},"geometry":{"type":"MultiPolygon","coordinates":[[[[10.765,36.915],[10.93,37.042],[11.05,37.057],[11.11,36.85],[10.999,36.753],[10.802,36.468],[10.538,36.349],[10.486,36.237],[10.482,36.1],[10.523,35.976],[10.657,35.816],[10.809,35.768],[10.861,35.691],[11.031,35.615],[11.059,35.501],[11.046,35.347],[11.116,35.222],[10.861,34.809],[10.745,34.68],[10.563,34.534],[10.124,34.307],[10.032,34.176],[10.029,34.095],[10.14,33.872],[10.35,33.704],[10.504,33.643],[10.714,33.688],[10.731,33.629],[10.701,33.532],[10.755,33.488],[10.895,33.529],[10.956,33.615],[11.034,33.618],[11.097,33.551],[11.107,33.434],[11.163,33.333],[11.141,33.278],[11.178,33.229],[11.564,33.165],[11.497,32.864],[11.501,32.691],[11.575,32.53],[11.534,32.428],[11.435,32.354],[10.961,32.169],[10.784,32.01],[10.658,31.962],[10.625,31.865],[10.542,31.765],[10.359,31.724],[10.293,31.686],[10.141,31.476],[10.281,31.09],[10.292,31.0],[10.277,31.0],[10.303,30.91],[10.22,30.727],[9.911,30.367],[9.552,30.246],[9.355,31.0],[9.357,31.0],[9.073,32.079],[8.368,32.5],[8.313,32.83],[8.124,33.03],[8.107,33.094],[7.814,33.209],[7.741,33.423],[7.625,33.582],[7.576,33.752],[7.535,33.799],[7.544,34.065],[7.652,34.184],[7.73,34.174],[7.79,34.209],[7.866,34.401],[8.129,34.524],[8.253,34.629],[8.249,34.68],[8.294,34.745],[8.256,34.914],[8.309,34.955],[8.348,35.076],[8.447,35.219],[8.318,35.312],[8.323,35.411],[8.375,35.481],[8.351,35.659],[8.262,35.763],[8.262,35.915],[8.339,36.109],[8.318,36.178],[8.401,36.408],[8.366,36.437],[8.199,36.453],[8.159,36.497],[8.44,36.626],[8.479,36.696],[8.47,36.767],[8.664,36.821],[8.631,36.87],[8.642,36.941],[8.832,36.98],[9.006,37.116],[9.2,37.221],[9.747,37.341],[9.84,37.325],[9.904,37.269],[10.069,37.253],[10.207,37.188],[10.166,37.135],[10.213,36.993],[10.326,36.885],[10.31,36.777],[10.377,36.73],[10.515,36.758],[10.608,36.863],[10.765,36.915]]],[[[11.056,33.826],[11.062,33.791],[10.996,33.749],[10.991,33.718],[10.966,33.726],[10.938,33.693],[10.889,33.664],[10.877,33.689],[10.827,33.737],[10.791,33.722],[10.778,33.686],[10.736,33.729],[10.727,33.764],[10.748,33.798],[10.745,33.889],[10.794,33.902],[10.899,33.875],[10.949,33.884],[11.024,33.831],[11.056,33.826]]],[[[11.142,34.668],[11.128,34.675],[11.186,34.746],[11.22,34.741],[11.231,34.767],[11.217,34.802],[11.242,34.798],[11.253,34.832],[11.294,34.798],[11.276,34.78],[11.306,34.734],[11.201,34.7],[11.142,34.668]]],[[[11.09,34.672],[11.103,34.654],[11.049,34.614],[10.972,34.656],[10.994,34.672],[11.09,34.672]]]]}},{"type":"Feature","properties":{"iso":"SO","name":"Somalia"},"geometry":{"type":"Polygon","coordinates":[[[50.909,10.284],[50.818,9.425],[50.438,8.865],[50.118,8.201],[49.837,7.927],[49.698,7.496],[49.211,6.734],[48.902,5.909],[47.944,4.462],[46.029,2.452],[44.642,1.622],[43.676,0.817],[42.882,0.0],[40.996,0.0],[41.001,2.781],[41.947,4.054],[42.093,4.176],[42.827,4.274],[43.088,4.607],[43.675,4.872],[44.023,4.959],[45.01,4.95],[47.868,7.933],[46.948,8.022],[44.026,8.991],[43.298,9.628],[43.254,9.836],[43.089,9.912],[42.696,10.606],[43.26,11.461],[43.469,11.344],[43.908,10.723],[44.318,10.424],[44.577,10.384],[44.937,10.416],[45.786,10.845],[46.501,10.704],[47.416,11.169],[47.768,11.103],[48.119,11.138],[48.537,11.306],[48.978,11.251],[49.383,11.332],[49.597,11.447],[50.132,11.541],[50.765,11.963],[51.267,11.789],[51.099,11.204],[51.16,11.116],[51.154,10.597],[50.909,10.284]]]}},{"type":"Feature","properties":{"iso":"SR","name":"Suriname"},"geometry":{"type":"Polygon","coordinates":[[[-53.988,3.598],[-54.069,3.32],[-54.201,3.17],[-54.211,2.782],[-54.386,2.48],[-54.588,2.322],[-54.688,2.341],[-54.724,2.466],[-54.867,2.447],[-54.959,2.612],[-55.327,2.514],[-55.376,2.421],[-55.733,2.408],[-55.954,2.524],[-56.125,2.27],[-55.926,2.055],[-55.922,1.882],[-56.023,1.838],[-56.682,2.029],[-57.193,2.854],[-57.301,3.37],[-57.673,3.403],[-57.646,3.535],[-57.821,3.666],[-58.022,3.994],[-58.039,4.185],[-57.835,4.644],[-57.915,4.809],[-57.877,4.885],[-57.681,5.002],[-57.301,5.025],[-57.295,5.159],[-57.187,5.167],[-57.326,5.333],[-57.161,5.614],[-57.134,5.837],[-56.951,6.0],[-55.916,5.788],[-55.94,5.902],[-55.83,5.979],[-55.124,5.901],[-55.095,5.984],[-54.785,5.984],[-54.039,5.829],[-54.006,5.603],[-54.47,4.905],[-54.351,4.057],[-53.988,3.598]]]}},{"type":"Feature","properties":{"iso":"SJ","name":"Svalbard and Jan Mayen"},"geometry":{"type":"MultiPolygon","coordinates":[[[[-8.056,71.006],[-8.497,70.97],[-8.625,70.949],[-8.703,70.927],[-8.812,70.875],[-8.987,70.828],[-9.031,70.829],[-9.082,70.865],[-9.054,70.88],[-9.002,70.88],[-8.984,70.899],[-8.864,70.938],[-8.774,70.943],[-8.703,70.96],[-8.682,70.978],[-8.5,70.997],[-8.455,71.022],[-8.454,71.041],[-8.385,71.087],[-8.284,71.124],[-8.161,71.146],[-8.106,71.146],[-8.075,71.161],[-7.963,71.162],[-7.937,71.147],[-7.999,71.113],[-7.996,71.021],[-8.056,71.006]]],[[[17.917,79.76],[17.934,79.695],[17.758,79.57],[17.753,79.409],[18.159,79.603],[18.558,79.57],[18.822,79.415],[18.772,79.247],[18.979,79.172],[19.665,79.152],[20.045,79.01],[20.202,79.119],[20.596,79.113],[20.689,79.042],[20.516,78.973],[21.486,78.822],[21.519,78.748],[21.421,78.636],[21.976,78.573],[22.191,78.418],[22.131,78.284],[21.914,78.222],[22.955,78.226],[23.178,78.168],[23.173,78.058],[23.395,77.944],[24.243,77.823],[24.246,77.689],[24.103,77.581],[22.727,77.261],[22.621,77.296],[22.726,77.492],[22.485,77.602],[20.903,77.463],[20.903,77.556],[21.128,77.625],[21.445,77.9],[20.888,78.095],[21.344,78.219],[20.716,78.222],[20.591,78.402],[20.321,78.491],[21.024,78.63],[20.754,78.684],[19.928,78.599],[19.696,78.49],[19.039,78.444],[18.987,78.317],[19.041,78.122],[18.476,77.978],[18.423,77.734],[18.223,77.531],[17.612,77.404],[17.133,76.874],[17.102,76.671],[16.406,76.596],[16.196,76.752],[15.531,76.889],[15.696,76.993],[15.232,77.005],[14.916,77.132],[14.371,77.201],[14.023,77.373],[13.964,77.506],[14.297,77.606],[15.155,77.575],[14.903,77.686],[15.73,77.845],[13.907,77.752],[13.691,77.826],[13.612,78.0],[13.895,78.089],[14.933,78.128],[15.865,78.35],[16.766,78.37],[16.449,78.459],[16.628,78.663],[15.492,78.464],[15.253,78.55],[15.384,78.662],[15.32,78.701],[14.653,78.605],[14.561,78.497],[14.662,78.39],[14.35,78.378],[14.16,78.274],[13.008,78.213],[11.775,78.715],[11.692,78.849],[11.467,78.929],[11.952,78.96],[11.799,79.068],[11.885,79.219],[11.22,79.132],[10.896,79.328],[10.759,79.547],[10.841,79.749],[11.245,79.645],[11.262,79.76],[11.636,79.842],[12.218,79.68],[12.279,79.826],[12.673,79.77],[13.782,79.862],[13.905,79.782],[13.718,79.704],[13.072,79.687],[12.737,79.571],[13.366,79.576],[13.312,79.475],[13.659,79.455],[13.987,79.291],[14.07,79.357],[13.947,79.482],[13.962,79.564],[14.447,79.768],[14.697,79.781],[15.186,79.611],[15.659,79.256],[15.683,79.142],[16.385,78.939],[15.957,79.326],[15.666,79.782],[15.735,79.859],[15.968,79.885],[16.062,80.011],[16.338,80.052],[16.797,79.892],[17.32,79.927],[17.917,79.76]]],[[[21.805,80.146],[22.284,80.02],[22.424,80.094],[22.415,80.374],[22.701,80.379],[22.855,80.474],[23.24,80.393],[23.247,80.304],[23.05,80.19],[23.101,80.139],[23.633,80.148],[23.82,80.268],[24.164,80.285],[24.223,80.412],[24.51,80.274],[24.814,80.32],[25.84,80.168],[26.742,80.159],[27.146,80.04],[27.01,79.89],[25.786,79.631],[25.812,79.511],[25.589,79.413],[23.635,79.229],[22.631,79.391],[21.039,79.363],[20.117,79.468],[19.806,79.565],[20.075,79.623],[20.701,79.585],[21.526,79.769],[18.845,79.725],[18.361,79.834],[18.262,79.922],[18.563,80.009],[18.112,80.115],[18.709,80.187],[19.242,80.129],[19.114,80.312],[19.655,80.253],[19.712,80.347],[19.521,80.444],[19.954,80.51],[20.917,80.219],[21.771,80.244],[21.805,80.146]]],[[[11.061,78.685],[11.306,78.548],[11.881,78.447],[12.145,78.207],[11.035,78.476],[10.541,78.773],[10.51,78.884],[10.853,78.872],[11.166,78.747],[11.061,78.685]]],[[[33.246,80.217],[32.349,80.082],[31.853,80.085],[33.246,80.217]]],[[[27.898,78.849],[28.465,78.96],[29.671,78.898],[27.898,78.849]]],[[[27.701,80.179],[28.029,80.194],[28.379,80.093],[27.81,80.087],[27.701,80.179]]],[[[18.779,74.464],[19.241,74.468],[19.061,74.344],[18.845,74.418],[18.779,74.464]]],[[[26.401,78.781],[26.613,78.804],[26.941,78.7],[26.723,78.631],[26.47,78.703],[26.401,78.781]]],[[[18.599,80.263],[18.385,80.243],[18.067,80.293],[18.328,80.379],[18.651,80.336],[18.599,80.263]]]]}},{"type":"Feature","properties":{"iso":"XV","name":"Bir Tawil (Disputed Territory)"},"geometry":{"type":"Polygon","coordinates":[[[33.584,21.728],[33.183,22.002],[34.087,22.003],[33.997,21.776],[33.584,21.728]]]}},{"type":"Feature","properties":{"iso":"YE","name":"Yemen"},"geometry":{"type":"MultiPolygon","coordinates":[[[[52.153,15.974],[52.22,15.65],[51.632,15.331],[49.316,14.619],[49.08,14.499],[48.694,14.047],[48.252,13.981],[47.974,14.042],[47.388,13.65],[46.712,13.432],[45.665,13.338],[45.388,13.063],[45.133,12.971],[45.04,12.765],[44.983,12.823],[44.861,12.735],[44.58,12.802],[44.333,12.648],[43.983,12.6],[43.627,12.732],[43.475,12.694],[43.471,12.847],[43.243,13.253],[43.279,13.698],[42.998,14.392],[42.931,14.931],[42.842,15.132],[42.617,15.22],[42.793,15.288],[42.698,15.686],[42.828,16.009],[42.764,16.405],[42.918,16.406],[43.233,16.678],[43.16,17.146],[43.311,17.308],[43.244,17.414],[43.283,17.502],[43.43,17.554],[43.679,17.378],[43.927,17.34],[45.188,17.433],[45.415,17.333],[46.093,17.251],[46.735,17.279],[46.998,16.958],[47.179,16.953],[47.465,17.123],[47.607,17.457],[48.183,18.162],[49.097,18.607],[52.0,19.0],[53.107,16.654],[52.471,16.429],[52.284,16.264],[52.153,15.974]]],[[[54.465,12.545],[54.133,12.35],[53.642,12.311],[53.319,12.533],[53.398,12.655],[53.57,12.701],[53.823,12.599],[54.114,12.697],[54.465,12.545]]]]}},{"type":"Feature","properties":{"iso":"UA","name":"Ukraine"},"geometry":{"type":"MultiPolygon","coordinates":[[[[34.078,52.155],[34.131,51.997],[34.405,51.803],[34.38,51.723],[34.147,51.657],[34.269,51.525],[34.246,51.422],[34.304,51.351],[34.277,51.272],[34.61,51.248],[34.754,51.182],[34.976,51.224],[35.121,51.21],[35.198,51.076],[35.368,51.043],[35.355,50.943],[35.476,50.733],[35.414,50.632],[35.415,50.583],[35.635,50.368],[35.734,50.366],[35.868,50.427],[36.083,50.441],[36.173,50.412],[36.308,50.307],[36.443,50.311],[36.649,50.236],[36.891,50.334],[37.158,50.363],[37.445,50.438],[37.503,50.36],[37.61,50.3],[37.637,50.201],[37.71,50.124],[38.048,49.945],[38.182,49.976],[38.208,50.065],[38.284,50.077],[38.466,49.976],[38.684,49.979],[38.737,49.917],[38.947,49.817],[39.181,49.863],[39.303,49.764],[39.561,49.729],[39.665,49.625],[39.792,49.573],[40.13,49.59],[40.049,49.472],[40.174,49.351],[40.191,49.26],[39.923,49.07],[39.72,49.02],[39.835,48.908],[40.036,48.868],[39.967,48.809],[39.793,48.812],[39.694,48.649],[39.7,48.618],[39.847,48.539],[39.906,48.39],[39.877,48.319],[39.973,48.297],[39.998,48.265],[39.812,48.041],[39.782,47.886],[39.679,47.835],[39.34,47.866],[38.857,47.85],[38.745,47.697],[38.39,47.616],[38.319,47.566],[38.294,47.417],[38.249,47.331],[38.303,47.273],[38.247,47.212],[38.23,47.119],[38.149,47.078],[38.036,47.104],[37.57,47.077],[37.361,46.922],[37.217,46.934],[37.046,46.881],[36.831,46.74],[36.628,46.773],[36.414,46.718],[36.277,46.637],[36.158,46.665],[35.92,46.651],[35.364,46.371],[35.203,46.383],[35.064,46.282],[34.873,46.216],[34.81,46.151],[34.639,46.157],[34.595,46.02],[34.618,45.929],[34.561,45.831],[34.66,45.841],[34.744,45.788],[34.735,45.731],[34.841,45.724],[35.031,45.613],[35.086,45.498],[35.032,45.371],[35.218,45.331],[35.384,45.256],[35.691,45.334],[35.832,45.445],[35.995,45.385],[36.136,45.456],[36.325,45.476],[36.555,45.435],[36.611,45.383],[36.503,45.346],[36.452,45.298],[36.415,45.211],[36.42,45.106],[36.386,45.072],[36.229,45.038],[35.854,45.021],[35.672,45.105],[35.506,45.111],[35.093,44.819],[34.776,44.816],[34.509,44.728],[34.329,44.555],[34.092,44.43],[33.765,44.398],[33.446,44.541],[33.445,44.588],[33.534,44.669],[33.546,44.792],[33.6,44.923],[33.546,45.085],[33.448,45.16],[33.238,45.17],[32.877,45.355],[32.635,45.329],[32.555,45.346],[32.512,45.389],[32.577,45.468],[32.8,45.555],[33.156,45.758],[33.278,45.768],[33.49,45.851],[33.687,45.889],[33.722,45.931],[33.641,45.981],[33.602,46.12],[33.541,46.119],[33.45,46.05],[33.189,46.156],[33.052,46.147],[32.982,46.114],[32.495,46.079],[32.28,46.126],[32.188,46.191],[31.953,46.279],[31.808,46.288],[31.823,46.322],[31.988,46.368],[32.011,46.417],[31.8,46.474],[31.683,46.471],[31.637,46.528],[31.762,46.539],[32.189,46.486],[32.273,46.532],[32.249,46.569],[32.128,46.58],[32.009,46.648],[31.935,46.821],[31.891,46.782],[31.884,46.662],[31.832,46.629],[31.162,46.62],[30.778,46.538],[30.731,46.368],[30.45,46.057],[30.21,45.859],[29.662,45.52],[29.661,45.478],[29.733,45.462],[29.75,45.43],[29.731,45.265],[29.68,45.212],[29.63,45.356],[29.429,45.438],[29.234,45.427],[28.935,45.29],[28.82,45.326],[28.766,45.285],[28.776,45.242],[28.712,45.228],[28.361,45.318],[28.27,45.442],[28.211,45.467],[28.321,45.526],[28.487,45.523],[28.533,45.715],[28.74,45.829],[28.813,45.967],[28.966,46.037],[29.025,46.19],[28.975,46.291],[29.006,46.473],[29.191,46.532],[29.23,46.497],[29.255,46.411],[29.397,46.477],[29.478,46.465],[29.622,46.375],[29.727,46.438],[29.883,46.377],[30.044,46.405],[29.934,46.528],[29.955,46.641],[29.934,46.816],[29.874,46.862],[29.752,46.882],[29.599,46.956],[29.598,47.061],[29.545,47.121],[29.569,47.201],[29.554,47.346],[29.425,47.32],[29.311,47.421],[29.18,47.482],[29.157,47.551],[29.246,47.779],[29.174,47.95],[28.94,47.975],[28.801,48.119],[28.639,48.155],[28.466,48.107],[28.318,48.224],[28.131,48.246],[27.792,48.428],[27.611,48.466],[27.234,48.385],[27.1,48.409],[26.968,48.378],[26.793,48.402],[26.769,48.33],[26.7,48.315],[26.631,48.26],[26.55,48.216],[26.348,48.187],[26.188,48.004],[26.099,47.979],[25.32,47.914],[25.241,47.887],[25.103,47.752],[24.947,47.729],[24.888,47.732],[24.812,47.821],[24.693,47.851],[24.588,47.961],[24.431,47.965],[24.233,47.902],[24.008,47.965],[23.855,47.945],[23.769,47.992],[23.534,48.012],[23.494,47.968],[23.358,48.015],[23.251,48.097],[23.174,48.11],[23.125,48.088],[23.074,48.011],[22.938,48.011],[22.935,47.969],[22.896,47.954],[22.849,47.991],[22.871,48.042],[22.821,48.11],[22.608,48.107],[22.501,48.24],[22.364,48.255],[22.248,48.412],[22.155,48.403],[22.167,48.573],[22.34,48.694],[22.383,48.862],[22.468,48.977],[22.54,49.016],[22.567,49.088],[22.88,49.015],[22.878,49.095],[22.724,49.18],[22.744,49.363],[22.7,49.48],[22.65,49.524],[22.686,49.573],[23.279,50.091],[23.548,50.252],[23.729,50.382],[24.003,50.421],[24.092,50.577],[24.062,50.709],[23.968,50.802],[23.995,50.834],[24.093,50.84],[24.121,50.866],[23.985,50.942],[23.85,51.154],[23.746,51.217],[23.709,51.278],[23.646,51.308],[23.689,51.406],[23.617,51.51],[23.663,51.511],[23.626,51.612],[23.651,51.639],[23.769,51.661],[23.892,51.633],[23.899,51.596],[24.011,51.59],[24.293,51.733],[24.309,51.819],[24.379,51.877],[24.966,51.903],[25.21,51.968],[25.418,51.922],[25.721,51.918],[25.792,51.945],[26.006,51.927],[26.17,51.869],[26.384,51.866],[26.482,51.801],[26.693,51.82],[26.784,51.764],[26.926,51.74],[27.177,51.772],[27.214,51.673],[27.262,51.649],[27.255,51.607],[27.444,51.618],[27.498,51.597],[27.543,51.634],[27.705,51.604],[27.718,51.571],[27.675,51.516],[27.749,51.479],[27.836,51.546],[27.847,51.623],[27.954,51.566],[28.036,51.566],[28.251,51.673],[28.36,51.548],[28.476,51.589],[28.621,51.569],[28.682,51.456],[28.754,51.428],[28.776,51.502],[28.831,51.561],[29.002,51.583],[29.146,51.652],[29.251,51.553],[29.257,51.485],[29.332,51.386],[29.495,51.404],[29.539,51.47],[29.714,51.524],[29.744,51.465],[29.79,51.447],[30.026,51.499],[30.191,51.505],[30.335,51.427],[30.337,51.36],[30.372,51.33],[30.555,51.268],[30.602,51.284],[30.65,51.367],[30.533,51.572],[30.523,51.649],[30.628,51.728],[30.666,51.825],[30.739,51.892],[30.807,51.91],[30.95,52.079],[31.127,52.098],[31.265,52.048],[31.419,52.14],[31.787,52.111],[32.067,52.045],[32.229,52.085],[32.325,52.152],[32.416,52.326],[32.546,52.316],[32.71,52.261],[32.884,52.259],[33.217,52.369],[33.456,52.358],[33.551,52.318],[33.816,52.35],[34.078,52.155]]],[[[34.901,45.875],[34.838,45.827],[34.824,46.008],[34.795,46.037],[34.736,46.034],[34.713,46.092],[34.828,46.093],[34.851,46.008],[34.845,45.96],[34.901,45.875]]],[[[35.089,46.152],[35.194,46.182],[35.206,46.173],[35.144,46.122],[35.008,46.078],[34.99,46.102],[35.089,46.152]]],[[[32.817,46.036],[32.864,46.057],[33.017,46.027],[33.015,46.009],[32.847,46.019],[32.817,46.036]]],[[[35.011,45.727],[35.044,45.684],[34.996,45.667],[34.982,45.704],[35.011,45.727]]],[[[31.507,46.369],[31.543,46.387],[31.539,46.315],[31.501,46.33],[31.507,46.369]]],[[[34.729,46.009],[34.761,46.011],[34.771,45.982],[34.75,45.952],[34.72,45.97],[34.729,46.009]]],[[[34.767,45.915],[34.805,45.898],[34.757,45.859],[34.729,45.88],[34.767,45.915]]]]}},{"type":"Feature","properties":{"iso":"UG","name":"Uganda"},"geometry":{"type":"Polygon","coordinates":[[[30.166,0.911],[30.255,1.131],[31.015,1.74],[31.297,2.11],[31.186,2.287],[30.984,2.395],[30.881,2.354],[30.745,2.469],[30.872,2.86],[30.774,3.073],[30.924,3.419],[30.855,3.487],[30.976,3.684],[31.19,3.792],[31.538,3.662],[31.824,3.81],[31.956,3.596],[32.177,3.512],[32.189,3.614],[32.406,3.747],[33.028,3.873],[33.178,3.774],[33.508,3.749],[33.994,4.214],[34.12,3.887],[34.444,3.653],[34.453,3.225],[34.925,2.498],[35.024,1.894],[34.962,1.627],[34.794,1.421],[34.807,1.262],[34.529,1.085],[34.161,0.569],[33.922,0.096],[33.945,0.0],[29.732,0.0],[29.945,0.465],[29.99,0.821],[30.166,0.911]]]}},{"type":"Feature","properties":{"iso":"GB","name":"United Kingdom"},"geometry":{"type":"MultiPolygon","coordinates":[[[[-0.24,51.49],[-0.223,51.472],[-0.191,51.464],[-0.17,51.48],[-0.128,51.485],[-0.109,51.508],[-0.025,51.486],[0.126,51.51],[0.217,51.48],[0.363,51.446],[0.457,51.454],[0.521,51.482],[0.661,51.462],[0.606,51.408],[0.627,51.375],[0.765,51.44],[0.891,51.414],[0.95,51.346],[1.242,51.378],[1.416,51.358],[1.384,51.305],[1.376,51.154],[1.018,51.025],[0.962,50.928],[0.928,50.919],[0.772,50.927],[0.644,50.867],[0.39,50.823],[0.243,50.739],[-0.216,50.828],[-0.685,50.778],[-0.793,50.73],[-0.898,50.775],[-0.933,50.843],[-0.973,50.787],[-1.024,50.833],[-1.078,50.782],[-1.117,50.842],[-1.157,50.786],[-1.477,50.924],[-1.465,50.908],[-1.342,50.84],[-1.325,50.819],[-1.33,50.801],[-1.418,50.768],[-1.525,50.756],[-1.565,50.72],[-1.692,50.737],[-1.741,50.722],[-1.929,50.702],[-2.034,50.719],[-1.961,50.659],[-1.975,50.603],[-2.383,50.631],[-2.493,50.597],[-2.769,50.708],[-2.948,50.718],[-3.232,50.675],[-3.363,50.621],[-3.444,50.657],[-3.552,50.425],[-3.507,50.379],[-3.63,50.298],[-3.656,50.223],[-3.707,50.208],[-3.841,50.231],[-3.933,50.308],[-4.035,50.298],[-4.19,50.38],[-4.187,50.424],[-4.219,50.475],[-4.22,50.338],[-4.342,50.358],[-4.72,50.332],[-4.81,50.23],[-4.99,50.168],[-5.043,50.177],[-5.087,50.034],[-5.193,49.974],[-5.296,50.059],[-5.483,50.117],[-5.595,50.054],[-5.692,50.061],[-5.656,50.164],[-5.534,50.211],[-5.424,50.207],[-5.288,50.269],[-5.057,50.44],[-5.002,50.54],[-4.8,50.608],[-4.584,50.777],[-4.546,50.928],[-4.512,51.017],[-4.352,50.993],[-4.255,51.031],[-4.223,51.071],[-4.207,51.19],[-3.721,51.233],[-3.48,51.216],[-3.312,51.181],[-3.071,51.206],[-3.026,51.227],[-2.993,51.32],[-2.96,51.375],[-2.811,51.478],[-2.68,51.48],[-2.703,51.51],[-2.535,51.677],[-2.666,51.639],[-2.718,51.585],[-3.083,51.502],[-3.186,51.408],[-3.48,51.393],[-3.559,51.407],[-3.638,51.47],[-3.715,51.484],[-3.816,51.591],[-3.886,51.617],[-4.196,51.542],[-4.294,51.58],[-4.272,51.628],[-4.13,51.639],[-4.053,51.703],[-4.173,51.662],[-4.303,51.678],[-4.403,51.754],[-4.593,51.738],[-4.673,51.718],[-4.744,51.653],[-4.977,51.608],[-5.192,51.718],[-5.184,51.753],[-5.119,51.793],[-5.135,51.846],[-5.283,51.867],[-5.301,51.891],[-5.114,51.966],[-5.058,52.02],[-4.874,52.026],[-4.678,52.127],[-4.501,52.146],[-4.24,52.251],[-4.121,52.358],[-4.046,52.512],[-3.931,52.554],[-4.062,52.546],[-4.118,52.602],[-4.113,52.641],[-4.066,52.685],[-4.059,52.706],[-4.083,52.747],[-4.143,52.807],[-4.125,52.849],[-4.158,52.906],[-4.231,52.917],[-4.398,52.89],[-4.471,52.859],[-4.495,52.834],[-4.503,52.799],[-4.526,52.786],[-4.595,52.821],[-4.734,52.789],[-4.752,52.8],[-4.719,52.853],[-4.651,52.902],[-4.575,52.936],[-4.518,52.944],[-4.363,53.029],[-4.341,53.059],[-4.335,53.116],[-4.225,53.178],[-4.194,53.21],[-4.131,53.233],[-4.069,53.232],[-4.007,53.247],[-3.865,53.294],[-3.835,53.329],[-3.619,53.293],[-3.363,53.352],[-3.084,53.256],[-3.187,53.383],[-3.056,53.434],[-2.929,53.308],[-2.752,53.315],[-2.954,53.371],[-3.094,53.549],[-3.068,53.605],[-2.915,53.727],[-2.834,53.722],[-2.858,53.737],[-3.011,53.739],[-3.057,53.776],[-3.048,53.876],[-3.013,53.922],[-2.884,53.983],[-2.913,54.033],[-2.819,54.11],[-2.869,54.177],[-2.986,54.154],[-3.037,54.218],[-3.149,54.094],[-3.265,54.117],[-3.208,54.21],[-3.206,54.237],[-3.23,54.26],[-3.288,54.204],[-3.388,54.256],[-3.435,54.353],[-3.618,54.512],[-3.569,54.651],[-3.448,54.756],[-3.389,54.871],[-3.305,54.89],[-3.258,54.946],[-3.119,54.928],[-3.111,54.965],[-3.057,54.987],[-3.17,54.966],[-3.556,54.975],[-3.601,54.883],[-3.812,54.854],[-3.998,54.774],[-4.072,54.8],[-4.14,54.783],[-4.247,54.845],[-4.389,54.878],[-4.406,54.843],[-4.355,54.754],[-4.368,54.711],[-4.412,54.689],[-4.682,54.804],[-4.829,54.853],[-4.928,54.82],[-4.939,54.794],[-4.885,54.68],[-4.932,54.66],[-5.013,54.774],[-5.162,54.902],[-5.173,54.975],[-5.127,55.011],[-5.087,54.998],[-5.051,54.924],[-5.005,54.919],[-5.05,55.038],[-4.996,55.128],[-4.864,55.231],[-4.832,55.329],[-4.748,55.412],[-4.641,55.462],[-4.658,55.57],[-4.797,55.637],[-4.895,55.702],[-4.86,55.766],[-4.889,55.875],[-4.871,55.939],[-4.825,55.958],[-4.505,55.924],[-4.357,55.874],[-4.472,55.926],[-4.756,56.007],[-4.852,55.999],[-4.868,56.072],[-4.749,56.203],[-4.877,56.07],[-4.962,55.926],[-5.04,55.881],[-5.06,55.79],[-5.291,55.887],[-5.321,56.03],[-5.385,56.01],[-5.406,55.917],[-5.365,55.778],[-5.463,55.639],[-5.542,55.395],[-5.634,55.324],[-5.755,55.34],[-5.758,55.423],[-5.63,55.738],[-5.663,55.955],[-5.578,56.176],[-5.61,56.287],[-5.435,56.477],[-5.36,56.618],[-5.371,56.623],[-5.66,56.532],[-5.915,56.585],[-5.971,56.671],[-6.07,56.736],[-5.827,56.838],[-5.839,56.938],[-5.717,57.141],[-5.969,57.067],[-5.997,57.158],[-6.272,57.175],[-6.409,57.259],[-6.487,57.346],[-6.636,57.375],[-6.722,57.452],[-6.577,57.56],[-6.434,57.553],[-6.382,57.634],[-6.324,57.667],[-6.178,57.573],[-6.108,57.409],[-6.025,57.424],[-6.017,57.33],[-5.981,57.298],[-5.836,57.27],[-5.504,57.367],[-5.757,57.367],[-5.818,57.407],[-5.846,57.478],[-5.835,57.533],[-5.71,57.571],[-5.774,57.645],[-5.753,57.707],[-5.787,57.823],[-5.717,57.849],[-5.633,57.813],[-5.602,57.893],[-5.484,57.876],[-5.267,57.92],[-5.277,57.967],[-5.405,58.065],[-5.313,58.11],[-5.328,58.231],[-5.159,58.28],[-5.153,58.408],[-5.09,58.523],[-5.016,58.591],[-4.716,58.566],[-4.663,58.507],[-4.544,58.564],[-4.383,58.514],[-4.049,58.581],[-3.876,58.57],[-3.635,58.614],[-3.426,58.609],[-3.335,58.653],[-3.069,58.618],[-3.105,58.521],[-3.08,58.444],[-3.128,58.372],[-3.941,57.978],[-4.05,57.85],[-3.899,57.812],[-3.899,57.772],[-4.215,57.527],[-4.432,57.494],[-4.183,57.49],[-4.025,57.593],[-3.89,57.592],[-3.737,57.634],[-3.709,57.655],[-3.652,57.662],[-3.605,57.634],[-3.586,57.634],[-3.484,57.701],[-3.351,57.722],[-3.117,57.678],[-2.802,57.695],[-2.515,57.67],[-2.079,57.693],[-1.932,57.67],[-1.823,57.584],[-1.8,57.452],[-2.028,57.252],[-2.075,57.112],[-2.235,56.878],[-2.425,56.755],[-2.522,56.584],[-2.737,56.473],[-3.052,56.458],[-3.275,56.351],[-2.893,56.451],[-2.811,56.435],[-2.84,56.362],[-2.671,56.319],[-2.604,56.274],[-2.698,56.222],[-2.808,56.189],[-2.965,56.205],[-3.138,56.118],[-3.184,56.067],[-3.399,56.021],[-3.574,56.053],[-3.676,56.051],[-3.801,56.106],[-3.859,56.112],[-3.82,56.099],[-3.715,56.037],[-3.516,56.002],[-3.17,55.982],[-3.078,55.947],[-2.915,55.981],[-2.844,56.047],[-2.77,56.062],[-2.646,56.054],[-2.367,55.946],[-2.157,55.919],[-1.849,55.66],[-1.638,55.553],[-1.522,55.206],[-1.462,55.074],[-1.364,54.944],[-1.347,54.861],[-1.242,54.723],[-1.195,54.703],[-1.198,54.68],[-1.163,54.647],[-1.159,54.614],[-1.169,54.604],[-1.206,54.583],[-1.244,54.592],[-1.254,54.591],[-1.259,54.588],[-1.262,54.572],[-1.252,54.59],[-1.205,54.58],[-1.153,54.602],[-1.153,54.626],[-1.138,54.638],[-0.984,54.589],[-0.938,54.589],[-0.898,54.572],[-0.791,54.561],[-0.549,54.458],[-0.385,54.268],[-0.129,54.116],[-0.192,54.04],[-0.158,53.923],[0.074,53.659],[-0.089,53.643],[-0.25,53.733],[-0.54,53.71],[-0.626,53.729],[-0.68,53.715],[-0.698,53.685],[-0.629,53.709],[-0.523,53.683],[-0.295,53.71],[0.017,53.525],[0.168,53.473],[0.347,53.214],[0.333,53.103],[0.165,53.015],[0.054,52.915],[0.25,52.812],[0.385,52.814],[0.551,52.971],[1.01,52.973],[1.348,52.917],[1.562,52.812],[1.675,52.743],[1.736,52.642],[1.741,52.532],[1.727,52.408],[1.553,52.085],[1.34,51.955],[1.056,51.951],[1.243,51.937],[1.245,51.85],[1.123,51.787],[1.001,51.805],[0.845,51.781],[0.824,51.727],[0.928,51.746],[0.947,51.722],[0.945,51.674],[0.928,51.631],[0.591,51.631],[0.861,51.606],[0.821,51.541],[0.781,51.525],[0.627,51.532],[0.581,51.511],[0.514,51.531],[0.388,51.455],[0.191,51.49],[0.154,51.514],[-0.112,51.511],[-0.172,51.481],[-0.187,51.468],[-0.215,51.471],[-0.24,51.49]]],[[[-5.977,55.057],[-5.971,54.992],[-5.805,54.843],[-5.737,54.841],[-5.702,54.8],[-5.741,54.738],[-5.868,54.689],[-5.913,54.648],[-5.855,54.634],[-5.75,54.672],[-5.55,54.654],[-5.439,54.478],[-5.473,54.386],[-5.504,54.344],[-5.536,54.362],[-5.571,54.404],[-5.538,54.456],[-5.556,54.515],[-5.673,54.575],[-5.69,54.538],[-5.63,54.478],[-5.646,54.459],[-5.622,54.393],[-5.554,54.343],[-5.564,54.286],[-5.624,54.252],[-5.831,54.252],[-5.881,54.21],[-5.906,54.103],[-6.048,54.033],[-6.268,54.102],[-6.595,54.045],[-6.657,54.071],[-6.644,54.18],[-6.799,54.215],[-6.864,54.33],[-7.018,54.416],[-7.189,54.338],[-7.198,54.299],[-7.151,54.233],[-7.217,54.21],[-7.269,54.152],[-7.36,54.124],[-7.554,54.134],[-7.703,54.201],[-7.828,54.21],[-7.872,54.277],[-8.063,54.376],[-8.149,54.456],[-7.999,54.54],[-7.86,54.536],[-7.703,54.608],[-7.848,54.64],[-7.9,54.679],[-7.838,54.729],[-7.743,54.71],[-7.56,54.752],[-7.452,54.865],[-7.448,54.935],[-7.415,54.949],[-7.397,55.012],[-7.343,55.05],[-7.256,55.067],[-7.149,55.043],[-7.04,55.061],[-6.948,55.182],[-6.75,55.172],[-6.481,55.243],[-6.119,55.214],[-6.033,55.159],[-6.043,55.066],[-5.977,55.057]]],[[[-6.455,58.0],[-6.463,57.96],[-6.549,57.92],[-6.65,57.92],[-6.68,57.912],[-6.66,57.873],[-6.67,57.86],[-6.781,57.89],[-6.766,57.823],[-6.985,57.74],[-7.058,57.791],[-7.074,57.726],[-7.125,57.75],[-7.074,57.79],[-7.093,57.818],[-7.05,57.827],[-6.878,57.91],[-6.88,57.927],[-6.992,57.96],[-7.048,57.96],[-7.139,58.017],[-7.13,58.026],[-7.057,58.033],[-7.051,58.048],[-7.113,58.103],[-7.095,58.175],[-7.029,58.236],[-6.875,58.197],[-6.88,58.256],[-6.805,58.242],[-6.819,58.288],[-6.562,58.364],[-6.248,58.506],[-6.197,58.473],[-6.18,58.417],[-6.208,58.335],[-6.282,58.288],[-6.382,58.163],[-6.369,58.033],[-6.455,58.0]]],[[[-1.158,60.399],[-1.122,60.416],[-1.059,60.359],[-1.135,60.343],[-1.094,60.307],[-1.198,60.221],[-1.081,60.166],[-1.062,60.129],[-1.097,60.113],[-1.142,60.159],[-1.201,60.115],[-1.286,59.891],[-1.373,59.902],[-1.278,60.119],[-1.316,60.197],[-1.38,60.208],[-1.477,60.158],[-1.674,60.233],[-1.693,60.255],[-1.692,60.298],[-1.376,60.301],[-1.352,60.386],[-1.364,60.407],[-1.388,60.355],[-1.446,60.366],[-1.413,60.4],[-1.463,60.473],[-1.581,60.492],[-1.584,60.509],[-1.415,60.612],[-1.322,60.62],[-1.344,60.499],[-1.326,60.454],[-1.235,60.488],[-1.158,60.399]]],[[[-6.091,55.822],[-6.028,55.68],[-6.114,55.637],[-6.283,55.584],[-6.327,55.596],[-6.317,55.637],[-6.274,55.673],[-6.331,55.729],[-6.298,55.779],[-6.338,55.78],[-6.429,55.7],[-6.513,55.683],[-6.448,55.845],[-6.339,55.893],[-6.326,55.845],[-6.148,55.931],[-6.107,55.862],[-6.054,55.927],[-5.991,55.952],[-5.949,56.038],[-5.78,56.115],[-5.726,56.182],[-5.683,56.181],[-5.704,56.099],[-5.949,55.82],[-5.987,55.797],[-6.091,55.822]]],[[[-5.766,56.337],[-5.844,56.315],[-5.888,56.348],[-5.945,56.321],[-5.989,56.319],[-6.045,56.295],[-6.086,56.301],[-6.137,56.289],[-6.215,56.289],[-6.284,56.269],[-6.394,56.289],[-6.342,56.341],[-6.169,56.338],[-6.102,56.355],[-6.104,56.372],[-6.186,56.371],[-6.132,56.445],[-6.082,56.464],[-6.087,56.482],[-6.235,56.465],[-6.249,56.492],[-6.225,56.511],[-6.317,56.535],[-6.305,56.603],[-6.102,56.646],[-5.945,56.522],[-5.801,56.511],[-5.682,56.466],[-5.654,56.429],[-5.766,56.337]]],[[[-7.225,57.479],[-7.199,57.402],[-7.267,57.398],[-7.255,57.344],[-7.196,57.299],[-7.263,57.232],[-7.228,57.106],[-7.292,57.066],[-7.303,57.101],[-7.343,57.103],[-7.4,57.132],[-7.431,57.233],[-7.405,57.382],[-7.343,57.401],[-7.343,57.418],[-7.398,57.442],[-7.375,57.501],[-7.392,57.56],[-7.491,57.577],[-7.518,57.606],[-7.48,57.656],[-7.386,57.642],[-7.343,57.669],[-7.249,57.676],[-7.184,57.733],[-7.15,57.684],[-7.07,57.671],[-7.073,57.634],[-7.169,57.476],[-7.225,57.479]]],[[[-4.056,53.308],[-4.087,53.264],[-4.214,53.205],[-4.219,53.186],[-4.338,53.13],[-4.44,53.157],[-4.46,53.18],[-4.505,53.187],[-4.498,53.207],[-4.554,53.248],[-4.611,53.245],[-4.618,53.277],[-4.685,53.283],[-4.687,53.308],[-4.653,53.323],[-4.575,53.289],[-4.556,53.374],[-4.575,53.401],[-4.427,53.429],[-4.296,53.414],[-4.281,53.377],[-4.23,53.357],[-4.202,53.296],[-4.118,53.319],[-4.056,53.308]]],[[[-2.734,58.967],[-2.734,58.95],[-2.875,58.882],[-2.95,58.746],[-3.011,58.81],[-2.937,58.876],[-2.981,58.95],[-3.201,58.914],[-3.234,58.948],[-3.357,58.979],[-3.351,59.097],[-3.324,59.13],[-3.202,59.15],[-3.041,59.086],[-3.035,59.015],[-2.925,59.002],[-2.889,58.972],[-2.803,58.998],[-2.734,58.967]]],[[[-5.386,55.637],[-5.342,55.69],[-5.264,55.716],[-5.182,55.688],[-5.138,55.637],[-5.09,55.463],[-5.2,55.435],[-5.314,55.474],[-5.386,55.637]]],[[[-1.447,50.643],[-1.487,50.667],[-1.55,50.676],[-1.521,50.707],[-1.354,50.739],[-1.321,50.765],[-1.269,50.765],[-1.216,50.735],[-1.109,50.722],[-1.094,50.674],[-1.168,50.642],[-1.184,50.598],[-1.25,50.581],[-1.307,50.578],[-1.389,50.626],[-1.447,50.643]]],[[[-1.114,60.501],[-1.134,60.484],[-1.173,60.503],[-1.19,60.544],[-1.185,60.57],[-1.204,60.606],[-1.189,60.634],[-1.141,60.657],[-1.125,60.728],[-1.014,60.727],[-0.987,60.67],[-1.018,60.639],[-1.028,60.588],[-1.004,60.579],[-1.042,60.496],[-1.069,60.488],[-1.114,60.501]]],[[[-3.08,58.827],[-3.17,58.782],[-3.191,58.778],[-3.25,58.799],[-3.291,58.778],[-3.33,58.818],[-3.367,58.837],[-3.374,58.864],[-3.433,58.876],[-3.401,58.921],[-3.313,58.937],[-3.28,58.924],[-3.28,58.902],[-3.17,58.858],[-3.154,58.828],[-3.117,58.845],[-3.08,58.827]]],[[[-0.818,60.737],[-0.866,60.703],[-0.872,60.68],[-0.91,60.689],[-0.94,60.675],[-0.977,60.688],[-0.959,60.743],[-0.934,60.781],[-0.951,60.795],[-0.87,60.843],[-0.785,60.83],[-0.799,60.811],[-0.78,60.783],[-0.814,60.785],[-0.818,60.737]]],[[[-6.434,57.008],[-6.343,57.056],[-6.253,57.023],[-6.275,56.955],[-6.316,56.936],[-6.369,56.955],[-6.434,57.008]]],[[[-6.613,56.636],[-6.528,56.677],[-6.45,56.692],[-6.457,56.669],[-6.5,56.621],[-6.57,56.587],[-6.629,56.576],[-6.66,56.59],[-6.613,56.636]]],[[[-6.894,56.446],[-6.93,56.445],[-6.967,56.461],[-6.996,56.504],[-6.948,56.528],[-6.885,56.519],[-6.871,56.533],[-6.809,56.542],[-6.816,56.489],[-6.877,56.488],[-6.894,56.446]]],[[[-7.557,56.932],[-7.562,56.956],[-7.503,57.013],[-7.426,57.047],[-7.408,56.977],[-7.432,56.954],[-7.491,56.955],[-7.557,56.932]]],[[[-3.118,59.173],[-3.076,59.2],[-3.048,59.183],[-2.966,59.179],[-2.978,59.162],[-2.951,59.119],[-3.007,59.113],[-3.111,59.154],[-3.118,59.173]]],[[[-6.282,56.033],[-6.256,56.05],[-6.244,56.086],[-6.153,56.132],[-6.137,56.119],[-6.193,56.062],[-6.188,56.043],[-6.225,55.999],[-6.277,56.0],[-6.282,56.033]]],[[[-0.822,60.608],[-0.782,60.605],[-0.798,60.568],[-0.83,60.587],[-0.874,60.589],[-0.88,60.564],[-0.911,60.571],[-0.952,60.613],[-0.915,60.644],[-0.89,60.627],[-0.833,60.63],[-0.822,60.608]]],[[[-2.985,59.26],[-3.025,59.278],[-3.036,59.32],[-2.975,59.346],[-2.958,59.31],[-2.901,59.301],[-2.904,59.272],[-2.928,59.285],[-2.985,59.26]]],[[[-2.508,59.242],[-2.591,59.218],[-2.627,59.245],[-2.597,59.271],[-2.604,59.286],[-2.553,59.3],[-2.538,59.269],[-2.494,59.272],[-2.508,59.242]]],[[[-6.202,58.249],[-6.152,58.257],[-6.16,58.214],[-6.256,58.179],[-6.281,58.203],[-6.202,58.249]]],[[[-6.213,56.908],[-6.161,56.916],[-6.137,56.948],[-6.108,56.926],[-6.121,56.866],[-6.215,56.888],[-6.213,56.908]]],[[[-2.78,59.19],[-2.789,59.234],[-2.758,59.249],[-2.717,59.232],[-2.755,59.195],[-2.758,59.148],[-2.789,59.141],[-2.811,59.175],[-2.78,59.19]]],[[[-2.903,59.072],[-2.857,59.057],[-2.839,59.077],[-2.805,59.069],[-2.829,59.02],[-2.933,59.035],[-2.903,59.072]]],[[[-6.35,49.924],[-6.378,49.946],[-6.361,49.968],[-6.262,49.968],[-6.284,49.909],[-6.33,49.936],[-6.35,49.924]]],[[[-2.661,59.151],[-2.648,59.172],[-2.603,59.143],[-2.604,59.122],[-2.559,59.12],[-2.541,59.091],[-2.602,59.071],[-2.625,59.126],[-2.661,59.151]]],[[[-5.569,56.471],[-5.592,56.492],[-5.54,56.505],[-5.48,56.545],[-5.461,56.52],[-5.486,56.519],[-5.51,56.478],[-5.537,56.486],[-5.569,56.471]]],[[[-0.955,60.381],[-0.945,60.355],[-1.002,60.327],[-1.024,60.355],[-0.955,60.381]]],[[[-2.702,59.219],[-2.648,59.249],[-2.639,59.23],[-2.699,59.18],[-2.709,59.201],[-2.702,59.219]]],[[[-2.05,60.161],[-2.034,60.142],[-2.063,60.105],[-2.109,60.133],[-2.05,60.161]]],[[[-7.529,56.913],[-7.486,56.906],[-7.471,56.885],[-7.522,56.87],[-7.548,56.895],[-7.529,56.913]]],[[[-8.61,57.84],[-8.566,57.837],[-8.559,57.786],[-8.619,57.814],[-8.61,57.84]]],[[[-2.447,50.579],[-2.406,50.552],[-2.441,50.513],[-2.465,50.522],[-2.447,50.579]]],[[[-6.162,59.124],[-6.13,59.119],[-6.138,59.075],[-6.195,59.085],[-6.162,59.124]]],[[[-1.04,60.163],[-1.0,60.166],[-0.989,60.135],[-1.032,60.116],[-1.048,60.139],[-1.04,60.163]]],[[[-2.89,59.39],[-2.859,59.349],[-2.885,59.32],[-2.916,59.347],[-2.89,59.39]]],[[[-1.643,59.557],[-1.596,59.554],[-1.606,59.521],[-1.651,59.51],[-1.655,59.529],[-1.643,59.557]]],[[[-2.434,59.383],[-2.404,59.386],[-2.389,59.351],[-2.423,59.341],[-2.46,59.354],[-2.434,59.383]]],[[[-7.247,57.795],[-7.197,57.782],[-7.216,57.75],[-7.28,57.773],[-7.247,57.795]]],[[[-6.992,57.928],[-6.979,57.905],[-7.014,57.875],[-7.056,57.903],[-6.992,57.928]]],[[[-2.85,59.283],[-2.815,59.24],[-2.873,59.236],[-2.893,59.254],[-2.85,59.283]]],[[[-6.662,56.991],[-6.651,56.953],[-6.703,56.946],[-6.713,56.983],[-6.662,56.991]]],[[[-6.753,56.569],[-6.727,56.533],[-6.752,56.504],[-6.79,56.533],[-6.753,56.569]]],[[[-2.453,59.316],[-2.409,59.326],[-2.42,59.265],[-2.465,59.291],[-2.453,59.316]]],[[[-6.264,55.329],[-6.23,55.321],[-6.223,55.29],[-6.274,55.28],[-6.282,55.301],[-6.264,55.329]]],[[[-4.93,55.799],[-4.887,55.803],[-4.88,55.761],[-4.942,55.765],[-4.93,55.799]]],[[[-5.734,55.708],[-5.719,55.685],[-5.744,55.63],[-5.771,55.68],[-5.734,55.708]]],[[[-6.197,55.313],[-6.155,55.309],[-6.194,55.242],[-6.21,55.273],[-6.197,55.313]]],[[[-6.397,56.359],[-6.375,56.339],[-6.407,56.303],[-6.447,56.334],[-6.397,56.359]]],[[[-4.983,55.725],[-4.931,55.751],[-4.933,55.69],[-4.981,55.708],[-4.983,55.725]]],[[[-1.741,60.358],[-1.686,60.344],[-1.716,60.303],[-1.758,60.341],[-1.741,60.358]]],[[[-7.67,56.829],[-7.632,56.834],[-7.607,56.8],[-7.658,56.787],[-7.67,56.802],[-7.67,56.829]]],[[[-2.928,59.182],[-2.897,59.169],[-2.917,59.114],[-2.954,59.159],[-2.928,59.182]]],[[[-2.665,59.119],[-2.634,59.087],[-2.643,59.07],[-2.686,59.068],[-2.7,59.084],[-2.665,59.119]]],[[[-6.682,56.603],[-6.668,56.554],[-6.701,56.549],[-6.734,56.58],[-6.682,56.603]]]]}},{"type":"Feature","properties":{"iso":"XH","name":"Jammu Kashmir"},"geometry":{"type":"Polygon","coordinates":[[[78.685,34.528],[79.026,34.334],[78.918,34.159],[78.658,34.056],[78.763,33.873],[78.692,33.652],[79.147,33.188],[79.292,32.734],[79.254,32.523],[78.966,32.344],[78.797,32.458],[78.732,32.696],[78.296,32.457],[78.397,32.618],[78.351,32.741],[78.0,32.628],[77.76,32.974],[77.322,32.833],[77.03,32.952],[76.81,33.147],[76.494,33.169],[76.006,32.889],[75.854,32.88],[75.921,32.616],[75.51,32.27],[75.072,32.474],[74.705,32.501],[74.672,32.809],[74.364,32.783],[73.651,33.095],[73.434,34.498],[73.634,34.585],[73.74,34.776],[73.986,34.88],[74.101,35.128],[73.732,35.242],[73.773,35.511],[73.28,35.621],[73.084,35.85],[72.566,35.865],[72.557,36.218],[73.026,36.54],[73.075,36.683],[73.838,36.724],[73.639,36.903],[73.851,36.917],[74.043,36.831],[74.695,37.079],[74.835,37.05],[74.906,36.944],[75.038,37.011],[75.387,36.957],[75.452,36.735],[75.734,36.742],[75.921,36.615],[76.05,36.241],[75.941,36.1],[76.097,36.011],[76.162,35.832],[76.559,35.912],[76.584,35.788],[76.761,35.666],[77.184,35.527],[77.436,35.465],[78.124,35.489],[78.016,35.245],[78.295,34.622],[78.685,34.528]]]}},{"type":"Feature","properties":{"iso":"XU","name":"Abyei"},"geometry":{"type":"Polygon","coordinates":[[[27.815,9.801],[27.815,10.143],[28.975,10.118],[28.977,9.641],[28.75,9.351],[28.034,9.362],[27.815,9.801]]]}},{"type":"Feature","properties":{"iso":"VE","name":"Venezuela"},"geometry":{"type":"MultiPolygon","coordinates":[[[[-68.272,10.884],[-68.262,10.643],[-68.051,10.483],[-66.25,10.63],[-65.817,10.285],[-65.063,10.08],[-64.773,10.118],[-64.198,10.45],[-63.775,10.485],[-63.942,10.566],[-64.214,10.549],[-64.213,10.637],[-62.708,10.746],[-61.989,10.697],[-62.82,10.495],[-62.348,9.868],[-62.15,9.97],[-61.813,9.802],[-61.565,9.85],[-60.886,9.447],[-60.797,9.302],[-60.85,9.229],[-60.78,9.162],[-60.803,8.909],[-60.664,8.687],[-60.755,8.597],[-60.512,8.548],[-60.242,8.619],[-59.994,8.533],[-59.831,8.326],[-60.038,8.036],[-60.52,7.823],[-60.706,7.533],[-60.596,7.344],[-60.605,7.198],[-60.29,7.118],[-60.376,6.963],[-60.713,6.781],[-60.887,6.821],[-61.149,6.706],[-61.209,6.564],[-61.121,6.215],[-61.385,5.964],[-60.658,5.153],[-60.594,4.928],[-60.9,4.703],[-60.992,4.529],[-61.308,4.529],[-61.338,4.43],[-61.504,4.404],[-61.555,4.263],[-61.745,4.257],[-61.937,4.14],[-62.15,4.089],[-62.455,4.169],[-62.555,4.031],[-62.747,4.021],[-62.74,3.698],[-62.836,3.727],[-62.967,3.617],[-63.351,3.96],[-63.498,3.865],[-63.651,3.95],[-64.006,3.89],[-64.145,4.114],[-64.567,4.125],[-64.665,4.248],[-64.795,4.266],[-64.531,3.863],[-64.196,3.59],[-64.213,3.133],[-63.992,2.726],[-64.037,2.485],[-63.368,2.416],[-63.36,2.276],[-63.404,2.156],[-64.004,1.969],[-64.093,1.62],[-64.344,1.376],[-64.403,1.505],[-64.705,1.263],[-65.114,1.135],[-65.185,0.937],[-65.324,0.907],[-65.512,0.658],[-65.579,0.729],[-65.509,0.895],[-65.59,0.997],[-65.734,0.997],[-66.112,0.746],[-66.302,0.749],[-66.87,1.226],[-67.2,2.384],[-67.618,2.797],[-67.848,2.822],[-67.316,3.404],[-67.488,3.714],[-67.625,3.794],[-67.867,4.548],[-67.838,5.297],[-67.644,5.498],[-67.613,5.785],[-67.442,5.989],[-67.5,6.201],[-67.812,6.294],[-68.329,6.173],[-69.04,6.203],[-69.231,6.1],[-69.437,6.131],[-70.079,6.975],[-70.311,6.943],[-70.709,7.087],[-70.99,6.985],[-72.005,7.019],[-72.207,7.368],[-72.465,7.474],[-72.469,7.935],[-72.355,8.056],[-72.385,8.31],[-72.647,8.632],[-72.769,9.081],[-72.94,9.116],[-73.018,9.276],[-73.354,9.196],[-72.966,9.832],[-72.878,10.456],[-72.648,10.859],[-72.479,11.086],[-72.23,11.174],[-71.953,11.646],[-71.324,11.846],[-71.454,11.733],[-71.816,11.63],[-71.95,11.496],[-71.877,11.241],[-71.686,11.03],[-71.728,10.945],[-71.61,10.628],[-71.659,10.445],[-71.983,10.069],[-72.093,9.801],[-71.95,9.52],[-71.767,9.36],[-71.738,9.15],[-71.533,9.052],[-71.35,9.104],[-71.07,9.398],[-71.072,9.785],[-71.514,10.552],[-71.54,10.746],[-71.449,10.924],[-70.012,11.492],[-69.785,11.468],[-69.832,11.656],[-70.136,11.624],[-70.23,11.714],[-70.249,11.979],[-69.997,12.169],[-69.871,12.074],[-69.631,11.508],[-68.862,11.43],[-68.433,11.182],[-68.272,10.884]]],[[[-63.887,11.165],[-63.788,11.011],[-64.038,10.873],[-64.139,10.964],[-63.887,11.165]]]]}},{"type":"Feature","properties":{"iso":"VN","name":"Viet nam"},"geometry":{"type":"MultiPolygon","coordinates":[[[[106.531,22.933],[106.81,22.812],[106.57,22.443],[106.683,22.27],[106.707,22.0],[107.017,21.929],[107.056,21.822],[107.378,21.625],[107.815,21.644],[108.024,21.549],[107.486,21.271],[107.526,21.18],[107.401,21.065],[106.918,20.91],[106.615,20.569],[106.532,20.274],[105.969,19.899],[105.646,18.94],[105.948,18.439],[106.44,18.054],[106.474,17.764],[106.667,17.448],[107.477,16.63],[107.837,16.412],[107.828,16.316],[107.987,16.318],[108.171,16.113],[108.28,16.116],[108.295,15.982],[108.586,15.566],[108.883,15.299],[109.278,13.897],[109.247,13.393],[109.429,12.898],[109.218,12.631],[109.302,12.409],[109.178,12.407],[109.254,11.919],[109.144,11.883],[109.194,11.697],[108.973,11.357],[108.301,10.949],[108.105,10.906],[107.975,10.718],[107.304,10.417],[107.107,10.357],[107.026,10.472],[106.92,10.4],[106.777,10.441],[106.765,10.117],[106.636,9.981],[106.507,9.588],[106.289,9.55],[106.115,9.341],[105.511,9.067],[105.145,8.679],[104.874,8.589],[104.779,8.643],[104.85,9.614],[104.907,9.815],[105.064,9.977],[104.774,10.194],[104.611,10.186],[104.439,10.425],[104.89,10.55],[105.074,10.721],[105.101,10.946],[105.33,10.878],[105.756,11.018],[105.88,10.86],[106.177,10.802],[106.186,11.044],[105.884,11.289],[105.839,11.633],[106.066,11.765],[106.421,11.686],[106.446,11.971],[106.691,11.973],[106.995,12.099],[107.192,12.288],[107.422,12.264],[107.541,12.365],[107.578,12.628],[107.493,12.962],[107.626,13.471],[107.348,14.115],[107.556,14.687],[107.516,14.795],[107.579,14.878],[107.477,15.004],[107.582,15.042],[107.589,15.255],[107.691,15.321],[107.386,15.513],[107.224,15.77],[107.425,15.928],[107.446,16.12],[107.175,16.161],[107.133,16.275],[106.897,16.403],[106.857,16.537],[106.756,16.425],[106.69,16.449],[106.576,16.631],[106.544,16.973],[106.424,17.017],[106.299,17.283],[106.086,17.363],[105.756,17.68],[105.49,18.183],[105.346,18.181],[105.112,18.441],[105.154,18.67],[104.729,18.811],[104.185,19.193],[103.89,19.31],[104.111,19.502],[104.046,19.686],[104.634,19.631],[104.831,19.805],[104.798,19.916],[104.968,20.015],[104.925,20.147],[104.681,20.224],[104.772,20.288],[104.749,20.383],[104.451,20.438],[104.584,20.538],[104.544,20.669],[104.198,20.949],[104.088,20.966],[103.761,20.778],[103.126,20.887],[102.821,21.268],[102.989,21.557],[102.947,21.763],[102.627,21.871],[102.144,22.401],[102.493,22.765],[103.023,22.45],[103.345,22.796],[103.52,22.616],[103.657,22.774],[103.977,22.525],[104.12,22.799],[104.249,22.825],[104.374,22.702],[104.564,22.837],[104.725,22.837],[104.843,22.942],[104.882,23.163],[105.326,23.369],[105.589,23.082],[105.874,22.939],[106.129,22.99],[106.308,22.879],[106.531,22.933]]],[[[104.077,10.355],[104.01,10.014],[103.841,10.359],[103.994,10.442],[104.077,10.355]]]]}},{"type":"Feature","properties":{"iso":"XC","name":"Aksai Chin"},"geometry":{"type":"Polygon","coordinates":[[[78.658,34.056],[78.918,34.159],[79.026,34.334],[78.685,34.528],[78.295,34.622],[78.016,35.245],[78.124,35.489],[77.924,35.494],[78.772,35.936],[79.389,35.974],[79.702,35.669],[79.933,35.578],[80.026,35.425],[80.209,35.547],[80.335,35.458],[80.178,34.871],[80.049,34.674],[79.892,34.64],[79.706,34.433],[79.532,34.451],[79.565,34.272],[79.404,34.014],[78.92,34.003],[79.077,33.645],[78.91,33.586],[78.948,33.379],[78.692,33.652],[78.763,33.873],[78.658,34.056]]]}},{"type":"Feature","properties":{"iso":"XD","name":"Arunachal Pradesh"},"geometry":{"type":"Polygon","coordinates":[[[97.269,27.901],[97.058,27.744],[96.454,28.14],[95.821,28.29],[95.425,28.155],[95.259,27.933],[94.889,27.752],[94.258,27.565],[93.779,27.02],[93.132,26.889],[92.621,26.951],[92.108,26.858],[92.03,27.1],[92.114,27.284],[92.067,27.387],[92.007,27.471],[91.595,27.537],[91.57,27.64],[91.642,27.758],[91.988,27.728],[92.248,27.863],[92.324,27.808],[92.547,27.862],[92.715,27.968],[92.71,28.134],[93.222,28.369],[93.307,28.637],[93.925,28.772],[94.051,28.971],[94.638,29.297],[94.815,29.174],[95.256,29.084],[95.719,29.218],[95.766,29.315],[96.081,29.447],[96.249,29.244],[96.387,29.257],[96.153,29.076],[96.166,28.924],[96.502,29.065],[96.615,28.777],[96.348,28.538],[96.309,28.4],[96.412,28.349],[96.628,28.454],[96.991,28.324],[97.124,28.366],[97.347,28.208],[97.315,28.078],[97.4,28.019],[97.378,27.893],[97.269,27.901]]]}},{"type":"Feature","properties":{"iso":"XE","name":"China/India"},"geometry":{"type":"MultiPolygon","coordinates":[[[[79.147,33.188],[79.402,33.175],[79.357,32.981],[79.559,32.684],[79.315,32.495],[79.254,32.523],[79.292,32.734],[79.147,33.188]]],[[[79.024,31.418],[79.219,31.329],[79.422,31.064],[79.311,30.966],[79.014,31.05],[78.888,31.272],[79.024,31.418]]],[[[80.24,30.754],[80.218,30.583],[80.071,30.713],[79.953,30.874],[80.24,30.754]]]]}},{"type":"Feature","properties":{"iso":"XF","name":"Hala'Ib Triangle"},"geometry":{"type":"Polygon","coordinates":[[[34.952,22.847],[35.206,22.793],[35.622,23.146],[35.687,22.943],[35.905,22.722],[36.231,22.624],[36.882,22.005],[34.087,22.003],[34.171,22.204],[34.693,22.307],[34.952,22.847]]]}},{"type":"Feature","properties":{"iso":"XG","name":"Ilemi Triangle"},"geometry":{"type":"Polygon","coordinates":[[[35.322,4.914],[35.468,4.903],[35.428,4.769],[35.509,4.62],[34.378,4.62],[34.504,4.738],[35.318,5.017],[35.322,4.914]]]}},{"type":"Feature","properties":{"iso":"US","name":"United States"},"geometry":{"type":"MultiPolygon","coordinates":[[[[-93.753,48.525],[-93.289,48.639],[-92.954,48.624],[-92.657,48.537],[-92.687,48.463],[-92.502,48.43],[-92.37,48.245],[-92.277,48.347],[-92.077,48.353],[-91.54,48.064],[-90.882,48.23],[-90.714,48.1],[-90.146,48.107],[-89.896,48.002],[-89.355,47.982],[-88.696,48.235],[-88.343,48.289],[-84.949,46.923],[-84.564,46.479],[-84.139,46.507],[-84.102,46.253],[-83.961,46.086],[-83.534,46.067],[-83.464,45.986],[-83.54,45.8],[-82.539,45.332],[-82.136,43.595],[-82.551,42.589],[-82.831,42.378],[-83.071,42.309],[-83.143,42.034],[-83.069,41.872],[-82.675,41.679],[-82.389,41.683],[-81.24,42.207],[-80.07,42.398],[-78.944,42.847],[-79.157,43.463],[-78.666,43.629],[-76.811,43.639],[-76.327,44.178],[-74.979,44.976],[-71.569,45.002],[-71.311,45.283],[-70.987,45.333],[-70.859,45.252],[-70.79,45.406],[-70.646,45.402],[-70.679,45.555],[-70.262,45.92],[-70.282,46.214],[-70.062,46.439],[-69.975,46.704],[-69.211,47.449],[-69.064,47.418],[-69.038,47.263],[-68.916,47.195],[-68.273,47.358],[-67.809,47.066],[-67.802,45.713],[-67.438,45.578],[-67.462,45.268],[-67.354,45.147],[-67.132,45.129],[-66.988,44.911],[-67.104,44.887],[-66.989,44.809],[-67.292,44.601],[-67.327,44.699],[-67.396,44.601],[-67.805,44.55],[-68.044,44.38],[-68.236,44.473],[-68.242,44.271],[-68.34,44.25],[-68.448,44.433],[-68.653,44.165],[-68.813,44.456],[-68.927,44.434],[-69.088,44.048],[-69.202,43.956],[-69.692,43.864],[-69.791,43.765],[-70.093,43.796],[-70.187,43.718],[-70.584,43.244],[-70.806,42.849],[-70.69,42.636],[-70.981,42.34],[-70.746,42.194],[-70.475,41.793],[-70.233,41.738],[-70.017,41.916],[-70.001,41.694],[-70.562,41.567],[-70.727,41.684],[-71.122,41.5],[-71.299,41.515],[-71.262,41.67],[-71.353,41.714],[-71.545,41.385],[-72.908,41.259],[-73.626,40.992],[-73.746,40.849],[-72.401,41.085],[-72.193,40.997],[-73.35,40.628],[-74.086,40.618],[-74.198,40.492],[-74.001,40.312],[-74.185,39.745],[-74.868,38.993],[-74.942,39.156],[-75.405,39.39],[-75.557,39.59],[-75.364,39.038],[-75.124,38.76],[-75.098,38.46],[-75.392,37.917],[-75.952,37.221],[-75.94,37.499],[-75.712,37.921],[-75.84,37.989],[-75.967,38.279],[-76.257,38.41],[-76.238,38.653],[-76.305,38.746],[-76.228,38.847],[-76.303,38.969],[-76.231,39.195],[-76.008,39.507],[-76.494,39.207],[-76.527,38.671],[-76.378,38.134],[-76.848,38.281],[-77.028,38.415],[-77.203,38.411],[-77.255,38.528],[-77.26,38.383],[-77.059,38.348],[-76.299,37.863],[-76.293,37.4],[-76.439,37.274],[-76.337,37.048],[-76.445,37.028],[-76.849,37.231],[-76.456,36.917],[-76.037,36.886],[-75.946,36.722],[-75.942,36.598],[-75.896,36.517],[-75.989,36.468],[-75.883,36.157],[-76.324,36.132],[-76.612,35.982],[-76.094,35.96],[-76.014,35.812],[-75.83,35.924],[-75.754,35.813],[-75.776,35.656],[-76.148,35.373],[-76.457,35.36],[-76.556,35.093],[-76.35,34.935],[-76.491,34.789],[-77.093,34.668],[-77.543,34.443],[-77.996,33.899],[-78.304,33.894],[-78.772,33.748],[-79.048,33.502],[-79.318,33.084],[-80.022,32.621],[-80.408,32.479],[-80.511,32.33],[-81.156,31.91],[-81.184,31.554],[-81.33,31.233],[-81.524,31.093],[-81.541,30.815],[-81.457,30.762],[-81.206,29.68],[-80.577,28.54],[-80.563,28.138],[-80.049,26.807],[-80.128,25.897],[-80.408,25.177],[-81.083,25.169],[-81.28,25.635],[-81.714,25.949],[-81.888,26.368],[-82.128,26.606],[-82.082,26.898],[-82.301,26.88],[-82.609,27.405],[-82.448,27.858],[-82.644,27.965],[-82.677,27.767],[-82.803,27.853],[-82.667,28.582],[-82.76,29.025],[-83.066,29.228],[-83.7,29.91],[-83.966,30.058],[-84.25,30.072],[-84.436,29.914],[-85.191,29.67],[-85.545,30.012],[-86.009,30.262],[-86.743,30.382],[-87.717,30.268],[-88.006,30.636],[-88.172,30.362],[-88.863,30.385],[-89.228,30.318],[-89.813,30.015],[-89.65,29.88],[-89.5,30.025],[-89.419,29.986],[-89.391,29.81],[-89.625,29.732],[-89.689,29.58],[-89.524,29.397],[-89.173,29.29],[-89.073,29.161],[-89.159,29.07],[-89.312,29.279],[-90.144,29.545],[-90.221,29.296],[-90.446,29.446],[-90.7,29.235],[-90.87,29.276],[-90.93,29.377],[-91.031,29.347],[-91.018,29.23],[-91.202,29.233],[-91.284,29.287],[-91.146,29.289],[-91.206,29.4],[-91.876,29.811],[-92.151,29.75],[-92.088,29.596],[-92.307,29.541],[-93.233,29.771],[-94.054,29.666],[-94.456,29.531],[-94.735,29.55],[-94.743,29.76],[-94.974,29.69],[-94.912,29.333],[-95.145,29.17],[-95.132,29.068],[-95.319,28.926],[-95.947,28.618],[-96.192,28.605],[-96.206,28.693],[-96.398,28.702],[-96.472,28.623],[-96.628,28.709],[-96.439,28.434],[-96.641,28.332],[-96.815,28.412],[-96.803,28.251],[-96.879,28.164],[-97.177,28.129],[-97.177,28.065],[-97.063,28.041],[-97.178,27.848],[-97.442,27.852],[-97.268,27.649],[-97.432,27.339],[-97.67,27.317],[-97.442,27.222],[-97.548,26.862],[-97.288,26.132],[-97.146,25.956],[-97.416,25.85],[-97.683,26.024],[-98.218,26.066],[-99.092,26.423],[-99.243,26.79],[-99.441,27.028],[-99.531,27.572],[-99.838,27.767],[-100.055,28.105],[-100.269,28.265],[-100.799,29.234],[-101.456,29.765],[-102.314,29.861],[-102.672,29.719],[-102.886,29.226],[-103.12,29.001],[-103.259,28.991],[-104.077,29.347],[-104.488,29.63],[-104.92,30.585],[-106.207,31.489],[-106.413,31.736],[-108.149,31.779],[-108.256,31.333],[-110.0,31.332],[-110.0,48.999],[-95.235,48.997],[-95.169,49.031],[-95.122,49.373],[-94.849,49.309],[-94.687,48.799],[-94.568,48.719],[-93.866,48.63],[-93.753,48.525]]],[[[-96.433,28.371],[-97.052,27.871],[-97.171,27.733],[-96.917,28.09],[-96.433,28.371]]]]}},{"type":"Feature","properties":{"iso":"UZ","name":"Uzbekistan"},"geometry":{"type":"Polygon","coordinates":[[[65.128,43.758],[65.643,43.299],[65.825,42.905],[66.088,42.921],[66.019,41.983],[66.521,41.862],[66.634,41.266],[67.918,41.178],[68.125,41.022],[68.06,40.803],[68.478,40.608],[68.625,40.641],[68.61,40.907],[69.168,41.421],[70.044,41.781],[70.412,42.103],[70.616,42.023],[70.94,42.259],[71.124,42.274],[71.25,42.175],[70.868,42.038],[70.843,41.938],[70.673,41.899],[70.19,41.528],[70.5,41.402],[70.702,41.461],[70.797,41.187],[71.245,41.182],[71.291,41.116],[71.433,41.132],[71.461,41.291],[71.61,41.328],[71.634,41.504],[71.711,41.548],[71.714,41.418],[71.789,41.449],[71.921,41.313],[71.889,41.18],[72.177,41.154],[72.195,41.015],[72.364,41.058],[72.664,40.862],[73.123,40.83],[72.63,40.528],[72.388,40.611],[72.417,40.424],[72.215,40.496],[72.11,40.454],[71.966,40.244],[71.741,40.157],[71.653,40.247],[71.581,40.196],[71.24,40.329],[70.647,40.189],[70.381,40.418],[70.742,40.712],[70.452,41.013],[70.302,40.875],[69.739,40.655],[69.401,40.748],[69.266,40.527],[69.271,40.227],[68.646,40.138],[68.971,40.103],[68.837,40.051],[68.861,39.927],[68.661,39.823],[68.52,39.567],[67.734,39.639],[67.481,39.526],[67.456,39.223],[67.731,39.022],[68.039,39.014],[68.161,38.935],[68.089,38.533],[68.379,38.176],[68.285,37.956],[67.882,37.551],[67.779,37.18],[67.508,37.275],[67.266,37.192],[66.956,37.392],[66.554,37.355],[66.608,37.476],[66.548,37.726],[66.646,37.934],[66.598,37.999],[65.965,38.249],[65.436,38.346],[64.365,38.951],[64.075,39.017],[62.553,39.918],[62.424,40.064],[62.34,40.41],[62.114,40.612],[61.844,41.126],[61.51,41.275],[61.295,41.159],[60.386,41.269],[60.12,41.443],[60.091,41.766],[60.208,41.811],[59.991,41.974],[59.995,42.207],[59.831,42.288],[59.426,42.296],[59.205,42.502],[58.968,42.538],[58.652,42.761],[58.545,42.667],[58.194,42.638],[58.326,42.452],[57.983,42.47],[57.835,42.197],[57.339,42.135],[57.025,41.888],[56.983,41.657],[57.112,41.361],[57.052,41.296],[56.001,41.318],[56.014,44.988],[58.582,45.582],[61.109,44.27],[62.028,43.497],[63.38,43.67],[64.51,43.604],[65.128,43.758]],[[70.642,40.946],[70.591,41.038],[70.567,41.026],[70.642,40.946]]]}},{"type":"Feature","properties":{"iso":"VA","name":"Vatican City"},"geometry":{"type":"Polygon","coordinates":[[[12.486,41.891],[12.422,41.886],[12.408,41.894],[12.443,41.922],[12.471,41.929],[12.486,41.891]]]}}]}